split,label_text,new_file_path,binary_label,shape
train,AMD,/media/miglab/DATA_20TB1/OCT/archive/RetinalOCT_Dataset/RetinalOCT_Dataset/train/AMD/amd_train_1785.jpg,1,512x1000
train,AMD,/media/miglab/DATA_20TB1/OCT/archive/RetinalOCT_Dataset/RetinalOCT_Dataset/train/AMD/amd_train_1991.jpg,1,512x1000
train,AMD,/media/miglab/DATA_20TB1/OCT/archive/RetinalOCT_Dataset/RetinalOCT_Dataset/train/AMD/amd_train_1799.jpg,1,512x1000
train,AMD,/media/miglab/DATA_20TB1/OCT/archive/RetinalOCT_Dataset/RetinalOCT_Dataset/train/AMD/amd_train_2669.jpg,1,512x1000
val,AMD,/media/miglab/DATA_20TB1/OCT/archive/RetinalOCT_Dataset/RetinalOCT_Dataset/val/AMD/amd_val_1208.jpg,1,512x1000
train,AMD,/media/miglab/DATA_20TB1/OCT/archive/RetinalOCT_Dataset/RetinalOCT_Dataset/train/AMD/amd_train_3011.jpg,1,512x1000
train,AMD,/media/miglab/DATA_20TB1/OCT/archive/RetinalOCT_Dataset/RetinalOCT_Dataset/train/AMD/amd_train_2488.jpg,1,512x1000
train,AMD,/media/miglab/DATA_20TB1/OCT/archive/RetinalOCT_Dataset/RetinalOCT_Dataset/train/AMD/amd_train_1417.jpg,1,512x1000
train,AMD,/media/miglab/DATA_20TB1/OCT/archive/RetinalOCT_Dataset/RetinalOCT_Dataset/train/AMD/amd_train_2814.jpg,1,512x1000
val,AMD,/media/miglab/DATA_20TB1/OCT/archive/RetinalOCT_Dataset/RetinalOCT_Dataset/val/AMD/amd_val_1092.jpg,1,512x1000
train,AMD,/media/miglab/DATA_20TB1/OCT/archive/RetinalOCT_Dataset/RetinalOCT_Dataset/train/AMD/amd_train_1588.jpg,1,512x1000
train,AMD,/media/miglab/DATA_20TB1/OCT/archive/RetinalOCT_Dataset/RetinalOCT_Dataset/train/AMD/amd_train_2420.jpg,1,512x1000
train,AMD,/media/miglab/DATA_20TB1/OCT/archive/RetinalOCT_Dataset/RetinalOCT_Dataset/train/AMD/amd_train_1587.jpg,1,512x1000
train,AMD,/media/miglab/DATA_20TB1/OCT/archive/RetinalOCT_Dataset/RetinalOCT_Dataset/train/AMD/amd_train_1748.jpg,1,512x1000
test,AMD,/media/miglab/DATA_20TB1/OCT/archive/RetinalOCT_Dataset/RetinalOCT_Dataset/test/AMD/amd_test_1174.jpg,1,512x1000
train,AMD,/media/miglab/DATA_20TB1/OCT/archive/RetinalOCT_Dataset/RetinalOCT_Dataset/train/AMD/amd_train_1367.jpg,1,512x1000
train,AMD,/media/miglab/DATA_20TB1/OCT/archive/RetinalOCT_Dataset/RetinalOCT_Dataset/train/AMD/amd_train_1699.jpg,1,512x1000
train,AMD,/media/miglab/DATA_20TB1/OCT/archive/RetinalOCT_Dataset/RetinalOCT_Dataset/train/AMD/amd_train_1206.jpg,1,512x1000
test,AMD,/media/miglab/DATA_20TB1/OCT/archive/RetinalOCT_Dataset/RetinalOCT_Dataset/test/AMD/amd_test_1129.jpg,1,512x1000
val,AMD,/media/miglab/DATA_20TB1/OCT/archive/RetinalOCT_Dataset/RetinalOCT_Dataset/val/AMD/amd_val_1165.jpg,1,512x1000
train,AMD,/media/miglab/DATA_20TB1/OCT/archive/RetinalOCT_Dataset/RetinalOCT_Dataset/train/AMD/amd_train_2409.jpg,1,512x1000
train,AMD,/media/miglab/DATA_20TB1/OCT/archive/RetinalOCT_Dataset/RetinalOCT_Dataset/train/AMD/amd_train_1049.jpg,1,512x1000
train,AMD,/media/miglab/DATA_20TB1/OCT/archive/RetinalOCT_Dataset/RetinalOCT_Dataset/train/AMD/amd_train_2363.jpg,1,512x1000
train,AMD,/media/miglab/DATA_20TB1/OCT/archive/RetinalOCT_Dataset/RetinalOCT_Dataset/train/AMD/amd_train_1724.jpg,1,512x1000
train,AMD,/media/miglab/DATA_20TB1/OCT/archive/RetinalOCT_Dataset/RetinalOCT_Dataset/train/AMD/amd_train_3155.jpg,1,512x1000
test,AMD,/media/miglab/DATA_20TB1/OCT/archive/RetinalOCT_Dataset/RetinalOCT_Dataset/test/AMD/amd_test_1188.jpg,1,512x1000
val,AMD,/media/miglab/DATA_20TB1/OCT/archive/RetinalOCT_Dataset/RetinalOCT_Dataset/val/AMD/amd_val_1191.jpg,1,512x1000
train,AMD,/media/miglab/DATA_20TB1/OCT/archive/RetinalOCT_Dataset/RetinalOCT_Dataset/train/AMD/amd_train_1473.jpg,1,512x1000
train,AMD,/media/miglab/DATA_20TB1/OCT/archive/RetinalOCT_Dataset/RetinalOCT_Dataset/train/AMD/amd_train_3038.jpg,1,512x1000
train,AMD,/media/miglab/DATA_20TB1/OCT/archive/RetinalOCT_Dataset/RetinalOCT_Dataset/train/AMD/amd_train_2558.jpg,1,512x1000
train,AMD,/media/miglab/DATA_20TB1/OCT/archive/RetinalOCT_Dataset/RetinalOCT_Dataset/train/AMD/amd_train_1611.jpg,1,512x1000
train,AMD,/media/miglab/DATA_20TB1/OCT/archive/RetinalOCT_Dataset/RetinalOCT_Dataset/train/AMD/amd_train_1888.jpg,1,512x1000
train,AMD,/media/miglab/DATA_20TB1/OCT/archive/RetinalOCT_Dataset/RetinalOCT_Dataset/train/AMD/amd_train_2415.jpg,1,512x1000
test,AMD,/media/miglab/DATA_20TB1/OCT/archive/RetinalOCT_Dataset/RetinalOCT_Dataset/test/AMD/amd_test_1338.jpg,1,512x1000
train,AMD,/media/miglab/DATA_20TB1/OCT/archive/RetinalOCT_Dataset/RetinalOCT_Dataset/train/AMD/amd_train_2984.jpg,1,512x1000
train,AMD,/media/miglab/DATA_20TB1/OCT/archive/RetinalOCT_Dataset/RetinalOCT_Dataset/train/AMD/amd_train_1804.jpg,1,512x1000
train,AMD,/media/miglab/DATA_20TB1/OCT/archive/RetinalOCT_Dataset/RetinalOCT_Dataset/train/AMD/amd_train_1373.jpg,1,512x1000
train,AMD,/media/miglab/DATA_20TB1/OCT/archive/RetinalOCT_Dataset/RetinalOCT_Dataset/train/AMD/amd_train_2295.jpg,1,512x1000
train,AMD,/media/miglab/DATA_20TB1/OCT/archive/RetinalOCT_Dataset/RetinalOCT_Dataset/train/AMD/amd_train_1899.jpg,1,512x1000
train,AMD,/media/miglab/DATA_20TB1/OCT/archive/RetinalOCT_Dataset/RetinalOCT_Dataset/train/AMD/amd_train_1167.jpg,1,512x1000
train,AMD,/media/miglab/DATA_20TB1/OCT/archive/RetinalOCT_Dataset/RetinalOCT_Dataset/train/AMD/amd_train_2854.jpg,1,512x1000
train,AMD,/media/miglab/DATA_20TB1/OCT/archive/RetinalOCT_Dataset/RetinalOCT_Dataset/train/AMD/amd_train_1813.jpg,1,512x1000
train,AMD,/media/miglab/DATA_20TB1/OCT/archive/RetinalOCT_Dataset/RetinalOCT_Dataset/train/AMD/amd_train_1490.jpg,1,512x1000
train,AMD,/media/miglab/DATA_20TB1/OCT/archive/RetinalOCT_Dataset/RetinalOCT_Dataset/train/AMD/amd_train_1861.jpg,1,512x1000
train,AMD,/media/miglab/DATA_20TB1/OCT/archive/RetinalOCT_Dataset/RetinalOCT_Dataset/train/AMD/amd_train_1363.jpg,1,512x1000
train,AMD,/media/miglab/DATA_20TB1/OCT/archive/RetinalOCT_Dataset/RetinalOCT_Dataset/train/AMD/amd_train_2785.jpg,1,512x1000
val,AMD,/media/miglab/DATA_20TB1/OCT/archive/RetinalOCT_Dataset/RetinalOCT_Dataset/val/AMD/amd_val_1205.jpg,1,512x1000
train,AMD,/media/miglab/DATA_20TB1/OCT/archive/RetinalOCT_Dataset/RetinalOCT_Dataset/train/AMD/amd_train_2972.jpg,1,512x1000
val,AMD,/media/miglab/DATA_20TB1/OCT/archive/RetinalOCT_Dataset/RetinalOCT_Dataset/val/AMD/amd_val_1217.jpg,1,512x1000
train,AMD,/media/miglab/DATA_20TB1/OCT/archive/RetinalOCT_Dataset/RetinalOCT_Dataset/train/AMD/amd_train_1060.jpg,1,512x1000
train,AMD,/media/miglab/DATA_20TB1/OCT/archive/RetinalOCT_Dataset/RetinalOCT_Dataset/train/AMD/amd_train_1750.jpg,1,512x1000
train,AMD,/media/miglab/DATA_20TB1/OCT/archive/RetinalOCT_Dataset/RetinalOCT_Dataset/train/AMD/amd_train_1942.jpg,1,512x1000
train,AMD,/media/miglab/DATA_20TB1/OCT/archive/RetinalOCT_Dataset/RetinalOCT_Dataset/train/AMD/amd_train_1832.jpg,1,512x1000
val,AMD,/media/miglab/DATA_20TB1/OCT/archive/RetinalOCT_Dataset/RetinalOCT_Dataset/val/AMD/amd_val_1233.jpg,1,512x1000
train,AMD,/media/miglab/DATA_20TB1/OCT/archive/RetinalOCT_Dataset/RetinalOCT_Dataset/train/AMD/amd_train_2758.jpg,1,512x1000
test,AMD,/media/miglab/DATA_20TB1/OCT/archive/RetinalOCT_Dataset/RetinalOCT_Dataset/test/AMD/amd_test_1154.jpg,1,512x1000
train,AMD,/media/miglab/DATA_20TB1/OCT/archive/RetinalOCT_Dataset/RetinalOCT_Dataset/train/AMD/amd_train_1905.jpg,1,512x1000
train,AMD,/media/miglab/DATA_20TB1/OCT/archive/RetinalOCT_Dataset/RetinalOCT_Dataset/train/AMD/amd_train_2792.jpg,1,512x1000
test,AMD,/media/miglab/DATA_20TB1/OCT/archive/RetinalOCT_Dataset/RetinalOCT_Dataset/test/AMD/amd_test_1126.jpg,1,512x1000
train,AMD,/media/miglab/DATA_20TB1/OCT/archive/RetinalOCT_Dataset/RetinalOCT_Dataset/train/AMD/amd_train_2118.jpg,1,512x1000
train,AMD,/media/miglab/DATA_20TB1/OCT/archive/RetinalOCT_Dataset/RetinalOCT_Dataset/train/AMD/amd_train_2535.jpg,1,512x1000
train,AMD,/media/miglab/DATA_20TB1/OCT/archive/RetinalOCT_Dataset/RetinalOCT_Dataset/train/AMD/amd_train_2760.jpg,1,512x1000
train,AMD,/media/miglab/DATA_20TB1/OCT/archive/RetinalOCT_Dataset/RetinalOCT_Dataset/train/AMD/amd_train_1705.jpg,1,512x1000
train,AMD,/media/miglab/DATA_20TB1/OCT/archive/RetinalOCT_Dataset/RetinalOCT_Dataset/train/AMD/amd_train_2159.jpg,1,512x1000
train,AMD,/media/miglab/DATA_20TB1/OCT/archive/RetinalOCT_Dataset/RetinalOCT_Dataset/train/AMD/amd_train_2090.jpg,1,512x1000
train,AMD,/media/miglab/DATA_20TB1/OCT/archive/RetinalOCT_Dataset/RetinalOCT_Dataset/train/AMD/amd_train_2634.jpg,1,512x1000
train,AMD,/media/miglab/DATA_20TB1/OCT/archive/RetinalOCT_Dataset/RetinalOCT_Dataset/train/AMD/amd_train_1881.jpg,1,512x1000
train,AMD,/media/miglab/DATA_20TB1/OCT/archive/RetinalOCT_Dataset/RetinalOCT_Dataset/train/AMD/amd_train_3049.jpg,1,512x1000
train,AMD,/media/miglab/DATA_20TB1/OCT/archive/RetinalOCT_Dataset/RetinalOCT_Dataset/train/AMD/amd_train_2994.jpg,1,512x1000
train,AMD,/media/miglab/DATA_20TB1/OCT/archive/RetinalOCT_Dataset/RetinalOCT_Dataset/train/AMD/amd_train_1460.jpg,1,512x1000
train,AMD,/media/miglab/DATA_20TB1/OCT/archive/RetinalOCT_Dataset/RetinalOCT_Dataset/train/AMD/amd_train_3143.jpg,1,512x1000
test,AMD,/media/miglab/DATA_20TB1/OCT/archive/RetinalOCT_Dataset/RetinalOCT_Dataset/test/AMD/amd_test_1038.jpg,1,512x1000
test,AMD,/media/miglab/DATA_20TB1/OCT/archive/RetinalOCT_Dataset/RetinalOCT_Dataset/test/AMD/amd_test_1187.jpg,1,512x1000
train,AMD,/media/miglab/DATA_20TB1/OCT/archive/RetinalOCT_Dataset/RetinalOCT_Dataset/train/AMD/amd_train_2855.jpg,1,512x1000
train,AMD,/media/miglab/DATA_20TB1/OCT/archive/RetinalOCT_Dataset/RetinalOCT_Dataset/train/AMD/amd_train_2428.jpg,1,512x1000
train,AMD,/media/miglab/DATA_20TB1/OCT/archive/RetinalOCT_Dataset/RetinalOCT_Dataset/train/AMD/amd_train_3292.jpg,1,512x1000
val,AMD,/media/miglab/DATA_20TB1/OCT/archive/RetinalOCT_Dataset/RetinalOCT_Dataset/val/AMD/amd_val_1089.jpg,1,512x1000
test,AMD,/media/miglab/DATA_20TB1/OCT/archive/RetinalOCT_Dataset/RetinalOCT_Dataset/test/AMD/amd_test_1243.jpg,1,512x1000
train,AMD,/media/miglab/DATA_20TB1/OCT/archive/RetinalOCT_Dataset/RetinalOCT_Dataset/train/AMD/amd_train_1439.jpg,1,512x1000
val,AMD,/media/miglab/DATA_20TB1/OCT/archive/RetinalOCT_Dataset/RetinalOCT_Dataset/val/AMD/amd_val_1235.jpg,1,512x1000
train,AMD,/media/miglab/DATA_20TB1/OCT/archive/RetinalOCT_Dataset/RetinalOCT_Dataset/train/AMD/amd_train_3164.jpg,1,512x1000
train,AMD,/media/miglab/DATA_20TB1/OCT/archive/RetinalOCT_Dataset/RetinalOCT_Dataset/train/AMD/amd_train_2981.jpg,1,512x1000
train,AMD,/media/miglab/DATA_20TB1/OCT/archive/RetinalOCT_Dataset/RetinalOCT_Dataset/train/AMD/amd_train_1348.jpg,1,512x1000
train,AMD,/media/miglab/DATA_20TB1/OCT/archive/RetinalOCT_Dataset/RetinalOCT_Dataset/train/AMD/amd_train_2036.jpg,1,512x1000
train,AMD,/media/miglab/DATA_20TB1/OCT/archive/RetinalOCT_Dataset/RetinalOCT_Dataset/train/AMD/amd_train_1452.jpg,1,512x1000
train,AMD,/media/miglab/DATA_20TB1/OCT/archive/RetinalOCT_Dataset/RetinalOCT_Dataset/train/AMD/amd_train_2055.jpg,1,512x1000
val,AMD,/media/miglab/DATA_20TB1/OCT/archive/RetinalOCT_Dataset/RetinalOCT_Dataset/val/AMD/amd_val_1272.jpg,1,512x1000
train,AMD,/media/miglab/DATA_20TB1/OCT/archive/RetinalOCT_Dataset/RetinalOCT_Dataset/train/AMD/amd_train_2270.jpg,1,512x1000
val,AMD,/media/miglab/DATA_20TB1/OCT/archive/RetinalOCT_Dataset/RetinalOCT_Dataset/val/AMD/amd_val_1004.jpg,1,512x1000
test,AMD,/media/miglab/DATA_20TB1/OCT/archive/RetinalOCT_Dataset/RetinalOCT_Dataset/test/AMD/amd_test_1150.jpg,1,512x1000
train,AMD,/media/miglab/DATA_20TB1/OCT/archive/RetinalOCT_Dataset/RetinalOCT_Dataset/train/AMD/amd_train_2623.jpg,1,512x1000
train,AMD,/media/miglab/DATA_20TB1/OCT/archive/RetinalOCT_Dataset/RetinalOCT_Dataset/train/AMD/amd_train_2129.jpg,1,512x1000
val,AMD,/media/miglab/DATA_20TB1/OCT/archive/RetinalOCT_Dataset/RetinalOCT_Dataset/val/AMD/amd_val_1013.jpg,1,512x1000
train,AMD,/media/miglab/DATA_20TB1/OCT/archive/RetinalOCT_Dataset/RetinalOCT_Dataset/train/AMD/amd_train_2970.jpg,1,512x1000
train,AMD,/media/miglab/DATA_20TB1/OCT/archive/RetinalOCT_Dataset/RetinalOCT_Dataset/train/AMD/amd_train_1371.jpg,1,512x1000
train,AMD,/media/miglab/DATA_20TB1/OCT/archive/RetinalOCT_Dataset/RetinalOCT_Dataset/train/AMD/amd_train_1022.jpg,1,512x1000
val,AMD,/media/miglab/DATA_20TB1/OCT/archive/RetinalOCT_Dataset/RetinalOCT_Dataset/val/AMD/amd_val_1167.jpg,1,512x1000
train,AMD,/media/miglab/DATA_20TB1/OCT/archive/RetinalOCT_Dataset/RetinalOCT_Dataset/train/AMD/amd_train_3213.jpg,1,512x1000
train,AMD,/media/miglab/DATA_20TB1/OCT/archive/RetinalOCT_Dataset/RetinalOCT_Dataset/train/AMD/amd_train_2396.jpg,1,512x1000
train,AMD,/media/miglab/DATA_20TB1/OCT/archive/RetinalOCT_Dataset/RetinalOCT_Dataset/train/AMD/amd_train_1925.jpg,1,512x1000
train,AMD,/media/miglab/DATA_20TB1/OCT/archive/RetinalOCT_Dataset/RetinalOCT_Dataset/train/AMD/amd_train_2019.jpg,1,512x1000
train,AMD,/media/miglab/DATA_20TB1/OCT/archive/RetinalOCT_Dataset/RetinalOCT_Dataset/train/AMD/amd_train_1352.jpg,1,512x1000
train,AMD,/media/miglab/DATA_20TB1/OCT/archive/RetinalOCT_Dataset/RetinalOCT_Dataset/train/AMD/amd_train_1809.jpg,1,512x1000
train,AMD,/media/miglab/DATA_20TB1/OCT/archive/RetinalOCT_Dataset/RetinalOCT_Dataset/train/AMD/amd_train_2659.jpg,1,512x1000
train,AMD,/media/miglab/DATA_20TB1/OCT/archive/RetinalOCT_Dataset/RetinalOCT_Dataset/train/AMD/amd_train_2275.jpg,1,512x1000
train,AMD,/media/miglab/DATA_20TB1/OCT/archive/RetinalOCT_Dataset/RetinalOCT_Dataset/train/AMD/amd_train_2517.jpg,1,512x1000
train,AMD,/media/miglab/DATA_20TB1/OCT/archive/RetinalOCT_Dataset/RetinalOCT_Dataset/train/AMD/amd_train_2787.jpg,1,512x1000
train,AMD,/media/miglab/DATA_20TB1/OCT/archive/RetinalOCT_Dataset/RetinalOCT_Dataset/train/AMD/amd_train_2812.jpg,1,512x1000
train,AMD,/media/miglab/DATA_20TB1/OCT/archive/RetinalOCT_Dataset/RetinalOCT_Dataset/train/AMD/amd_train_2485.jpg,1,512x1000
train,AMD,/media/miglab/DATA_20TB1/OCT/archive/RetinalOCT_Dataset/RetinalOCT_Dataset/train/AMD/amd_train_3216.jpg,1,512x1000
test,AMD,/media/miglab/DATA_20TB1/OCT/archive/RetinalOCT_Dataset/RetinalOCT_Dataset/test/AMD/amd_test_1198.jpg,1,512x1000
train,AMD,/media/miglab/DATA_20TB1/OCT/archive/RetinalOCT_Dataset/RetinalOCT_Dataset/train/AMD/amd_train_2137.jpg,1,512x1000
test,AMD,/media/miglab/DATA_20TB1/OCT/archive/RetinalOCT_Dataset/RetinalOCT_Dataset/test/AMD/amd_test_1172.jpg,1,512x1000
train,AMD,/media/miglab/DATA_20TB1/OCT/archive/RetinalOCT_Dataset/RetinalOCT_Dataset/train/AMD/amd_train_1694.jpg,1,512x1000
train,AMD,/media/miglab/DATA_20TB1/OCT/archive/RetinalOCT_Dataset/RetinalOCT_Dataset/train/AMD/amd_train_1838.jpg,1,512x1000
train,AMD,/media/miglab/DATA_20TB1/OCT/archive/RetinalOCT_Dataset/RetinalOCT_Dataset/train/AMD/amd_train_2908.jpg,1,512x1000
train,AMD,/media/miglab/DATA_20TB1/OCT/archive/RetinalOCT_Dataset/RetinalOCT_Dataset/train/AMD/amd_train_2629.jpg,1,512x1000
train,AMD,/media/miglab/DATA_20TB1/OCT/archive/RetinalOCT_Dataset/RetinalOCT_Dataset/train/AMD/amd_train_2985.jpg,1,512x1000
train,AMD,/media/miglab/DATA_20TB1/OCT/archive/RetinalOCT_Dataset/RetinalOCT_Dataset/train/AMD/amd_train_1982.jpg,1,512x1000
train,AMD,/media/miglab/DATA_20TB1/OCT/archive/RetinalOCT_Dataset/RetinalOCT_Dataset/train/AMD/amd_train_2147.jpg,1,512x1000
test,AMD,/media/miglab/DATA_20TB1/OCT/archive/RetinalOCT_Dataset/RetinalOCT_Dataset/test/AMD/amd_test_1228.jpg,1,512x1000
train,AMD,/media/miglab/DATA_20TB1/OCT/archive/RetinalOCT_Dataset/RetinalOCT_Dataset/train/AMD/amd_train_2533.jpg,1,512x1000
train,AMD,/media/miglab/DATA_20TB1/OCT/archive/RetinalOCT_Dataset/RetinalOCT_Dataset/train/AMD/amd_train_2651.jpg,1,512x1000
train,AMD,/media/miglab/DATA_20TB1/OCT/archive/RetinalOCT_Dataset/RetinalOCT_Dataset/train/AMD/amd_train_1041.jpg,1,512x1000
train,AMD,/media/miglab/DATA_20TB1/OCT/archive/RetinalOCT_Dataset/RetinalOCT_Dataset/train/AMD/amd_train_1600.jpg,1,512x1000
train,AMD,/media/miglab/DATA_20TB1/OCT/archive/RetinalOCT_Dataset/RetinalOCT_Dataset/train/AMD/amd_train_1846.jpg,1,512x1000
train,AMD,/media/miglab/DATA_20TB1/OCT/archive/RetinalOCT_Dataset/RetinalOCT_Dataset/train/AMD/amd_train_2413.jpg,1,512x1000
train,AMD,/media/miglab/DATA_20TB1/OCT/archive/RetinalOCT_Dataset/RetinalOCT_Dataset/train/AMD/amd_train_3029.jpg,1,512x1000
train,AMD,/media/miglab/DATA_20TB1/OCT/archive/RetinalOCT_Dataset/RetinalOCT_Dataset/train/AMD/amd_train_2888.jpg,1,512x1000
train,AMD,/media/miglab/DATA_20TB1/OCT/archive/RetinalOCT_Dataset/RetinalOCT_Dataset/train/AMD/amd_train_1910.jpg,1,512x1000
val,AMD,/media/miglab/DATA_20TB1/OCT/archive/RetinalOCT_Dataset/RetinalOCT_Dataset/val/AMD/amd_val_1199.jpg,1,512x1000
train,AMD,/media/miglab/DATA_20TB1/OCT/archive/RetinalOCT_Dataset/RetinalOCT_Dataset/train/AMD/amd_train_1358.jpg,1,512x1000
train,AMD,/media/miglab/DATA_20TB1/OCT/archive/RetinalOCT_Dataset/RetinalOCT_Dataset/train/AMD/amd_train_2366.jpg,1,512x1000
train,AMD,/media/miglab/DATA_20TB1/OCT/archive/RetinalOCT_Dataset/RetinalOCT_Dataset/train/AMD/amd_train_1301.jpg,1,512x1000
train,AMD,/media/miglab/DATA_20TB1/OCT/archive/RetinalOCT_Dataset/RetinalOCT_Dataset/train/AMD/amd_train_2750.jpg,1,512x1000
train,AMD,/media/miglab/DATA_20TB1/OCT/archive/RetinalOCT_Dataset/RetinalOCT_Dataset/train/AMD/amd_train_1576.jpg,1,512x1000
train,AMD,/media/miglab/DATA_20TB1/OCT/archive/RetinalOCT_Dataset/RetinalOCT_Dataset/train/AMD/amd_train_1797.jpg,1,512x1000
train,AMD,/media/miglab/DATA_20TB1/OCT/archive/RetinalOCT_Dataset/RetinalOCT_Dataset/train/AMD/amd_train_1132.jpg,1,512x1000
train,AMD,/media/miglab/DATA_20TB1/OCT/archive/RetinalOCT_Dataset/RetinalOCT_Dataset/train/AMD/amd_train_3088.jpg,1,512x1000
val,AMD,/media/miglab/DATA_20TB1/OCT/archive/RetinalOCT_Dataset/RetinalOCT_Dataset/val/AMD/amd_val_1106.jpg,1,512x1000
val,AMD,/media/miglab/DATA_20TB1/OCT/archive/RetinalOCT_Dataset/RetinalOCT_Dataset/val/AMD/amd_val_1155.jpg,1,512x1000
train,AMD,/media/miglab/DATA_20TB1/OCT/archive/RetinalOCT_Dataset/RetinalOCT_Dataset/train/AMD/amd_train_2737.jpg,1,512x1000
val,AMD,/media/miglab/DATA_20TB1/OCT/archive/RetinalOCT_Dataset/RetinalOCT_Dataset/val/AMD/amd_val_1200.jpg,1,512x1000
test,AMD,/media/miglab/DATA_20TB1/OCT/archive/RetinalOCT_Dataset/RetinalOCT_Dataset/test/AMD/amd_test_1143.jpg,1,512x1000
train,AMD,/media/miglab/DATA_20TB1/OCT/archive/RetinalOCT_Dataset/RetinalOCT_Dataset/train/AMD/amd_train_1734.jpg,1,512x1000
train,AMD,/media/miglab/DATA_20TB1/OCT/archive/RetinalOCT_Dataset/RetinalOCT_Dataset/train/AMD/amd_train_3282.jpg,1,512x1000
train,AMD,/media/miglab/DATA_20TB1/OCT/archive/RetinalOCT_Dataset/RetinalOCT_Dataset/train/AMD/amd_train_2138.jpg,1,512x1000
val,AMD,/media/miglab/DATA_20TB1/OCT/archive/RetinalOCT_Dataset/RetinalOCT_Dataset/val/AMD/amd_val_1325.jpg,1,512x1000
train,AMD,/media/miglab/DATA_20TB1/OCT/archive/RetinalOCT_Dataset/RetinalOCT_Dataset/train/AMD/amd_train_1987.jpg,1,512x1000
train,AMD,/media/miglab/DATA_20TB1/OCT/archive/RetinalOCT_Dataset/RetinalOCT_Dataset/train/AMD/amd_train_1274.jpg,1,512x1000
train,AMD,/media/miglab/DATA_20TB1/OCT/archive/RetinalOCT_Dataset/RetinalOCT_Dataset/train/AMD/amd_train_3225.jpg,1,512x1000
test,AMD,/media/miglab/DATA_20TB1/OCT/archive/RetinalOCT_Dataset/RetinalOCT_Dataset/test/AMD/amd_test_1136.jpg,1,512x1000
train,AMD,/media/miglab/DATA_20TB1/OCT/archive/RetinalOCT_Dataset/RetinalOCT_Dataset/train/AMD/amd_train_1316.jpg,1,512x1000
train,AMD,/media/miglab/DATA_20TB1/OCT/archive/RetinalOCT_Dataset/RetinalOCT_Dataset/train/AMD/amd_train_2631.jpg,1,512x1000
train,AMD,/media/miglab/DATA_20TB1/OCT/archive/RetinalOCT_Dataset/RetinalOCT_Dataset/train/AMD/amd_train_2230.jpg,1,512x1000
train,AMD,/media/miglab/DATA_20TB1/OCT/archive/RetinalOCT_Dataset/RetinalOCT_Dataset/train/AMD/amd_train_1531.jpg,1,512x1000
train,AMD,/media/miglab/DATA_20TB1/OCT/archive/RetinalOCT_Dataset/RetinalOCT_Dataset/train/AMD/amd_train_2584.jpg,1,512x1000
test,AMD,/media/miglab/DATA_20TB1/OCT/archive/RetinalOCT_Dataset/RetinalOCT_Dataset/test/AMD/amd_test_1324.jpg,1,512x1000
train,AMD,/media/miglab/DATA_20TB1/OCT/archive/RetinalOCT_Dataset/RetinalOCT_Dataset/train/AMD/amd_train_1130.jpg,1,512x1000
test,AMD,/media/miglab/DATA_20TB1/OCT/archive/RetinalOCT_Dataset/RetinalOCT_Dataset/test/AMD/amd_test_1017.jpg,1,512x1000
train,AMD,/media/miglab/DATA_20TB1/OCT/archive/RetinalOCT_Dataset/RetinalOCT_Dataset/train/AMD/amd_train_2971.jpg,1,512x1000
train,AMD,/media/miglab/DATA_20TB1/OCT/archive/RetinalOCT_Dataset/RetinalOCT_Dataset/train/AMD/amd_train_2999.jpg,1,512x1000
train,AMD,/media/miglab/DATA_20TB1/OCT/archive/RetinalOCT_Dataset/RetinalOCT_Dataset/train/AMD/amd_train_2852.jpg,1,512x1000
train,AMD,/media/miglab/DATA_20TB1/OCT/archive/RetinalOCT_Dataset/RetinalOCT_Dataset/train/AMD/amd_train_3253.jpg,1,512x1000
train,AMD,/media/miglab/DATA_20TB1/OCT/archive/RetinalOCT_Dataset/RetinalOCT_Dataset/train/AMD/amd_train_1707.jpg,1,512x1000
train,AMD,/media/miglab/DATA_20TB1/OCT/archive/RetinalOCT_Dataset/RetinalOCT_Dataset/train/AMD/amd_train_1521.jpg,1,512x1000
train,AMD,/media/miglab/DATA_20TB1/OCT/archive/RetinalOCT_Dataset/RetinalOCT_Dataset/train/AMD/amd_train_1072.jpg,1,512x1000
val,AMD,/media/miglab/DATA_20TB1/OCT/archive/RetinalOCT_Dataset/RetinalOCT_Dataset/val/AMD/amd_val_1125.jpg,1,512x1000
train,AMD,/media/miglab/DATA_20TB1/OCT/archive/RetinalOCT_Dataset/RetinalOCT_Dataset/train/AMD/amd_train_3240.jpg,1,512x1000
train,AMD,/media/miglab/DATA_20TB1/OCT/archive/RetinalOCT_Dataset/RetinalOCT_Dataset/train/AMD/amd_train_3159.jpg,1,512x1000
test,AMD,/media/miglab/DATA_20TB1/OCT/archive/RetinalOCT_Dataset/RetinalOCT_Dataset/test/AMD/amd_test_1098.jpg,1,512x1000
test,AMD,/media/miglab/DATA_20TB1/OCT/archive/RetinalOCT_Dataset/RetinalOCT_Dataset/test/AMD/amd_test_1050.jpg,1,512x1000
train,AMD,/media/miglab/DATA_20TB1/OCT/archive/RetinalOCT_Dataset/RetinalOCT_Dataset/train/AMD/amd_train_2829.jpg,1,512x1000
train,AMD,/media/miglab/DATA_20TB1/OCT/archive/RetinalOCT_Dataset/RetinalOCT_Dataset/train/AMD/amd_train_2442.jpg,1,512x1000
test,AMD,/media/miglab/DATA_20TB1/OCT/archive/RetinalOCT_Dataset/RetinalOCT_Dataset/test/AMD/amd_test_1135.jpg,1,512x1000
train,AMD,/media/miglab/DATA_20TB1/OCT/archive/RetinalOCT_Dataset/RetinalOCT_Dataset/train/AMD/amd_train_3198.jpg,1,512x1000
train,AMD,/media/miglab/DATA_20TB1/OCT/archive/RetinalOCT_Dataset/RetinalOCT_Dataset/train/AMD/amd_train_2881.jpg,1,512x1000
train,AMD,/media/miglab/DATA_20TB1/OCT/archive/RetinalOCT_Dataset/RetinalOCT_Dataset/train/AMD/amd_train_2525.jpg,1,512x1000
train,AMD,/media/miglab/DATA_20TB1/OCT/archive/RetinalOCT_Dataset/RetinalOCT_Dataset/train/AMD/amd_train_2739.jpg,1,512x1000
train,AMD,/media/miglab/DATA_20TB1/OCT/archive/RetinalOCT_Dataset/RetinalOCT_Dataset/train/AMD/amd_train_1079.jpg,1,512x1000
train,AMD,/media/miglab/DATA_20TB1/OCT/archive/RetinalOCT_Dataset/RetinalOCT_Dataset/train/AMD/amd_train_3260.jpg,1,512x1000
test,AMD,/media/miglab/DATA_20TB1/OCT/archive/RetinalOCT_Dataset/RetinalOCT_Dataset/test/AMD/amd_test_1207.jpg,1,512x1000
train,AMD,/media/miglab/DATA_20TB1/OCT/archive/RetinalOCT_Dataset/RetinalOCT_Dataset/train/AMD/amd_train_1062.jpg,1,512x1000
test,AMD,/media/miglab/DATA_20TB1/OCT/archive/RetinalOCT_Dataset/RetinalOCT_Dataset/test/AMD/amd_test_1051.jpg,1,512x1000
train,AMD,/media/miglab/DATA_20TB1/OCT/archive/RetinalOCT_Dataset/RetinalOCT_Dataset/train/AMD/amd_train_2583.jpg,1,512x1000
train,AMD,/media/miglab/DATA_20TB1/OCT/archive/RetinalOCT_Dataset/RetinalOCT_Dataset/train/AMD/amd_train_1764.jpg,1,512x1000
train,AMD,/media/miglab/DATA_20TB1/OCT/archive/RetinalOCT_Dataset/RetinalOCT_Dataset/train/AMD/amd_train_1380.jpg,1,512x1000
val,AMD,/media/miglab/DATA_20TB1/OCT/archive/RetinalOCT_Dataset/RetinalOCT_Dataset/val/AMD/amd_val_1341.jpg,1,512x1000
train,AMD,/media/miglab/DATA_20TB1/OCT/archive/RetinalOCT_Dataset/RetinalOCT_Dataset/train/AMD/amd_train_1259.jpg,1,512x1000
train,AMD,/media/miglab/DATA_20TB1/OCT/archive/RetinalOCT_Dataset/RetinalOCT_Dataset/train/AMD/amd_train_2161.jpg,1,512x1000
train,AMD,/media/miglab/DATA_20TB1/OCT/archive/RetinalOCT_Dataset/RetinalOCT_Dataset/train/AMD/amd_train_2643.jpg,1,512x1000
train,AMD,/media/miglab/DATA_20TB1/OCT/archive/RetinalOCT_Dataset/RetinalOCT_Dataset/train/AMD/amd_train_2379.jpg,1,512x1000
train,AMD,/media/miglab/DATA_20TB1/OCT/archive/RetinalOCT_Dataset/RetinalOCT_Dataset/train/AMD/amd_train_1549.jpg,1,512x1000
train,AMD,/media/miglab/DATA_20TB1/OCT/archive/RetinalOCT_Dataset/RetinalOCT_Dataset/train/AMD/amd_train_1047.jpg,1,512x1000
train,AMD,/media/miglab/DATA_20TB1/OCT/archive/RetinalOCT_Dataset/RetinalOCT_Dataset/train/AMD/amd_train_1328.jpg,1,512x1000
val,AMD,/media/miglab/DATA_20TB1/OCT/archive/RetinalOCT_Dataset/RetinalOCT_Dataset/val/AMD/amd_val_1220.jpg,1,512x1000
train,AMD,/media/miglab/DATA_20TB1/OCT/archive/RetinalOCT_Dataset/RetinalOCT_Dataset/train/AMD/amd_train_2671.jpg,1,512x1000
val,AMD,/media/miglab/DATA_20TB1/OCT/archive/RetinalOCT_Dataset/RetinalOCT_Dataset/val/AMD/amd_val_1126.jpg,1,512x1000
train,AMD,/media/miglab/DATA_20TB1/OCT/archive/RetinalOCT_Dataset/RetinalOCT_Dataset/train/AMD/amd_train_2276.jpg,1,512x1000
train,AMD,/media/miglab/DATA_20TB1/OCT/archive/RetinalOCT_Dataset/RetinalOCT_Dataset/train/AMD/amd_train_1083.jpg,1,512x1000
train,AMD,/media/miglab/DATA_20TB1/OCT/archive/RetinalOCT_Dataset/RetinalOCT_Dataset/train/AMD/amd_train_2688.jpg,1,512x1000
train,AMD,/media/miglab/DATA_20TB1/OCT/archive/RetinalOCT_Dataset/RetinalOCT_Dataset/train/AMD/amd_train_1112.jpg,1,512x1000
train,AMD,/media/miglab/DATA_20TB1/OCT/archive/RetinalOCT_Dataset/RetinalOCT_Dataset/train/AMD/amd_train_2323.jpg,1,512x1000
test,AMD,/media/miglab/DATA_20TB1/OCT/archive/RetinalOCT_Dataset/RetinalOCT_Dataset/test/AMD/amd_test_1120.jpg,1,512x1000
train,AMD,/media/miglab/DATA_20TB1/OCT/archive/RetinalOCT_Dataset/RetinalOCT_Dataset/train/AMD/amd_train_1908.jpg,1,512x1000
train,AMD,/media/miglab/DATA_20TB1/OCT/archive/RetinalOCT_Dataset/RetinalOCT_Dataset/train/AMD/amd_train_3276.jpg,1,512x1000
train,AMD,/media/miglab/DATA_20TB1/OCT/archive/RetinalOCT_Dataset/RetinalOCT_Dataset/train/AMD/amd_train_1317.jpg,1,512x1000
train,AMD,/media/miglab/DATA_20TB1/OCT/archive/RetinalOCT_Dataset/RetinalOCT_Dataset/train/AMD/amd_train_3015.jpg,1,512x1000
train,AMD,/media/miglab/DATA_20TB1/OCT/archive/RetinalOCT_Dataset/RetinalOCT_Dataset/train/AMD/amd_train_3119.jpg,1,512x1000
train,AMD,/media/miglab/DATA_20TB1/OCT/archive/RetinalOCT_Dataset/RetinalOCT_Dataset/train/AMD/amd_train_1098.jpg,1,512x1000
train,AMD,/media/miglab/DATA_20TB1/OCT/archive/RetinalOCT_Dataset/RetinalOCT_Dataset/train/AMD/amd_train_1906.jpg,1,512x1000
train,AMD,/media/miglab/DATA_20TB1/OCT/archive/RetinalOCT_Dataset/RetinalOCT_Dataset/train/AMD/amd_train_3263.jpg,1,512x1000
train,AMD,/media/miglab/DATA_20TB1/OCT/archive/RetinalOCT_Dataset/RetinalOCT_Dataset/train/AMD/amd_train_2566.jpg,1,512x1000
train,AMD,/media/miglab/DATA_20TB1/OCT/archive/RetinalOCT_Dataset/RetinalOCT_Dataset/train/AMD/amd_train_1386.jpg,1,512x1000
train,AMD,/media/miglab/DATA_20TB1/OCT/archive/RetinalOCT_Dataset/RetinalOCT_Dataset/train/AMD/amd_train_2169.jpg,1,512x1000
train,AMD,/media/miglab/DATA_20TB1/OCT/archive/RetinalOCT_Dataset/RetinalOCT_Dataset/train/AMD/amd_train_2421.jpg,1,512x1000
train,AMD,/media/miglab/DATA_20TB1/OCT/archive/RetinalOCT_Dataset/RetinalOCT_Dataset/train/AMD/amd_train_2773.jpg,1,512x1000
train,AMD,/media/miglab/DATA_20TB1/OCT/archive/RetinalOCT_Dataset/RetinalOCT_Dataset/train/AMD/amd_train_2619.jpg,1,512x1000
train,AMD,/media/miglab/DATA_20TB1/OCT/archive/RetinalOCT_Dataset/RetinalOCT_Dataset/train/AMD/amd_train_1179.jpg,1,512x1000
train,AMD,/media/miglab/DATA_20TB1/OCT/archive/RetinalOCT_Dataset/RetinalOCT_Dataset/train/AMD/amd_train_3178.jpg,1,512x1000
train,AMD,/media/miglab/DATA_20TB1/OCT/archive/RetinalOCT_Dataset/RetinalOCT_Dataset/train/AMD/amd_train_1254.jpg,1,512x1000
train,AMD,/media/miglab/DATA_20TB1/OCT/archive/RetinalOCT_Dataset/RetinalOCT_Dataset/train/AMD/amd_train_2899.jpg,1,512x1000
train,AMD,/media/miglab/DATA_20TB1/OCT/archive/RetinalOCT_Dataset/RetinalOCT_Dataset/train/AMD/amd_train_2577.jpg,1,512x1000
test,AMD,/media/miglab/DATA_20TB1/OCT/archive/RetinalOCT_Dataset/RetinalOCT_Dataset/test/AMD/amd_test_1288.jpg,1,512x1000
train,AMD,/media/miglab/DATA_20TB1/OCT/archive/RetinalOCT_Dataset/RetinalOCT_Dataset/train/AMD/amd_train_1106.jpg,1,512x1000
train,AMD,/media/miglab/DATA_20TB1/OCT/archive/RetinalOCT_Dataset/RetinalOCT_Dataset/train/AMD/amd_train_1483.jpg,1,512x1000
train,AMD,/media/miglab/DATA_20TB1/OCT/archive/RetinalOCT_Dataset/RetinalOCT_Dataset/train/AMD/amd_train_2087.jpg,1,512x1000
train,AMD,/media/miglab/DATA_20TB1/OCT/archive/RetinalOCT_Dataset/RetinalOCT_Dataset/train/AMD/amd_train_1418.jpg,1,512x1000
train,AMD,/media/miglab/DATA_20TB1/OCT/archive/RetinalOCT_Dataset/RetinalOCT_Dataset/train/AMD/amd_train_1885.jpg,1,512x1000
train,AMD,/media/miglab/DATA_20TB1/OCT/archive/RetinalOCT_Dataset/RetinalOCT_Dataset/train/AMD/amd_train_1368.jpg,1,512x1000
train,AMD,/media/miglab/DATA_20TB1/OCT/archive/RetinalOCT_Dataset/RetinalOCT_Dataset/train/AMD/amd_train_1867.jpg,1,512x1000
train,AMD,/media/miglab/DATA_20TB1/OCT/archive/RetinalOCT_Dataset/RetinalOCT_Dataset/train/AMD/amd_train_2008.jpg,1,512x1000
val,AMD,/media/miglab/DATA_20TB1/OCT/archive/RetinalOCT_Dataset/RetinalOCT_Dataset/val/AMD/amd_val_1270.jpg,1,512x1000
train,AMD,/media/miglab/DATA_20TB1/OCT/archive/RetinalOCT_Dataset/RetinalOCT_Dataset/train/AMD/amd_train_1071.jpg,1,512x1000
train,AMD,/media/miglab/DATA_20TB1/OCT/archive/RetinalOCT_Dataset/RetinalOCT_Dataset/train/AMD/amd_train_2200.jpg,1,512x1000
train,AMD,/media/miglab/DATA_20TB1/OCT/archive/RetinalOCT_Dataset/RetinalOCT_Dataset/train/AMD/amd_train_2714.jpg,1,512x1000
train,AMD,/media/miglab/DATA_20TB1/OCT/archive/RetinalOCT_Dataset/RetinalOCT_Dataset/train/AMD/amd_train_1032.jpg,1,512x1000
train,AMD,/media/miglab/DATA_20TB1/OCT/archive/RetinalOCT_Dataset/RetinalOCT_Dataset/train/AMD/amd_train_2755.jpg,1,512x1000
val,AMD,/media/miglab/DATA_20TB1/OCT/archive/RetinalOCT_Dataset/RetinalOCT_Dataset/val/AMD/amd_val_1177.jpg,1,512x1000
train,AMD,/media/miglab/DATA_20TB1/OCT/archive/RetinalOCT_Dataset/RetinalOCT_Dataset/train/AMD/amd_train_1432.jpg,1,512x1000
val,AMD,/media/miglab/DATA_20TB1/OCT/archive/RetinalOCT_Dataset/RetinalOCT_Dataset/val/AMD/amd_val_1121.jpg,1,512x1000
train,AMD,/media/miglab/DATA_20TB1/OCT/archive/RetinalOCT_Dataset/RetinalOCT_Dataset/train/AMD/amd_train_2955.jpg,1,512x1000
train,AMD,/media/miglab/DATA_20TB1/OCT/archive/RetinalOCT_Dataset/RetinalOCT_Dataset/train/AMD/amd_train_2429.jpg,1,512x1000
train,AMD,/media/miglab/DATA_20TB1/OCT/archive/RetinalOCT_Dataset/RetinalOCT_Dataset/train/AMD/amd_train_1116.jpg,1,512x1000
train,AMD,/media/miglab/DATA_20TB1/OCT/archive/RetinalOCT_Dataset/RetinalOCT_Dataset/train/AMD/amd_train_1874.jpg,1,512x1000
train,AMD,/media/miglab/DATA_20TB1/OCT/archive/RetinalOCT_Dataset/RetinalOCT_Dataset/train/AMD/amd_train_2712.jpg,1,512x1000
train,AMD,/media/miglab/DATA_20TB1/OCT/archive/RetinalOCT_Dataset/RetinalOCT_Dataset/train/AMD/amd_train_2868.jpg,1,512x1000
train,AMD,/media/miglab/DATA_20TB1/OCT/archive/RetinalOCT_Dataset/RetinalOCT_Dataset/train/AMD/amd_train_1827.jpg,1,512x1000
train,AMD,/media/miglab/DATA_20TB1/OCT/archive/RetinalOCT_Dataset/RetinalOCT_Dataset/train/AMD/amd_train_1025.jpg,1,512x1000
val,AMD,/media/miglab/DATA_20TB1/OCT/archive/RetinalOCT_Dataset/RetinalOCT_Dataset/val/AMD/amd_val_1247.jpg,1,512x1000
train,AMD,/media/miglab/DATA_20TB1/OCT/archive/RetinalOCT_Dataset/RetinalOCT_Dataset/train/AMD/amd_train_2805.jpg,1,512x1000
train,AMD,/media/miglab/DATA_20TB1/OCT/archive/RetinalOCT_Dataset/RetinalOCT_Dataset/train/AMD/amd_train_2866.jpg,1,512x1000
train,AMD,/media/miglab/DATA_20TB1/OCT/archive/RetinalOCT_Dataset/RetinalOCT_Dataset/train/AMD/amd_train_1653.jpg,1,512x1000
train,AMD,/media/miglab/DATA_20TB1/OCT/archive/RetinalOCT_Dataset/RetinalOCT_Dataset/train/AMD/amd_train_2611.jpg,1,512x1000
test,AMD,/media/miglab/DATA_20TB1/OCT/archive/RetinalOCT_Dataset/RetinalOCT_Dataset/test/AMD/amd_test_1349.jpg,1,512x1000
test,AMD,/media/miglab/DATA_20TB1/OCT/archive/RetinalOCT_Dataset/RetinalOCT_Dataset/test/AMD/amd_test_1160.jpg,1,512x1000
train,AMD,/media/miglab/DATA_20TB1/OCT/archive/RetinalOCT_Dataset/RetinalOCT_Dataset/train/AMD/amd_train_1421.jpg,1,512x1000
test,AMD,/media/miglab/DATA_20TB1/OCT/archive/RetinalOCT_Dataset/RetinalOCT_Dataset/test/AMD/amd_test_1212.jpg,1,512x1000
train,AMD,/media/miglab/DATA_20TB1/OCT/archive/RetinalOCT_Dataset/RetinalOCT_Dataset/train/AMD/amd_train_2011.jpg,1,512x1000
train,AMD,/media/miglab/DATA_20TB1/OCT/archive/RetinalOCT_Dataset/RetinalOCT_Dataset/train/AMD/amd_train_2281.jpg,1,512x1000
train,AMD,/media/miglab/DATA_20TB1/OCT/archive/RetinalOCT_Dataset/RetinalOCT_Dataset/train/AMD/amd_train_1759.jpg,1,512x1000
train,AMD,/media/miglab/DATA_20TB1/OCT/archive/RetinalOCT_Dataset/RetinalOCT_Dataset/train/AMD/amd_train_3013.jpg,1,512x1000
train,AMD,/media/miglab/DATA_20TB1/OCT/archive/RetinalOCT_Dataset/RetinalOCT_Dataset/train/AMD/amd_train_1128.jpg,1,512x1000
train,AMD,/media/miglab/DATA_20TB1/OCT/archive/RetinalOCT_Dataset/RetinalOCT_Dataset/train/AMD/amd_train_1704.jpg,1,512x1000
train,AMD,/media/miglab/DATA_20TB1/OCT/archive/RetinalOCT_Dataset/RetinalOCT_Dataset/train/AMD/amd_train_3095.jpg,1,512x1000
train,AMD,/media/miglab/DATA_20TB1/OCT/archive/RetinalOCT_Dataset/RetinalOCT_Dataset/train/AMD/amd_train_1787.jpg,1,512x1000
val,AMD,/media/miglab/DATA_20TB1/OCT/archive/RetinalOCT_Dataset/RetinalOCT_Dataset/val/AMD/amd_val_1026.jpg,1,512x1000
test,AMD,/media/miglab/DATA_20TB1/OCT/archive/RetinalOCT_Dataset/RetinalOCT_Dataset/test/AMD/amd_test_1138.jpg,1,512x1000
test,AMD,/media/miglab/DATA_20TB1/OCT/archive/RetinalOCT_Dataset/RetinalOCT_Dataset/test/AMD/amd_test_1205.jpg,1,512x1000
train,AMD,/media/miglab/DATA_20TB1/OCT/archive/RetinalOCT_Dataset/RetinalOCT_Dataset/train/AMD/amd_train_1728.jpg,1,512x1000
train,AMD,/media/miglab/DATA_20TB1/OCT/archive/RetinalOCT_Dataset/RetinalOCT_Dataset/train/AMD/amd_train_2910.jpg,1,512x1000
train,AMD,/media/miglab/DATA_20TB1/OCT/archive/RetinalOCT_Dataset/RetinalOCT_Dataset/train/AMD/amd_train_1508.jpg,1,512x1000
train,AMD,/media/miglab/DATA_20TB1/OCT/archive/RetinalOCT_Dataset/RetinalOCT_Dataset/train/AMD/amd_train_3014.jpg,1,512x1000
train,AMD,/media/miglab/DATA_20TB1/OCT/archive/RetinalOCT_Dataset/RetinalOCT_Dataset/train/AMD/amd_train_2510.jpg,1,512x1000
train,AMD,/media/miglab/DATA_20TB1/OCT/archive/RetinalOCT_Dataset/RetinalOCT_Dataset/train/AMD/amd_train_2523.jpg,1,512x1000
train,AMD,/media/miglab/DATA_20TB1/OCT/archive/RetinalOCT_Dataset/RetinalOCT_Dataset/train/AMD/amd_train_2335.jpg,1,512x1000
test,AMD,/media/miglab/DATA_20TB1/OCT/archive/RetinalOCT_Dataset/RetinalOCT_Dataset/test/AMD/amd_test_1056.jpg,1,512x1000
train,AMD,/media/miglab/DATA_20TB1/OCT/archive/RetinalOCT_Dataset/RetinalOCT_Dataset/train/AMD/amd_train_2096.jpg,1,512x1000
train,AMD,/media/miglab/DATA_20TB1/OCT/archive/RetinalOCT_Dataset/RetinalOCT_Dataset/train/AMD/amd_train_2799.jpg,1,512x1000
train,AMD,/media/miglab/DATA_20TB1/OCT/archive/RetinalOCT_Dataset/RetinalOCT_Dataset/train/AMD/amd_train_1973.jpg,1,512x1000
train,AMD,/media/miglab/DATA_20TB1/OCT/archive/RetinalOCT_Dataset/RetinalOCT_Dataset/train/AMD/amd_train_1958.jpg,1,512x1000
train,AMD,/media/miglab/DATA_20TB1/OCT/archive/RetinalOCT_Dataset/RetinalOCT_Dataset/train/AMD/amd_train_1766.jpg,1,512x1000
train,AMD,/media/miglab/DATA_20TB1/OCT/archive/RetinalOCT_Dataset/RetinalOCT_Dataset/train/AMD/amd_train_2315.jpg,1,512x1000
train,AMD,/media/miglab/DATA_20TB1/OCT/archive/RetinalOCT_Dataset/RetinalOCT_Dataset/train/AMD/amd_train_1016.jpg,1,512x1000
train,AMD,/media/miglab/DATA_20TB1/OCT/archive/RetinalOCT_Dataset/RetinalOCT_Dataset/train/AMD/amd_train_2048.jpg,1,512x1000
train,AMD,/media/miglab/DATA_20TB1/OCT/archive/RetinalOCT_Dataset/RetinalOCT_Dataset/train/AMD/amd_train_3222.jpg,1,512x1000
train,AMD,/media/miglab/DATA_20TB1/OCT/archive/RetinalOCT_Dataset/RetinalOCT_Dataset/train/AMD/amd_train_2238.jpg,1,512x1000
test,AMD,/media/miglab/DATA_20TB1/OCT/archive/RetinalOCT_Dataset/RetinalOCT_Dataset/test/AMD/amd_test_1199.jpg,1,512x1000
train,AMD,/media/miglab/DATA_20TB1/OCT/archive/RetinalOCT_Dataset/RetinalOCT_Dataset/train/AMD/amd_train_1580.jpg,1,512x1000
train,AMD,/media/miglab/DATA_20TB1/OCT/archive/RetinalOCT_Dataset/RetinalOCT_Dataset/train/AMD/amd_train_2249.jpg,1,512x1000
test,AMD,/media/miglab/DATA_20TB1/OCT/archive/RetinalOCT_Dataset/RetinalOCT_Dataset/test/AMD/amd_test_1173.jpg,1,512x1000
test,AMD,/media/miglab/DATA_20TB1/OCT/archive/RetinalOCT_Dataset/RetinalOCT_Dataset/test/AMD/amd_test_1211.jpg,1,512x1000
train,AMD,/media/miglab/DATA_20TB1/OCT/archive/RetinalOCT_Dataset/RetinalOCT_Dataset/train/AMD/amd_train_2656.jpg,1,512x1000
train,AMD,/media/miglab/DATA_20TB1/OCT/archive/RetinalOCT_Dataset/RetinalOCT_Dataset/train/AMD/amd_train_1517.jpg,1,512x1000
train,AMD,/media/miglab/DATA_20TB1/OCT/archive/RetinalOCT_Dataset/RetinalOCT_Dataset/train/AMD/amd_train_2975.jpg,1,512x1000
val,AMD,/media/miglab/DATA_20TB1/OCT/archive/RetinalOCT_Dataset/RetinalOCT_Dataset/val/AMD/amd_val_1239.jpg,1,512x1000
train,AMD,/media/miglab/DATA_20TB1/OCT/archive/RetinalOCT_Dataset/RetinalOCT_Dataset/train/AMD/amd_train_2116.jpg,1,512x1000
val,AMD,/media/miglab/DATA_20TB1/OCT/archive/RetinalOCT_Dataset/RetinalOCT_Dataset/val/AMD/amd_val_1017.jpg,1,512x1000
val,AMD,/media/miglab/DATA_20TB1/OCT/archive/RetinalOCT_Dataset/RetinalOCT_Dataset/val/AMD/amd_val_1002.jpg,1,512x1000
train,AMD,/media/miglab/DATA_20TB1/OCT/archive/RetinalOCT_Dataset/RetinalOCT_Dataset/train/AMD/amd_train_3082.jpg,1,512x1000
train,AMD,/media/miglab/DATA_20TB1/OCT/archive/RetinalOCT_Dataset/RetinalOCT_Dataset/train/AMD/amd_train_2765.jpg,1,512x1000
train,AMD,/media/miglab/DATA_20TB1/OCT/archive/RetinalOCT_Dataset/RetinalOCT_Dataset/train/AMD/amd_train_3008.jpg,1,512x1000
train,AMD,/media/miglab/DATA_20TB1/OCT/archive/RetinalOCT_Dataset/RetinalOCT_Dataset/train/AMD/amd_train_2456.jpg,1,512x1000
train,AMD,/media/miglab/DATA_20TB1/OCT/archive/RetinalOCT_Dataset/RetinalOCT_Dataset/train/AMD/amd_train_2796.jpg,1,512x1000
test,AMD,/media/miglab/DATA_20TB1/OCT/archive/RetinalOCT_Dataset/RetinalOCT_Dataset/test/AMD/amd_test_1279.jpg,1,512x1000
train,AMD,/media/miglab/DATA_20TB1/OCT/archive/RetinalOCT_Dataset/RetinalOCT_Dataset/train/AMD/amd_train_1607.jpg,1,512x1000
train,AMD,/media/miglab/DATA_20TB1/OCT/archive/RetinalOCT_Dataset/RetinalOCT_Dataset/train/AMD/amd_train_1092.jpg,1,512x1000
train,AMD,/media/miglab/DATA_20TB1/OCT/archive/RetinalOCT_Dataset/RetinalOCT_Dataset/train/AMD/amd_train_2541.jpg,1,512x1000
train,AMD,/media/miglab/DATA_20TB1/OCT/archive/RetinalOCT_Dataset/RetinalOCT_Dataset/train/AMD/amd_train_2410.jpg,1,512x1000
train,AMD,/media/miglab/DATA_20TB1/OCT/archive/RetinalOCT_Dataset/RetinalOCT_Dataset/train/AMD/amd_train_2596.jpg,1,512x1000
train,AMD,/media/miglab/DATA_20TB1/OCT/archive/RetinalOCT_Dataset/RetinalOCT_Dataset/train/AMD/amd_train_2397.jpg,1,512x1000
train,AMD,/media/miglab/DATA_20TB1/OCT/archive/RetinalOCT_Dataset/RetinalOCT_Dataset/train/AMD/amd_train_2616.jpg,1,512x1000
train,AMD,/media/miglab/DATA_20TB1/OCT/archive/RetinalOCT_Dataset/RetinalOCT_Dataset/train/AMD/amd_train_1581.jpg,1,512x1000
train,AMD,/media/miglab/DATA_20TB1/OCT/archive/RetinalOCT_Dataset/RetinalOCT_Dataset/train/AMD/amd_train_2044.jpg,1,512x1000
train,AMD,/media/miglab/DATA_20TB1/OCT/archive/RetinalOCT_Dataset/RetinalOCT_Dataset/train/AMD/amd_train_2435.jpg,1,512x1000
train,AMD,/media/miglab/DATA_20TB1/OCT/archive/RetinalOCT_Dataset/RetinalOCT_Dataset/train/AMD/amd_train_1044.jpg,1,512x1000
train,AMD,/media/miglab/DATA_20TB1/OCT/archive/RetinalOCT_Dataset/RetinalOCT_Dataset/train/AMD/amd_train_2721.jpg,1,512x1000
test,AMD,/media/miglab/DATA_20TB1/OCT/archive/RetinalOCT_Dataset/RetinalOCT_Dataset/test/AMD/amd_test_1114.jpg,1,512x1000
train,AMD,/media/miglab/DATA_20TB1/OCT/archive/RetinalOCT_Dataset/RetinalOCT_Dataset/train/AMD/amd_train_2692.jpg,1,512x1000
train,AMD,/media/miglab/DATA_20TB1/OCT/archive/RetinalOCT_Dataset/RetinalOCT_Dataset/train/AMD/amd_train_1129.jpg,1,512x1000
train,AMD,/media/miglab/DATA_20TB1/OCT/archive/RetinalOCT_Dataset/RetinalOCT_Dataset/train/AMD/amd_train_2962.jpg,1,512x1000
train,AMD,/media/miglab/DATA_20TB1/OCT/archive/RetinalOCT_Dataset/RetinalOCT_Dataset/train/AMD/amd_train_1119.jpg,1,512x1000
train,AMD,/media/miglab/DATA_20TB1/OCT/archive/RetinalOCT_Dataset/RetinalOCT_Dataset/train/AMD/amd_train_1471.jpg,1,512x1000
train,AMD,/media/miglab/DATA_20TB1/OCT/archive/RetinalOCT_Dataset/RetinalOCT_Dataset/train/AMD/amd_train_1264.jpg,1,512x1000
train,AMD,/media/miglab/DATA_20TB1/OCT/archive/RetinalOCT_Dataset/RetinalOCT_Dataset/train/AMD/amd_train_2857.jpg,1,512x1000
train,AMD,/media/miglab/DATA_20TB1/OCT/archive/RetinalOCT_Dataset/RetinalOCT_Dataset/train/AMD/amd_train_2647.jpg,1,512x1000
train,AMD,/media/miglab/DATA_20TB1/OCT/archive/RetinalOCT_Dataset/RetinalOCT_Dataset/train/AMD/amd_train_2182.jpg,1,512x1000
train,AMD,/media/miglab/DATA_20TB1/OCT/archive/RetinalOCT_Dataset/RetinalOCT_Dataset/train/AMD/amd_train_1427.jpg,1,512x1000
val,AMD,/media/miglab/DATA_20TB1/OCT/archive/RetinalOCT_Dataset/RetinalOCT_Dataset/val/AMD/amd_val_1019.jpg,1,512x1000
train,AMD,/media/miglab/DATA_20TB1/OCT/archive/RetinalOCT_Dataset/RetinalOCT_Dataset/train/AMD/amd_train_2342.jpg,1,512x1000
train,AMD,/media/miglab/DATA_20TB1/OCT/archive/RetinalOCT_Dataset/RetinalOCT_Dataset/train/AMD/amd_train_1932.jpg,1,512x1000
train,AMD,/media/miglab/DATA_20TB1/OCT/archive/RetinalOCT_Dataset/RetinalOCT_Dataset/train/AMD/amd_train_1876.jpg,1,512x1000
train,AMD,/media/miglab/DATA_20TB1/OCT/archive/RetinalOCT_Dataset/RetinalOCT_Dataset/train/AMD/amd_train_1789.jpg,1,512x1000
train,AMD,/media/miglab/DATA_20TB1/OCT/archive/RetinalOCT_Dataset/RetinalOCT_Dataset/train/AMD/amd_train_2341.jpg,1,512x1000
train,AMD,/media/miglab/DATA_20TB1/OCT/archive/RetinalOCT_Dataset/RetinalOCT_Dataset/train/AMD/amd_train_3066.jpg,1,512x1000
test,AMD,/media/miglab/DATA_20TB1/OCT/archive/RetinalOCT_Dataset/RetinalOCT_Dataset/test/AMD/amd_test_1082.jpg,1,512x1000
val,AMD,/media/miglab/DATA_20TB1/OCT/archive/RetinalOCT_Dataset/RetinalOCT_Dataset/val/AMD/amd_val_1091.jpg,1,512x1000
train,AMD,/media/miglab/DATA_20TB1/OCT/archive/RetinalOCT_Dataset/RetinalOCT_Dataset/train/AMD/amd_train_1733.jpg,1,512x1000
val,AMD,/media/miglab/DATA_20TB1/OCT/archive/RetinalOCT_Dataset/RetinalOCT_Dataset/val/AMD/amd_val_1229.jpg,1,512x1000
train,AMD,/media/miglab/DATA_20TB1/OCT/archive/RetinalOCT_Dataset/RetinalOCT_Dataset/train/AMD/amd_train_1683.jpg,1,512x1000
val,AMD,/media/miglab/DATA_20TB1/OCT/archive/RetinalOCT_Dataset/RetinalOCT_Dataset/val/AMD/amd_val_1010.jpg,1,512x1000
train,AMD,/media/miglab/DATA_20TB1/OCT/archive/RetinalOCT_Dataset/RetinalOCT_Dataset/train/AMD/amd_train_1632.jpg,1,512x1000
train,AMD,/media/miglab/DATA_20TB1/OCT/archive/RetinalOCT_Dataset/RetinalOCT_Dataset/train/AMD/amd_train_2122.jpg,1,512x1000
val,AMD,/media/miglab/DATA_20TB1/OCT/archive/RetinalOCT_Dataset/RetinalOCT_Dataset/val/AMD/amd_val_1347.jpg,1,512x1000
train,AMD,/media/miglab/DATA_20TB1/OCT/archive/RetinalOCT_Dataset/RetinalOCT_Dataset/train/AMD/amd_train_2680.jpg,1,512x1000
train,AMD,/media/miglab/DATA_20TB1/OCT/archive/RetinalOCT_Dataset/RetinalOCT_Dataset/train/AMD/amd_train_1516.jpg,1,512x1000
test,AMD,/media/miglab/DATA_20TB1/OCT/archive/RetinalOCT_Dataset/RetinalOCT_Dataset/test/AMD/amd_test_1345.jpg,1,512x1000
train,AMD,/media/miglab/DATA_20TB1/OCT/archive/RetinalOCT_Dataset/RetinalOCT_Dataset/train/AMD/amd_train_1152.jpg,1,512x1000
train,AMD,/media/miglab/DATA_20TB1/OCT/archive/RetinalOCT_Dataset/RetinalOCT_Dataset/train/AMD/amd_train_3072.jpg,1,512x1000
train,AMD,/media/miglab/DATA_20TB1/OCT/archive/RetinalOCT_Dataset/RetinalOCT_Dataset/train/AMD/amd_train_2542.jpg,1,512x1000
train,AMD,/media/miglab/DATA_20TB1/OCT/archive/RetinalOCT_Dataset/RetinalOCT_Dataset/train/AMD/amd_train_1776.jpg,1,512x1000
val,AMD,/media/miglab/DATA_20TB1/OCT/archive/RetinalOCT_Dataset/RetinalOCT_Dataset/val/AMD/amd_val_1305.jpg,1,512x1000
train,AMD,/media/miglab/DATA_20TB1/OCT/archive/RetinalOCT_Dataset/RetinalOCT_Dataset/train/AMD/amd_train_2367.jpg,1,512x1000
train,AMD,/media/miglab/DATA_20TB1/OCT/archive/RetinalOCT_Dataset/RetinalOCT_Dataset/train/AMD/amd_train_3042.jpg,1,512x1000
test,AMD,/media/miglab/DATA_20TB1/OCT/archive/RetinalOCT_Dataset/RetinalOCT_Dataset/test/AMD/amd_test_1267.jpg,1,512x1000
train,AMD,/media/miglab/DATA_20TB1/OCT/archive/RetinalOCT_Dataset/RetinalOCT_Dataset/train/AMD/amd_train_2192.jpg,1,512x1000
test,AMD,/media/miglab/DATA_20TB1/OCT/archive/RetinalOCT_Dataset/RetinalOCT_Dataset/test/AMD/amd_test_1319.jpg,1,512x1000
train,AMD,/media/miglab/DATA_20TB1/OCT/archive/RetinalOCT_Dataset/RetinalOCT_Dataset/train/AMD/amd_train_1107.jpg,1,512x1000
test,AMD,/media/miglab/DATA_20TB1/OCT/archive/RetinalOCT_Dataset/RetinalOCT_Dataset/test/AMD/amd_test_1140.jpg,1,512x1000
train,AMD,/media/miglab/DATA_20TB1/OCT/archive/RetinalOCT_Dataset/RetinalOCT_Dataset/train/AMD/amd_train_2306.jpg,1,512x1000
test,AMD,/media/miglab/DATA_20TB1/OCT/archive/RetinalOCT_Dataset/RetinalOCT_Dataset/test/AMD/amd_test_1068.jpg,1,512x1000
val,AMD,/media/miglab/DATA_20TB1/OCT/archive/RetinalOCT_Dataset/RetinalOCT_Dataset/val/AMD/amd_val_1323.jpg,1,512x1000
train,AMD,/media/miglab/DATA_20TB1/OCT/archive/RetinalOCT_Dataset/RetinalOCT_Dataset/train/AMD/amd_train_2368.jpg,1,512x1000
train,AMD,/media/miglab/DATA_20TB1/OCT/archive/RetinalOCT_Dataset/RetinalOCT_Dataset/train/AMD/amd_train_2557.jpg,1,512x1000
train,AMD,/media/miglab/DATA_20TB1/OCT/archive/RetinalOCT_Dataset/RetinalOCT_Dataset/train/AMD/amd_train_1038.jpg,1,512x1000
train,AMD,/media/miglab/DATA_20TB1/OCT/archive/RetinalOCT_Dataset/RetinalOCT_Dataset/train/AMD/amd_train_1830.jpg,1,512x1000
train,AMD,/media/miglab/DATA_20TB1/OCT/archive/RetinalOCT_Dataset/RetinalOCT_Dataset/train/AMD/amd_train_1708.jpg,1,512x1000
train,AMD,/media/miglab/DATA_20TB1/OCT/archive/RetinalOCT_Dataset/RetinalOCT_Dataset/train/AMD/amd_train_2462.jpg,1,512x1000
train,AMD,/media/miglab/DATA_20TB1/OCT/archive/RetinalOCT_Dataset/RetinalOCT_Dataset/train/AMD/amd_train_3035.jpg,1,512x1000
train,AMD,/media/miglab/DATA_20TB1/OCT/archive/RetinalOCT_Dataset/RetinalOCT_Dataset/train/AMD/amd_train_1630.jpg,1,512x1000
train,AMD,/media/miglab/DATA_20TB1/OCT/archive/RetinalOCT_Dataset/RetinalOCT_Dataset/train/AMD/amd_train_1318.jpg,1,512x1000
train,AMD,/media/miglab/DATA_20TB1/OCT/archive/RetinalOCT_Dataset/RetinalOCT_Dataset/train/AMD/amd_train_2239.jpg,1,512x1000
train,AMD,/media/miglab/DATA_20TB1/OCT/archive/RetinalOCT_Dataset/RetinalOCT_Dataset/train/AMD/amd_train_2905.jpg,1,512x1000
train,AMD,/media/miglab/DATA_20TB1/OCT/archive/RetinalOCT_Dataset/RetinalOCT_Dataset/train/AMD/amd_train_1131.jpg,1,512x1000
train,AMD,/media/miglab/DATA_20TB1/OCT/archive/RetinalOCT_Dataset/RetinalOCT_Dataset/train/AMD/amd_train_2715.jpg,1,512x1000
train,AMD,/media/miglab/DATA_20TB1/OCT/archive/RetinalOCT_Dataset/RetinalOCT_Dataset/train/AMD/amd_train_1020.jpg,1,512x1000
train,AMD,/media/miglab/DATA_20TB1/OCT/archive/RetinalOCT_Dataset/RetinalOCT_Dataset/train/AMD/amd_train_1064.jpg,1,512x1000
train,AMD,/media/miglab/DATA_20TB1/OCT/archive/RetinalOCT_Dataset/RetinalOCT_Dataset/train/AMD/amd_train_1929.jpg,1,512x1000
train,AMD,/media/miglab/DATA_20TB1/OCT/archive/RetinalOCT_Dataset/RetinalOCT_Dataset/train/AMD/amd_train_2374.jpg,1,512x1000
train,AMD,/media/miglab/DATA_20TB1/OCT/archive/RetinalOCT_Dataset/RetinalOCT_Dataset/train/AMD/amd_train_2181.jpg,1,512x1000
train,AMD,/media/miglab/DATA_20TB1/OCT/archive/RetinalOCT_Dataset/RetinalOCT_Dataset/train/AMD/amd_train_2157.jpg,1,512x1000
train,AMD,/media/miglab/DATA_20TB1/OCT/archive/RetinalOCT_Dataset/RetinalOCT_Dataset/train/AMD/amd_train_2516.jpg,1,512x1000
train,AMD,/media/miglab/DATA_20TB1/OCT/archive/RetinalOCT_Dataset/RetinalOCT_Dataset/train/AMD/amd_train_2614.jpg,1,512x1000
train,AMD,/media/miglab/DATA_20TB1/OCT/archive/RetinalOCT_Dataset/RetinalOCT_Dataset/train/AMD/amd_train_1636.jpg,1,512x1000
train,AMD,/media/miglab/DATA_20TB1/OCT/archive/RetinalOCT_Dataset/RetinalOCT_Dataset/train/AMD/amd_train_1445.jpg,1,512x1000
val,AMD,/media/miglab/DATA_20TB1/OCT/archive/RetinalOCT_Dataset/RetinalOCT_Dataset/val/AMD/amd_val_1143.jpg,1,512x1000
train,AMD,/media/miglab/DATA_20TB1/OCT/archive/RetinalOCT_Dataset/RetinalOCT_Dataset/train/AMD/amd_train_1644.jpg,1,512x1000
train,AMD,/media/miglab/DATA_20TB1/OCT/archive/RetinalOCT_Dataset/RetinalOCT_Dataset/train/AMD/amd_train_1395.jpg,1,512x1000
train,AMD,/media/miglab/DATA_20TB1/OCT/archive/RetinalOCT_Dataset/RetinalOCT_Dataset/train/AMD/amd_train_2425.jpg,1,512x1000
train,AMD,/media/miglab/DATA_20TB1/OCT/archive/RetinalOCT_Dataset/RetinalOCT_Dataset/train/AMD/amd_train_1193.jpg,1,512x1000
train,AMD,/media/miglab/DATA_20TB1/OCT/archive/RetinalOCT_Dataset/RetinalOCT_Dataset/train/AMD/amd_train_2571.jpg,1,512x1000
train,AMD,/media/miglab/DATA_20TB1/OCT/archive/RetinalOCT_Dataset/RetinalOCT_Dataset/train/AMD/amd_train_2578.jpg,1,512x1000
train,AMD,/media/miglab/DATA_20TB1/OCT/archive/RetinalOCT_Dataset/RetinalOCT_Dataset/train/AMD/amd_train_2904.jpg,1,512x1000
train,AMD,/media/miglab/DATA_20TB1/OCT/archive/RetinalOCT_Dataset/RetinalOCT_Dataset/train/AMD/amd_train_2576.jpg,1,512x1000
train,AMD,/media/miglab/DATA_20TB1/OCT/archive/RetinalOCT_Dataset/RetinalOCT_Dataset/train/AMD/amd_train_2606.jpg,1,512x1000
train,AMD,/media/miglab/DATA_20TB1/OCT/archive/RetinalOCT_Dataset/RetinalOCT_Dataset/train/AMD/amd_train_3138.jpg,1,512x1000
train,AMD,/media/miglab/DATA_20TB1/OCT/archive/RetinalOCT_Dataset/RetinalOCT_Dataset/train/AMD/amd_train_2443.jpg,1,512x1000
train,AMD,/media/miglab/DATA_20TB1/OCT/archive/RetinalOCT_Dataset/RetinalOCT_Dataset/train/AMD/amd_train_2959.jpg,1,512x1000
train,AMD,/media/miglab/DATA_20TB1/OCT/archive/RetinalOCT_Dataset/RetinalOCT_Dataset/train/AMD/amd_train_2532.jpg,1,512x1000
test,AMD,/media/miglab/DATA_20TB1/OCT/archive/RetinalOCT_Dataset/RetinalOCT_Dataset/test/AMD/amd_test_1339.jpg,1,512x1000
train,AMD,/media/miglab/DATA_20TB1/OCT/archive/RetinalOCT_Dataset/RetinalOCT_Dataset/train/AMD/amd_train_1366.jpg,1,512x1000
test,AMD,/media/miglab/DATA_20TB1/OCT/archive/RetinalOCT_Dataset/RetinalOCT_Dataset/test/AMD/amd_test_1290.jpg,1,512x1000
train,AMD,/media/miglab/DATA_20TB1/OCT/archive/RetinalOCT_Dataset/RetinalOCT_Dataset/train/AMD/amd_train_3130.jpg,1,512x1000
test,AMD,/media/miglab/DATA_20TB1/OCT/archive/RetinalOCT_Dataset/RetinalOCT_Dataset/test/AMD/amd_test_1329.jpg,1,512x1000
val,AMD,/media/miglab/DATA_20TB1/OCT/archive/RetinalOCT_Dataset/RetinalOCT_Dataset/val/AMD/amd_val_1263.jpg,1,512x1000
train,AMD,/media/miglab/DATA_20TB1/OCT/archive/RetinalOCT_Dataset/RetinalOCT_Dataset/train/AMD/amd_train_2934.jpg,1,512x1000
train,AMD,/media/miglab/DATA_20TB1/OCT/archive/RetinalOCT_Dataset/RetinalOCT_Dataset/train/AMD/amd_train_1492.jpg,1,512x1000
test,AMD,/media/miglab/DATA_20TB1/OCT/archive/RetinalOCT_Dataset/RetinalOCT_Dataset/test/AMD/amd_test_1240.jpg,1,512x1000
train,AMD,/media/miglab/DATA_20TB1/OCT/archive/RetinalOCT_Dataset/RetinalOCT_Dataset/train/AMD/amd_train_1291.jpg,1,512x1000
train,AMD,/media/miglab/DATA_20TB1/OCT/archive/RetinalOCT_Dataset/RetinalOCT_Dataset/train/AMD/amd_train_1256.jpg,1,512x1000
train,AMD,/media/miglab/DATA_20TB1/OCT/archive/RetinalOCT_Dataset/RetinalOCT_Dataset/train/AMD/amd_train_1895.jpg,1,512x1000
train,AMD,/media/miglab/DATA_20TB1/OCT/archive/RetinalOCT_Dataset/RetinalOCT_Dataset/train/AMD/amd_train_1860.jpg,1,512x1000
train,AMD,/media/miglab/DATA_20TB1/OCT/archive/RetinalOCT_Dataset/RetinalOCT_Dataset/train/AMD/amd_train_3287.jpg,1,512x1000
train,AMD,/media/miglab/DATA_20TB1/OCT/archive/RetinalOCT_Dataset/RetinalOCT_Dataset/train/AMD/amd_train_1017.jpg,1,512x1000
train,AMD,/media/miglab/DATA_20TB1/OCT/archive/RetinalOCT_Dataset/RetinalOCT_Dataset/train/AMD/amd_train_1443.jpg,1,512x1000
train,AMD,/media/miglab/DATA_20TB1/OCT/archive/RetinalOCT_Dataset/RetinalOCT_Dataset/train/AMD/amd_train_1625.jpg,1,512x1000
train,AMD,/media/miglab/DATA_20TB1/OCT/archive/RetinalOCT_Dataset/RetinalOCT_Dataset/train/AMD/amd_train_2077.jpg,1,512x1000
train,AMD,/media/miglab/DATA_20TB1/OCT/archive/RetinalOCT_Dataset/RetinalOCT_Dataset/train/AMD/amd_train_1936.jpg,1,512x1000
train,AMD,/media/miglab/DATA_20TB1/OCT/archive/RetinalOCT_Dataset/RetinalOCT_Dataset/train/AMD/amd_train_2789.jpg,1,512x1000
train,AMD,/media/miglab/DATA_20TB1/OCT/archive/RetinalOCT_Dataset/RetinalOCT_Dataset/train/AMD/amd_train_2098.jpg,1,512x1000
train,AMD,/media/miglab/DATA_20TB1/OCT/archive/RetinalOCT_Dataset/RetinalOCT_Dataset/train/AMD/amd_train_2923.jpg,1,512x1000
train,AMD,/media/miglab/DATA_20TB1/OCT/archive/RetinalOCT_Dataset/RetinalOCT_Dataset/train/AMD/amd_train_2032.jpg,1,512x1000
train,AMD,/media/miglab/DATA_20TB1/OCT/archive/RetinalOCT_Dataset/RetinalOCT_Dataset/train/AMD/amd_train_1912.jpg,1,512x1000
train,AMD,/media/miglab/DATA_20TB1/OCT/archive/RetinalOCT_Dataset/RetinalOCT_Dataset/train/AMD/amd_train_3227.jpg,1,512x1000
train,AMD,/media/miglab/DATA_20TB1/OCT/archive/RetinalOCT_Dataset/RetinalOCT_Dataset/train/AMD/amd_train_2146.jpg,1,512x1000
train,AMD,/media/miglab/DATA_20TB1/OCT/archive/RetinalOCT_Dataset/RetinalOCT_Dataset/train/AMD/amd_train_2827.jpg,1,512x1000
train,AMD,/media/miglab/DATA_20TB1/OCT/archive/RetinalOCT_Dataset/RetinalOCT_Dataset/train/AMD/amd_train_3207.jpg,1,512x1000
train,AMD,/media/miglab/DATA_20TB1/OCT/archive/RetinalOCT_Dataset/RetinalOCT_Dataset/train/AMD/amd_train_1972.jpg,1,512x1000
train,AMD,/media/miglab/DATA_20TB1/OCT/archive/RetinalOCT_Dataset/RetinalOCT_Dataset/train/AMD/amd_train_2206.jpg,1,512x1000
train,AMD,/media/miglab/DATA_20TB1/OCT/archive/RetinalOCT_Dataset/RetinalOCT_Dataset/train/AMD/amd_train_2471.jpg,1,512x1000
val,AMD,/media/miglab/DATA_20TB1/OCT/archive/RetinalOCT_Dataset/RetinalOCT_Dataset/val/AMD/amd_val_1328.jpg,1,512x1000
train,AMD,/media/miglab/DATA_20TB1/OCT/archive/RetinalOCT_Dataset/RetinalOCT_Dataset/train/AMD/amd_train_1512.jpg,1,512x1000
test,AMD,/media/miglab/DATA_20TB1/OCT/archive/RetinalOCT_Dataset/RetinalOCT_Dataset/test/AMD/amd_test_1200.jpg,1,512x1000
train,AMD,/media/miglab/DATA_20TB1/OCT/archive/RetinalOCT_Dataset/RetinalOCT_Dataset/train/AMD/amd_train_3086.jpg,1,512x1000
train,AMD,/media/miglab/DATA_20TB1/OCT/archive/RetinalOCT_Dataset/RetinalOCT_Dataset/train/AMD/amd_train_3200.jpg,1,512x1000
train,AMD,/media/miglab/DATA_20TB1/OCT/archive/RetinalOCT_Dataset/RetinalOCT_Dataset/train/AMD/amd_train_2870.jpg,1,512x1000
train,AMD,/media/miglab/DATA_20TB1/OCT/archive/RetinalOCT_Dataset/RetinalOCT_Dataset/train/AMD/amd_train_2086.jpg,1,512x1000
train,AMD,/media/miglab/DATA_20TB1/OCT/archive/RetinalOCT_Dataset/RetinalOCT_Dataset/train/AMD/amd_train_2058.jpg,1,512x1000
val,AMD,/media/miglab/DATA_20TB1/OCT/archive/RetinalOCT_Dataset/RetinalOCT_Dataset/val/AMD/amd_val_1007.jpg,1,512x1000
train,AMD,/media/miglab/DATA_20TB1/OCT/archive/RetinalOCT_Dataset/RetinalOCT_Dataset/train/AMD/amd_train_2436.jpg,1,512x1000
train,AMD,/media/miglab/DATA_20TB1/OCT/archive/RetinalOCT_Dataset/RetinalOCT_Dataset/train/AMD/amd_train_1414.jpg,1,512x1000
train,AMD,/media/miglab/DATA_20TB1/OCT/archive/RetinalOCT_Dataset/RetinalOCT_Dataset/train/AMD/amd_train_2882.jpg,1,512x1000
train,AMD,/media/miglab/DATA_20TB1/OCT/archive/RetinalOCT_Dataset/RetinalOCT_Dataset/train/AMD/amd_train_2152.jpg,1,512x1000
train,AMD,/media/miglab/DATA_20TB1/OCT/archive/RetinalOCT_Dataset/RetinalOCT_Dataset/train/AMD/amd_train_3197.jpg,1,512x1000
train,AMD,/media/miglab/DATA_20TB1/OCT/archive/RetinalOCT_Dataset/RetinalOCT_Dataset/train/AMD/amd_train_2175.jpg,1,512x1000
train,AMD,/media/miglab/DATA_20TB1/OCT/archive/RetinalOCT_Dataset/RetinalOCT_Dataset/train/AMD/amd_train_2555.jpg,1,512x1000
train,AMD,/media/miglab/DATA_20TB1/OCT/archive/RetinalOCT_Dataset/RetinalOCT_Dataset/train/AMD/amd_train_2497.jpg,1,512x1000
test,AMD,/media/miglab/DATA_20TB1/OCT/archive/RetinalOCT_Dataset/RetinalOCT_Dataset/test/AMD/amd_test_1337.jpg,1,512x1000
train,AMD,/media/miglab/DATA_20TB1/OCT/archive/RetinalOCT_Dataset/RetinalOCT_Dataset/train/AMD/amd_train_2920.jpg,1,512x1000
val,AMD,/media/miglab/DATA_20TB1/OCT/archive/RetinalOCT_Dataset/RetinalOCT_Dataset/val/AMD/amd_val_1036.jpg,1,512x1000
test,AMD,/media/miglab/DATA_20TB1/OCT/archive/RetinalOCT_Dataset/RetinalOCT_Dataset/test/AMD/amd_test_1101.jpg,1,512x1000
train,AMD,/media/miglab/DATA_20TB1/OCT/archive/RetinalOCT_Dataset/RetinalOCT_Dataset/train/AMD/amd_train_3246.jpg,1,512x1000
test,AMD,/media/miglab/DATA_20TB1/OCT/archive/RetinalOCT_Dataset/RetinalOCT_Dataset/test/AMD/amd_test_1001.jpg,1,512x1000
train,AMD,/media/miglab/DATA_20TB1/OCT/archive/RetinalOCT_Dataset/RetinalOCT_Dataset/train/AMD/amd_train_2957.jpg,1,512x1000
train,AMD,/media/miglab/DATA_20TB1/OCT/archive/RetinalOCT_Dataset/RetinalOCT_Dataset/train/AMD/amd_train_1464.jpg,1,512x1000
train,AMD,/media/miglab/DATA_20TB1/OCT/archive/RetinalOCT_Dataset/RetinalOCT_Dataset/train/AMD/amd_train_3076.jpg,1,512x1000
train,AMD,/media/miglab/DATA_20TB1/OCT/archive/RetinalOCT_Dataset/RetinalOCT_Dataset/train/AMD/amd_train_2635.jpg,1,512x1000
train,AMD,/media/miglab/DATA_20TB1/OCT/archive/RetinalOCT_Dataset/RetinalOCT_Dataset/train/AMD/amd_train_1710.jpg,1,512x1000
train,AMD,/media/miglab/DATA_20TB1/OCT/archive/RetinalOCT_Dataset/RetinalOCT_Dataset/train/AMD/amd_train_1462.jpg,1,512x1000
train,AMD,/media/miglab/DATA_20TB1/OCT/archive/RetinalOCT_Dataset/RetinalOCT_Dataset/train/AMD/amd_train_1645.jpg,1,512x1000
train,AMD,/media/miglab/DATA_20TB1/OCT/archive/RetinalOCT_Dataset/RetinalOCT_Dataset/train/AMD/amd_train_2434.jpg,1,512x1000
train,AMD,/media/miglab/DATA_20TB1/OCT/archive/RetinalOCT_Dataset/RetinalOCT_Dataset/train/AMD/amd_train_1523.jpg,1,512x1000
train,AMD,/media/miglab/DATA_20TB1/OCT/archive/RetinalOCT_Dataset/RetinalOCT_Dataset/train/AMD/amd_train_1149.jpg,1,512x1000
train,AMD,/media/miglab/DATA_20TB1/OCT/archive/RetinalOCT_Dataset/RetinalOCT_Dataset/train/AMD/amd_train_1810.jpg,1,512x1000
train,AMD,/media/miglab/DATA_20TB1/OCT/archive/RetinalOCT_Dataset/RetinalOCT_Dataset/train/AMD/amd_train_1883.jpg,1,512x1000
train,AMD,/media/miglab/DATA_20TB1/OCT/archive/RetinalOCT_Dataset/RetinalOCT_Dataset/train/AMD/amd_train_2696.jpg,1,512x1000
train,AMD,/media/miglab/DATA_20TB1/OCT/archive/RetinalOCT_Dataset/RetinalOCT_Dataset/train/AMD/amd_train_2351.jpg,1,512x1000
train,AMD,/media/miglab/DATA_20TB1/OCT/archive/RetinalOCT_Dataset/RetinalOCT_Dataset/train/AMD/amd_train_2127.jpg,1,512x1000
train,AMD,/media/miglab/DATA_20TB1/OCT/archive/RetinalOCT_Dataset/RetinalOCT_Dataset/train/AMD/amd_train_2490.jpg,1,512x1000
val,AMD,/media/miglab/DATA_20TB1/OCT/archive/RetinalOCT_Dataset/RetinalOCT_Dataset/val/AMD/amd_val_1227.jpg,1,512x1000
train,AMD,/media/miglab/DATA_20TB1/OCT/archive/RetinalOCT_Dataset/RetinalOCT_Dataset/train/AMD/amd_train_2217.jpg,1,512x1000
train,AMD,/media/miglab/DATA_20TB1/OCT/archive/RetinalOCT_Dataset/RetinalOCT_Dataset/train/AMD/amd_train_2804.jpg,1,512x1000
train,AMD,/media/miglab/DATA_20TB1/OCT/archive/RetinalOCT_Dataset/RetinalOCT_Dataset/train/AMD/amd_train_1571.jpg,1,512x1000
train,AMD,/media/miglab/DATA_20TB1/OCT/archive/RetinalOCT_Dataset/RetinalOCT_Dataset/train/AMD/amd_train_1347.jpg,1,512x1000
val,AMD,/media/miglab/DATA_20TB1/OCT/archive/RetinalOCT_Dataset/RetinalOCT_Dataset/val/AMD/amd_val_1030.jpg,1,512x1000
val,AMD,/media/miglab/DATA_20TB1/OCT/archive/RetinalOCT_Dataset/RetinalOCT_Dataset/val/AMD/amd_val_1211.jpg,1,512x1000
val,AMD,/media/miglab/DATA_20TB1/OCT/archive/RetinalOCT_Dataset/RetinalOCT_Dataset/val/AMD/amd_val_1045.jpg,1,512x1000
test,AMD,/media/miglab/DATA_20TB1/OCT/archive/RetinalOCT_Dataset/RetinalOCT_Dataset/test/AMD/amd_test_1302.jpg,1,512x1000
train,AMD,/media/miglab/DATA_20TB1/OCT/archive/RetinalOCT_Dataset/RetinalOCT_Dataset/train/AMD/amd_train_2548.jpg,1,512x1000
train,AMD,/media/miglab/DATA_20TB1/OCT/archive/RetinalOCT_Dataset/RetinalOCT_Dataset/train/AMD/amd_train_2657.jpg,1,512x1000
val,AMD,/media/miglab/DATA_20TB1/OCT/archive/RetinalOCT_Dataset/RetinalOCT_Dataset/val/AMD/amd_val_1080.jpg,1,512x1000
train,AMD,/media/miglab/DATA_20TB1/OCT/archive/RetinalOCT_Dataset/RetinalOCT_Dataset/train/AMD/amd_train_1246.jpg,1,512x1000
train,AMD,/media/miglab/DATA_20TB1/OCT/archive/RetinalOCT_Dataset/RetinalOCT_Dataset/train/AMD/amd_train_3153.jpg,1,512x1000
val,AMD,/media/miglab/DATA_20TB1/OCT/archive/RetinalOCT_Dataset/RetinalOCT_Dataset/val/AMD/amd_val_1133.jpg,1,512x1000
val,AMD,/media/miglab/DATA_20TB1/OCT/archive/RetinalOCT_Dataset/RetinalOCT_Dataset/val/AMD/amd_val_1232.jpg,1,512x1000
val,AMD,/media/miglab/DATA_20TB1/OCT/archive/RetinalOCT_Dataset/RetinalOCT_Dataset/val/AMD/amd_val_1339.jpg,1,512x1000
train,AMD,/media/miglab/DATA_20TB1/OCT/archive/RetinalOCT_Dataset/RetinalOCT_Dataset/train/AMD/amd_train_1263.jpg,1,512x1000
val,AMD,/media/miglab/DATA_20TB1/OCT/archive/RetinalOCT_Dataset/RetinalOCT_Dataset/val/AMD/amd_val_1025.jpg,1,512x1000
train,AMD,/media/miglab/DATA_20TB1/OCT/archive/RetinalOCT_Dataset/RetinalOCT_Dataset/train/AMD/amd_train_1768.jpg,1,512x1000
test,AMD,/media/miglab/DATA_20TB1/OCT/archive/RetinalOCT_Dataset/RetinalOCT_Dataset/test/AMD/amd_test_1170.jpg,1,512x1000
train,AMD,/media/miglab/DATA_20TB1/OCT/archive/RetinalOCT_Dataset/RetinalOCT_Dataset/train/AMD/amd_train_3060.jpg,1,512x1000
train,AMD,/media/miglab/DATA_20TB1/OCT/archive/RetinalOCT_Dataset/RetinalOCT_Dataset/train/AMD/amd_train_2822.jpg,1,512x1000
test,AMD,/media/miglab/DATA_20TB1/OCT/archive/RetinalOCT_Dataset/RetinalOCT_Dataset/test/AMD/amd_test_1149.jpg,1,512x1000
test,AMD,/media/miglab/DATA_20TB1/OCT/archive/RetinalOCT_Dataset/RetinalOCT_Dataset/test/AMD/amd_test_1148.jpg,1,512x1000
train,AMD,/media/miglab/DATA_20TB1/OCT/archive/RetinalOCT_Dataset/RetinalOCT_Dataset/train/AMD/amd_train_1268.jpg,1,512x1000
train,AMD,/media/miglab/DATA_20TB1/OCT/archive/RetinalOCT_Dataset/RetinalOCT_Dataset/train/AMD/amd_train_2180.jpg,1,512x1000
train,AMD,/media/miglab/DATA_20TB1/OCT/archive/RetinalOCT_Dataset/RetinalOCT_Dataset/train/AMD/amd_train_1872.jpg,1,512x1000
train,AMD,/media/miglab/DATA_20TB1/OCT/archive/RetinalOCT_Dataset/RetinalOCT_Dataset/train/AMD/amd_train_1051.jpg,1,512x1000
train,AMD,/media/miglab/DATA_20TB1/OCT/archive/RetinalOCT_Dataset/RetinalOCT_Dataset/train/AMD/amd_train_2334.jpg,1,512x1000
test,AMD,/media/miglab/DATA_20TB1/OCT/archive/RetinalOCT_Dataset/RetinalOCT_Dataset/test/AMD/amd_test_1102.jpg,1,512x1000
train,AMD,/media/miglab/DATA_20TB1/OCT/archive/RetinalOCT_Dataset/RetinalOCT_Dataset/train/AMD/amd_train_2088.jpg,1,512x1000
train,AMD,/media/miglab/DATA_20TB1/OCT/archive/RetinalOCT_Dataset/RetinalOCT_Dataset/train/AMD/amd_train_1491.jpg,1,512x1000
train,AMD,/media/miglab/DATA_20TB1/OCT/archive/RetinalOCT_Dataset/RetinalOCT_Dataset/train/AMD/amd_train_1397.jpg,1,512x1000
test,AMD,/media/miglab/DATA_20TB1/OCT/archive/RetinalOCT_Dataset/RetinalOCT_Dataset/test/AMD/amd_test_1323.jpg,1,512x1000
train,AMD,/media/miglab/DATA_20TB1/OCT/archive/RetinalOCT_Dataset/RetinalOCT_Dataset/train/AMD/amd_train_1971.jpg,1,512x1000
train,AMD,/media/miglab/DATA_20TB1/OCT/archive/RetinalOCT_Dataset/RetinalOCT_Dataset/train/AMD/amd_train_3211.jpg,1,512x1000
val,AMD,/media/miglab/DATA_20TB1/OCT/archive/RetinalOCT_Dataset/RetinalOCT_Dataset/val/AMD/amd_val_1015.jpg,1,512x1000
train,AMD,/media/miglab/DATA_20TB1/OCT/archive/RetinalOCT_Dataset/RetinalOCT_Dataset/train/AMD/amd_train_2862.jpg,1,512x1000
val,AMD,/media/miglab/DATA_20TB1/OCT/archive/RetinalOCT_Dataset/RetinalOCT_Dataset/val/AMD/amd_val_1210.jpg,1,512x1000
train,AMD,/media/miglab/DATA_20TB1/OCT/archive/RetinalOCT_Dataset/RetinalOCT_Dataset/train/AMD/amd_train_2201.jpg,1,512x1000
val,AMD,/media/miglab/DATA_20TB1/OCT/archive/RetinalOCT_Dataset/RetinalOCT_Dataset/val/AMD/amd_val_1134.jpg,1,512x1000
train,AMD,/media/miglab/DATA_20TB1/OCT/archive/RetinalOCT_Dataset/RetinalOCT_Dataset/train/AMD/amd_train_2236.jpg,1,512x1000
train,AMD,/media/miglab/DATA_20TB1/OCT/archive/RetinalOCT_Dataset/RetinalOCT_Dataset/train/AMD/amd_train_3217.jpg,1,512x1000
train,AMD,/media/miglab/DATA_20TB1/OCT/archive/RetinalOCT_Dataset/RetinalOCT_Dataset/train/AMD/amd_train_2051.jpg,1,512x1000
train,AMD,/media/miglab/DATA_20TB1/OCT/archive/RetinalOCT_Dataset/RetinalOCT_Dataset/train/AMD/amd_train_1249.jpg,1,512x1000
test,AMD,/media/miglab/DATA_20TB1/OCT/archive/RetinalOCT_Dataset/RetinalOCT_Dataset/test/AMD/amd_test_1219.jpg,1,512x1000
train,AMD,/media/miglab/DATA_20TB1/OCT/archive/RetinalOCT_Dataset/RetinalOCT_Dataset/train/AMD/amd_train_3271.jpg,1,512x1000
train,AMD,/media/miglab/DATA_20TB1/OCT/archive/RetinalOCT_Dataset/RetinalOCT_Dataset/train/AMD/amd_train_1919.jpg,1,512x1000
train,AMD,/media/miglab/DATA_20TB1/OCT/archive/RetinalOCT_Dataset/RetinalOCT_Dataset/train/AMD/amd_train_2260.jpg,1,512x1000
train,AMD,/media/miglab/DATA_20TB1/OCT/archive/RetinalOCT_Dataset/RetinalOCT_Dataset/train/AMD/amd_train_1551.jpg,1,512x1000
train,AMD,/media/miglab/DATA_20TB1/OCT/archive/RetinalOCT_Dataset/RetinalOCT_Dataset/train/AMD/amd_train_1702.jpg,1,512x1000
train,AMD,/media/miglab/DATA_20TB1/OCT/archive/RetinalOCT_Dataset/RetinalOCT_Dataset/train/AMD/amd_train_1438.jpg,1,512x1000
train,AMD,/media/miglab/DATA_20TB1/OCT/archive/RetinalOCT_Dataset/RetinalOCT_Dataset/train/AMD/amd_train_1923.jpg,1,512x1000
train,AMD,/media/miglab/DATA_20TB1/OCT/archive/RetinalOCT_Dataset/RetinalOCT_Dataset/train/AMD/amd_train_1798.jpg,1,512x1000
train,AMD,/media/miglab/DATA_20TB1/OCT/archive/RetinalOCT_Dataset/RetinalOCT_Dataset/train/AMD/amd_train_1349.jpg,1,512x1000
train,AMD,/media/miglab/DATA_20TB1/OCT/archive/RetinalOCT_Dataset/RetinalOCT_Dataset/train/AMD/amd_train_2339.jpg,1,512x1000
test,AMD,/media/miglab/DATA_20TB1/OCT/archive/RetinalOCT_Dataset/RetinalOCT_Dataset/test/AMD/amd_test_1145.jpg,1,512x1000
val,AMD,/media/miglab/DATA_20TB1/OCT/archive/RetinalOCT_Dataset/RetinalOCT_Dataset/val/AMD/amd_val_1207.jpg,1,512x1000
train,AMD,/media/miglab/DATA_20TB1/OCT/archive/RetinalOCT_Dataset/RetinalOCT_Dataset/train/AMD/amd_train_2029.jpg,1,512x1000
val,AMD,/media/miglab/DATA_20TB1/OCT/archive/RetinalOCT_Dataset/RetinalOCT_Dataset/val/AMD/amd_val_1188.jpg,1,512x1000
train,AMD,/media/miglab/DATA_20TB1/OCT/archive/RetinalOCT_Dataset/RetinalOCT_Dataset/train/AMD/amd_train_1515.jpg,1,512x1000
train,AMD,/media/miglab/DATA_20TB1/OCT/archive/RetinalOCT_Dataset/RetinalOCT_Dataset/train/AMD/amd_train_2762.jpg,1,512x1000
train,AMD,/media/miglab/DATA_20TB1/OCT/archive/RetinalOCT_Dataset/RetinalOCT_Dataset/train/AMD/amd_train_2092.jpg,1,512x1000
test,AMD,/media/miglab/DATA_20TB1/OCT/archive/RetinalOCT_Dataset/RetinalOCT_Dataset/test/AMD/amd_test_1295.jpg,1,512x1000
train,AMD,/media/miglab/DATA_20TB1/OCT/archive/RetinalOCT_Dataset/RetinalOCT_Dataset/train/AMD/amd_train_1151.jpg,1,512x1000
val,AMD,/media/miglab/DATA_20TB1/OCT/archive/RetinalOCT_Dataset/RetinalOCT_Dataset/val/AMD/amd_val_1070.jpg,1,512x1000
train,AMD,/media/miglab/DATA_20TB1/OCT/archive/RetinalOCT_Dataset/RetinalOCT_Dataset/train/AMD/amd_train_1480.jpg,1,512x1000
test,AMD,/media/miglab/DATA_20TB1/OCT/archive/RetinalOCT_Dataset/RetinalOCT_Dataset/test/AMD/amd_test_1112.jpg,1,512x1000
train,AMD,/media/miglab/DATA_20TB1/OCT/archive/RetinalOCT_Dataset/RetinalOCT_Dataset/train/AMD/amd_train_1411.jpg,1,512x1000
train,AMD,/media/miglab/DATA_20TB1/OCT/archive/RetinalOCT_Dataset/RetinalOCT_Dataset/train/AMD/amd_train_1786.jpg,1,512x1000
train,AMD,/media/miglab/DATA_20TB1/OCT/archive/RetinalOCT_Dataset/RetinalOCT_Dataset/train/AMD/amd_train_2106.jpg,1,512x1000
train,AMD,/media/miglab/DATA_20TB1/OCT/archive/RetinalOCT_Dataset/RetinalOCT_Dataset/train/AMD/amd_train_2007.jpg,1,512x1000
train,AMD,/media/miglab/DATA_20TB1/OCT/archive/RetinalOCT_Dataset/RetinalOCT_Dataset/train/AMD/amd_train_1986.jpg,1,512x1000
train,AMD,/media/miglab/DATA_20TB1/OCT/archive/RetinalOCT_Dataset/RetinalOCT_Dataset/train/AMD/amd_train_2863.jpg,1,512x1000
train,AMD,/media/miglab/DATA_20TB1/OCT/archive/RetinalOCT_Dataset/RetinalOCT_Dataset/train/AMD/amd_train_1613.jpg,1,512x1000
train,AMD,/media/miglab/DATA_20TB1/OCT/archive/RetinalOCT_Dataset/RetinalOCT_Dataset/train/AMD/amd_train_2361.jpg,1,512x1000
train,AMD,/media/miglab/DATA_20TB1/OCT/archive/RetinalOCT_Dataset/RetinalOCT_Dataset/train/AMD/amd_train_2464.jpg,1,512x1000
val,AMD,/media/miglab/DATA_20TB1/OCT/archive/RetinalOCT_Dataset/RetinalOCT_Dataset/val/AMD/amd_val_1300.jpg,1,512x1000
val,AMD,/media/miglab/DATA_20TB1/OCT/archive/RetinalOCT_Dataset/RetinalOCT_Dataset/val/AMD/amd_val_1006.jpg,1,512x1000
train,AMD,/media/miglab/DATA_20TB1/OCT/archive/RetinalOCT_Dataset/RetinalOCT_Dataset/train/AMD/amd_train_1753.jpg,1,512x1000
train,AMD,/media/miglab/DATA_20TB1/OCT/archive/RetinalOCT_Dataset/RetinalOCT_Dataset/train/AMD/amd_train_1376.jpg,1,512x1000
val,AMD,/media/miglab/DATA_20TB1/OCT/archive/RetinalOCT_Dataset/RetinalOCT_Dataset/val/AMD/amd_val_1338.jpg,1,512x1000
train,AMD,/media/miglab/DATA_20TB1/OCT/archive/RetinalOCT_Dataset/RetinalOCT_Dataset/train/AMD/amd_train_2134.jpg,1,512x1000
train,AMD,/media/miglab/DATA_20TB1/OCT/archive/RetinalOCT_Dataset/RetinalOCT_Dataset/train/AMD/amd_train_3146.jpg,1,512x1000
train,AMD,/media/miglab/DATA_20TB1/OCT/archive/RetinalOCT_Dataset/RetinalOCT_Dataset/train/AMD/amd_train_2022.jpg,1,512x1000
val,AMD,/media/miglab/DATA_20TB1/OCT/archive/RetinalOCT_Dataset/RetinalOCT_Dataset/val/AMD/amd_val_1170.jpg,1,512x1000
train,AMD,/media/miglab/DATA_20TB1/OCT/archive/RetinalOCT_Dataset/RetinalOCT_Dataset/train/AMD/amd_train_2076.jpg,1,512x1000
train,AMD,/media/miglab/DATA_20TB1/OCT/archive/RetinalOCT_Dataset/RetinalOCT_Dataset/train/AMD/amd_train_2807.jpg,1,512x1000
train,AMD,/media/miglab/DATA_20TB1/OCT/archive/RetinalOCT_Dataset/RetinalOCT_Dataset/train/AMD/amd_train_2865.jpg,1,512x1000
train,AMD,/media/miglab/DATA_20TB1/OCT/archive/RetinalOCT_Dataset/RetinalOCT_Dataset/train/AMD/amd_train_2212.jpg,1,512x1000
test,AMD,/media/miglab/DATA_20TB1/OCT/archive/RetinalOCT_Dataset/RetinalOCT_Dataset/test/AMD/amd_test_1071.jpg,1,512x1000
train,AMD,/media/miglab/DATA_20TB1/OCT/archive/RetinalOCT_Dataset/RetinalOCT_Dataset/train/AMD/amd_train_1687.jpg,1,512x1000
train,AMD,/media/miglab/DATA_20TB1/OCT/archive/RetinalOCT_Dataset/RetinalOCT_Dataset/train/AMD/amd_train_1073.jpg,1,512x1000
train,AMD,/media/miglab/DATA_20TB1/OCT/archive/RetinalOCT_Dataset/RetinalOCT_Dataset/train/AMD/amd_train_1894.jpg,1,512x1000
train,AMD,/media/miglab/DATA_20TB1/OCT/archive/RetinalOCT_Dataset/RetinalOCT_Dataset/train/AMD/amd_train_1176.jpg,1,512x1000
train,AMD,/media/miglab/DATA_20TB1/OCT/archive/RetinalOCT_Dataset/RetinalOCT_Dataset/train/AMD/amd_train_1359.jpg,1,512x1000
train,AMD,/media/miglab/DATA_20TB1/OCT/archive/RetinalOCT_Dataset/RetinalOCT_Dataset/train/AMD/amd_train_2954.jpg,1,512x1000
train,AMD,/media/miglab/DATA_20TB1/OCT/archive/RetinalOCT_Dataset/RetinalOCT_Dataset/train/AMD/amd_train_2071.jpg,1,512x1000
train,AMD,/media/miglab/DATA_20TB1/OCT/archive/RetinalOCT_Dataset/RetinalOCT_Dataset/train/AMD/amd_train_3230.jpg,1,512x1000
val,AMD,/media/miglab/DATA_20TB1/OCT/archive/RetinalOCT_Dataset/RetinalOCT_Dataset/val/AMD/amd_val_1118.jpg,1,512x1000
train,AMD,/media/miglab/DATA_20TB1/OCT/archive/RetinalOCT_Dataset/RetinalOCT_Dataset/train/AMD/amd_train_3083.jpg,1,512x1000
train,AMD,/media/miglab/DATA_20TB1/OCT/archive/RetinalOCT_Dataset/RetinalOCT_Dataset/train/AMD/amd_train_2262.jpg,1,512x1000
test,AMD,/media/miglab/DATA_20TB1/OCT/archive/RetinalOCT_Dataset/RetinalOCT_Dataset/test/AMD/amd_test_1070.jpg,1,512x1000
train,AMD,/media/miglab/DATA_20TB1/OCT/archive/RetinalOCT_Dataset/RetinalOCT_Dataset/train/AMD/amd_train_3092.jpg,1,512x1000
train,AMD,/media/miglab/DATA_20TB1/OCT/archive/RetinalOCT_Dataset/RetinalOCT_Dataset/train/AMD/amd_train_3110.jpg,1,512x1000
train,AMD,/media/miglab/DATA_20TB1/OCT/archive/RetinalOCT_Dataset/RetinalOCT_Dataset/train/AMD/amd_train_1937.jpg,1,512x1000
train,AMD,/media/miglab/DATA_20TB1/OCT/archive/RetinalOCT_Dataset/RetinalOCT_Dataset/train/AMD/amd_train_2403.jpg,1,512x1000
train,AMD,/media/miglab/DATA_20TB1/OCT/archive/RetinalOCT_Dataset/RetinalOCT_Dataset/train/AMD/amd_train_2221.jpg,1,512x1000
train,AMD,/media/miglab/DATA_20TB1/OCT/archive/RetinalOCT_Dataset/RetinalOCT_Dataset/train/AMD/amd_train_1202.jpg,1,512x1000
train,AMD,/media/miglab/DATA_20TB1/OCT/archive/RetinalOCT_Dataset/RetinalOCT_Dataset/train/AMD/amd_train_3201.jpg,1,512x1000
train,AMD,/media/miglab/DATA_20TB1/OCT/archive/RetinalOCT_Dataset/RetinalOCT_Dataset/train/AMD/amd_train_1510.jpg,1,512x1000
train,AMD,/media/miglab/DATA_20TB1/OCT/archive/RetinalOCT_Dataset/RetinalOCT_Dataset/train/AMD/amd_train_2373.jpg,1,512x1000
test,AMD,/media/miglab/DATA_20TB1/OCT/archive/RetinalOCT_Dataset/RetinalOCT_Dataset/test/AMD/amd_test_1130.jpg,1,512x1000
test,AMD,/media/miglab/DATA_20TB1/OCT/archive/RetinalOCT_Dataset/RetinalOCT_Dataset/test/AMD/amd_test_1227.jpg,1,512x1000
train,AMD,/media/miglab/DATA_20TB1/OCT/archive/RetinalOCT_Dataset/RetinalOCT_Dataset/train/AMD/amd_train_1677.jpg,1,512x1000
train,AMD,/media/miglab/DATA_20TB1/OCT/archive/RetinalOCT_Dataset/RetinalOCT_Dataset/train/AMD/amd_train_1969.jpg,1,512x1000
val,AMD,/media/miglab/DATA_20TB1/OCT/archive/RetinalOCT_Dataset/RetinalOCT_Dataset/val/AMD/amd_val_1273.jpg,1,512x1000
train,AMD,/media/miglab/DATA_20TB1/OCT/archive/RetinalOCT_Dataset/RetinalOCT_Dataset/train/AMD/amd_train_3139.jpg,1,512x1000
train,AMD,/media/miglab/DATA_20TB1/OCT/archive/RetinalOCT_Dataset/RetinalOCT_Dataset/train/AMD/amd_train_1931.jpg,1,512x1000
train,AMD,/media/miglab/DATA_20TB1/OCT/archive/RetinalOCT_Dataset/RetinalOCT_Dataset/train/AMD/amd_train_3101.jpg,1,512x1000
test,AMD,/media/miglab/DATA_20TB1/OCT/archive/RetinalOCT_Dataset/RetinalOCT_Dataset/test/AMD/amd_test_1322.jpg,1,512x1000
test,AMD,/media/miglab/DATA_20TB1/OCT/archive/RetinalOCT_Dataset/RetinalOCT_Dataset/test/AMD/amd_test_1024.jpg,1,512x1000
val,AMD,/media/miglab/DATA_20TB1/OCT/archive/RetinalOCT_Dataset/RetinalOCT_Dataset/val/AMD/amd_val_1214.jpg,1,512x1000
train,AMD,/media/miglab/DATA_20TB1/OCT/archive/RetinalOCT_Dataset/RetinalOCT_Dataset/train/AMD/amd_train_2848.jpg,1,512x1000
train,AMD,/media/miglab/DATA_20TB1/OCT/archive/RetinalOCT_Dataset/RetinalOCT_Dataset/train/AMD/amd_train_1475.jpg,1,512x1000
train,AMD,/media/miglab/DATA_20TB1/OCT/archive/RetinalOCT_Dataset/RetinalOCT_Dataset/train/AMD/amd_train_2502.jpg,1,512x1000
train,AMD,/media/miglab/DATA_20TB1/OCT/archive/RetinalOCT_Dataset/RetinalOCT_Dataset/train/AMD/amd_train_2593.jpg,1,512x1000
train,AMD,/media/miglab/DATA_20TB1/OCT/archive/RetinalOCT_Dataset/RetinalOCT_Dataset/train/AMD/amd_train_2586.jpg,1,512x1000
train,AMD,/media/miglab/DATA_20TB1/OCT/archive/RetinalOCT_Dataset/RetinalOCT_Dataset/train/AMD/amd_train_2477.jpg,1,512x1000
train,AMD,/media/miglab/DATA_20TB1/OCT/archive/RetinalOCT_Dataset/RetinalOCT_Dataset/train/AMD/amd_train_1487.jpg,1,512x1000
train,AMD,/media/miglab/DATA_20TB1/OCT/archive/RetinalOCT_Dataset/RetinalOCT_Dataset/train/AMD/amd_train_2461.jpg,1,512x1000
train,AMD,/media/miglab/DATA_20TB1/OCT/archive/RetinalOCT_Dataset/RetinalOCT_Dataset/train/AMD/amd_train_2997.jpg,1,512x1000
train,AMD,/media/miglab/DATA_20TB1/OCT/archive/RetinalOCT_Dataset/RetinalOCT_Dataset/train/AMD/amd_train_2091.jpg,1,512x1000
train,AMD,/media/miglab/DATA_20TB1/OCT/archive/RetinalOCT_Dataset/RetinalOCT_Dataset/train/AMD/amd_train_1916.jpg,1,512x1000
train,AMD,/media/miglab/DATA_20TB1/OCT/archive/RetinalOCT_Dataset/RetinalOCT_Dataset/train/AMD/amd_train_2826.jpg,1,512x1000
train,AMD,/media/miglab/DATA_20TB1/OCT/archive/RetinalOCT_Dataset/RetinalOCT_Dataset/train/AMD/amd_train_3186.jpg,1,512x1000
train,AMD,/media/miglab/DATA_20TB1/OCT/archive/RetinalOCT_Dataset/RetinalOCT_Dataset/train/AMD/amd_train_2825.jpg,1,512x1000
train,AMD,/media/miglab/DATA_20TB1/OCT/archive/RetinalOCT_Dataset/RetinalOCT_Dataset/train/AMD/amd_train_1739.jpg,1,512x1000
test,AMD,/media/miglab/DATA_20TB1/OCT/archive/RetinalOCT_Dataset/RetinalOCT_Dataset/test/AMD/amd_test_1122.jpg,1,512x1000
train,AMD,/media/miglab/DATA_20TB1/OCT/archive/RetinalOCT_Dataset/RetinalOCT_Dataset/train/AMD/amd_train_2387.jpg,1,512x1000
test,AMD,/media/miglab/DATA_20TB1/OCT/archive/RetinalOCT_Dataset/RetinalOCT_Dataset/test/AMD/amd_test_1190.jpg,1,512x1000
train,AMD,/media/miglab/DATA_20TB1/OCT/archive/RetinalOCT_Dataset/RetinalOCT_Dataset/train/AMD/amd_train_2266.jpg,1,512x1000
test,AMD,/media/miglab/DATA_20TB1/OCT/archive/RetinalOCT_Dataset/RetinalOCT_Dataset/test/AMD/amd_test_1328.jpg,1,512x1000
train,AMD,/media/miglab/DATA_20TB1/OCT/archive/RetinalOCT_Dataset/RetinalOCT_Dataset/train/AMD/amd_train_2196.jpg,1,512x1000
train,AMD,/media/miglab/DATA_20TB1/OCT/archive/RetinalOCT_Dataset/RetinalOCT_Dataset/train/AMD/amd_train_1451.jpg,1,512x1000
test,AMD,/media/miglab/DATA_20TB1/OCT/archive/RetinalOCT_Dataset/RetinalOCT_Dataset/test/AMD/amd_test_1347.jpg,1,512x1000
train,AMD,/media/miglab/DATA_20TB1/OCT/archive/RetinalOCT_Dataset/RetinalOCT_Dataset/train/AMD/amd_train_3250.jpg,1,512x1000
train,AMD,/media/miglab/DATA_20TB1/OCT/archive/RetinalOCT_Dataset/RetinalOCT_Dataset/train/AMD/amd_train_2790.jpg,1,512x1000
train,AMD,/media/miglab/DATA_20TB1/OCT/archive/RetinalOCT_Dataset/RetinalOCT_Dataset/train/AMD/amd_train_2779.jpg,1,512x1000
train,AMD,/media/miglab/DATA_20TB1/OCT/archive/RetinalOCT_Dataset/RetinalOCT_Dataset/train/AMD/amd_train_1599.jpg,1,512x1000
test,AMD,/media/miglab/DATA_20TB1/OCT/archive/RetinalOCT_Dataset/RetinalOCT_Dataset/test/AMD/amd_test_1341.jpg,1,512x1000
train,AMD,/media/miglab/DATA_20TB1/OCT/archive/RetinalOCT_Dataset/RetinalOCT_Dataset/train/AMD/amd_train_2853.jpg,1,512x1000
train,AMD,/media/miglab/DATA_20TB1/OCT/archive/RetinalOCT_Dataset/RetinalOCT_Dataset/train/AMD/amd_train_3147.jpg,1,512x1000
train,AMD,/media/miglab/DATA_20TB1/OCT/archive/RetinalOCT_Dataset/RetinalOCT_Dataset/train/AMD/amd_train_1247.jpg,1,512x1000
val,AMD,/media/miglab/DATA_20TB1/OCT/archive/RetinalOCT_Dataset/RetinalOCT_Dataset/val/AMD/amd_val_1320.jpg,1,512x1000
val,AMD,/media/miglab/DATA_20TB1/OCT/archive/RetinalOCT_Dataset/RetinalOCT_Dataset/val/AMD/amd_val_1313.jpg,1,512x1000
train,AMD,/media/miglab/DATA_20TB1/OCT/archive/RetinalOCT_Dataset/RetinalOCT_Dataset/train/AMD/amd_train_1819.jpg,1,512x1000
train,AMD,/media/miglab/DATA_20TB1/OCT/archive/RetinalOCT_Dataset/RetinalOCT_Dataset/train/AMD/amd_train_1505.jpg,1,512x1000
train,AMD,/media/miglab/DATA_20TB1/OCT/archive/RetinalOCT_Dataset/RetinalOCT_Dataset/train/AMD/amd_train_2878.jpg,1,512x1000
train,AMD,/media/miglab/DATA_20TB1/OCT/archive/RetinalOCT_Dataset/RetinalOCT_Dataset/train/AMD/amd_train_1270.jpg,1,512x1000
train,AMD,/media/miglab/DATA_20TB1/OCT/archive/RetinalOCT_Dataset/RetinalOCT_Dataset/train/AMD/amd_train_1956.jpg,1,512x1000
test,AMD,/media/miglab/DATA_20TB1/OCT/archive/RetinalOCT_Dataset/RetinalOCT_Dataset/test/AMD/amd_test_1027.jpg,1,512x1000
val,AMD,/media/miglab/DATA_20TB1/OCT/archive/RetinalOCT_Dataset/RetinalOCT_Dataset/val/AMD/amd_val_1100.jpg,1,512x1000
val,AMD,/media/miglab/DATA_20TB1/OCT/archive/RetinalOCT_Dataset/RetinalOCT_Dataset/val/AMD/amd_val_1041.jpg,1,512x1000
val,AMD,/media/miglab/DATA_20TB1/OCT/archive/RetinalOCT_Dataset/RetinalOCT_Dataset/val/AMD/amd_val_1291.jpg,1,512x1000
train,AMD,/media/miglab/DATA_20TB1/OCT/archive/RetinalOCT_Dataset/RetinalOCT_Dataset/train/AMD/amd_train_3261.jpg,1,512x1000
test,AMD,/media/miglab/DATA_20TB1/OCT/archive/RetinalOCT_Dataset/RetinalOCT_Dataset/test/AMD/amd_test_1088.jpg,1,512x1000
train,AMD,/media/miglab/DATA_20TB1/OCT/archive/RetinalOCT_Dataset/RetinalOCT_Dataset/train/AMD/amd_train_1530.jpg,1,512x1000
test,AMD,/media/miglab/DATA_20TB1/OCT/archive/RetinalOCT_Dataset/RetinalOCT_Dataset/test/AMD/amd_test_1300.jpg,1,512x1000
train,AMD,/media/miglab/DATA_20TB1/OCT/archive/RetinalOCT_Dataset/RetinalOCT_Dataset/train/AMD/amd_train_2883.jpg,1,512x1000
train,AMD,/media/miglab/DATA_20TB1/OCT/archive/RetinalOCT_Dataset/RetinalOCT_Dataset/train/AMD/amd_train_1391.jpg,1,512x1000
train,AMD,/media/miglab/DATA_20TB1/OCT/archive/RetinalOCT_Dataset/RetinalOCT_Dataset/train/AMD/amd_train_2821.jpg,1,512x1000
train,AMD,/media/miglab/DATA_20TB1/OCT/archive/RetinalOCT_Dataset/RetinalOCT_Dataset/train/AMD/amd_train_2187.jpg,1,512x1000
val,AMD,/media/miglab/DATA_20TB1/OCT/archive/RetinalOCT_Dataset/RetinalOCT_Dataset/val/AMD/amd_val_1056.jpg,1,512x1000
train,AMD,/media/miglab/DATA_20TB1/OCT/archive/RetinalOCT_Dataset/RetinalOCT_Dataset/train/AMD/amd_train_3079.jpg,1,512x1000
train,AMD,/media/miglab/DATA_20TB1/OCT/archive/RetinalOCT_Dataset/RetinalOCT_Dataset/train/AMD/amd_train_2437.jpg,1,512x1000
test,AMD,/media/miglab/DATA_20TB1/OCT/archive/RetinalOCT_Dataset/RetinalOCT_Dataset/test/AMD/amd_test_1035.jpg,1,512x1000
train,AMD,/media/miglab/DATA_20TB1/OCT/archive/RetinalOCT_Dataset/RetinalOCT_Dataset/train/AMD/amd_train_2974.jpg,1,512x1000
train,AMD,/media/miglab/DATA_20TB1/OCT/archive/RetinalOCT_Dataset/RetinalOCT_Dataset/train/AMD/amd_train_2581.jpg,1,512x1000
train,AMD,/media/miglab/DATA_20TB1/OCT/archive/RetinalOCT_Dataset/RetinalOCT_Dataset/train/AMD/amd_train_2353.jpg,1,512x1000
train,AMD,/media/miglab/DATA_20TB1/OCT/archive/RetinalOCT_Dataset/RetinalOCT_Dataset/train/AMD/amd_train_3133.jpg,1,512x1000
train,AMD,/media/miglab/DATA_20TB1/OCT/archive/RetinalOCT_Dataset/RetinalOCT_Dataset/train/AMD/amd_train_2447.jpg,1,512x1000
test,AMD,/media/miglab/DATA_20TB1/OCT/archive/RetinalOCT_Dataset/RetinalOCT_Dataset/test/AMD/amd_test_1282.jpg,1,512x1000
val,AMD,/media/miglab/DATA_20TB1/OCT/archive/RetinalOCT_Dataset/RetinalOCT_Dataset/val/AMD/amd_val_1058.jpg,1,512x1000
test,AMD,/media/miglab/DATA_20TB1/OCT/archive/RetinalOCT_Dataset/RetinalOCT_Dataset/test/AMD/amd_test_1127.jpg,1,512x1000
val,AMD,/media/miglab/DATA_20TB1/OCT/archive/RetinalOCT_Dataset/RetinalOCT_Dataset/val/AMD/amd_val_1228.jpg,1,512x1000
train,AMD,/media/miglab/DATA_20TB1/OCT/archive/RetinalOCT_Dataset/RetinalOCT_Dataset/train/AMD/amd_train_2893.jpg,1,512x1000
val,AMD,/media/miglab/DATA_20TB1/OCT/archive/RetinalOCT_Dataset/RetinalOCT_Dataset/val/AMD/amd_val_1032.jpg,1,512x1000
train,AMD,/media/miglab/DATA_20TB1/OCT/archive/RetinalOCT_Dataset/RetinalOCT_Dataset/train/AMD/amd_train_1751.jpg,1,512x1000
test,AMD,/media/miglab/DATA_20TB1/OCT/archive/RetinalOCT_Dataset/RetinalOCT_Dataset/test/AMD/amd_test_1217.jpg,1,512x1000
train,AMD,/media/miglab/DATA_20TB1/OCT/archive/RetinalOCT_Dataset/RetinalOCT_Dataset/train/AMD/amd_train_1253.jpg,1,512x1000
test,AMD,/media/miglab/DATA_20TB1/OCT/archive/RetinalOCT_Dataset/RetinalOCT_Dataset/test/AMD/amd_test_1133.jpg,1,512x1000
val,AMD,/media/miglab/DATA_20TB1/OCT/archive/RetinalOCT_Dataset/RetinalOCT_Dataset/val/AMD/amd_val_1319.jpg,1,512x1000
train,AMD,/media/miglab/DATA_20TB1/OCT/archive/RetinalOCT_Dataset/RetinalOCT_Dataset/train/AMD/amd_train_3036.jpg,1,512x1000
train,AMD,/media/miglab/DATA_20TB1/OCT/archive/RetinalOCT_Dataset/RetinalOCT_Dataset/train/AMD/amd_train_1275.jpg,1,512x1000
val,AMD,/media/miglab/DATA_20TB1/OCT/archive/RetinalOCT_Dataset/RetinalOCT_Dataset/val/AMD/amd_val_1257.jpg,1,512x1000
test,AMD,/media/miglab/DATA_20TB1/OCT/archive/RetinalOCT_Dataset/RetinalOCT_Dataset/test/AMD/amd_test_1344.jpg,1,512x1000
train,AMD,/media/miglab/DATA_20TB1/OCT/archive/RetinalOCT_Dataset/RetinalOCT_Dataset/train/AMD/amd_train_3268.jpg,1,512x1000
train,AMD,/media/miglab/DATA_20TB1/OCT/archive/RetinalOCT_Dataset/RetinalOCT_Dataset/train/AMD/amd_train_2474.jpg,1,512x1000
train,AMD,/media/miglab/DATA_20TB1/OCT/archive/RetinalOCT_Dataset/RetinalOCT_Dataset/train/AMD/amd_train_1221.jpg,1,512x1000
val,AMD,/media/miglab/DATA_20TB1/OCT/archive/RetinalOCT_Dataset/RetinalOCT_Dataset/val/AMD/amd_val_1344.jpg,1,512x1000
train,AMD,/media/miglab/DATA_20TB1/OCT/archive/RetinalOCT_Dataset/RetinalOCT_Dataset/train/AMD/amd_train_2872.jpg,1,512x1000
train,AMD,/media/miglab/DATA_20TB1/OCT/archive/RetinalOCT_Dataset/RetinalOCT_Dataset/train/AMD/amd_train_2654.jpg,1,512x1000
val,AMD,/media/miglab/DATA_20TB1/OCT/archive/RetinalOCT_Dataset/RetinalOCT_Dataset/val/AMD/amd_val_1120.jpg,1,512x1000
train,AMD,/media/miglab/DATA_20TB1/OCT/archive/RetinalOCT_Dataset/RetinalOCT_Dataset/train/AMD/amd_train_2133.jpg,1,512x1000
val,AMD,/media/miglab/DATA_20TB1/OCT/archive/RetinalOCT_Dataset/RetinalOCT_Dataset/val/AMD/amd_val_1021.jpg,1,512x1000
train,AMD,/media/miglab/DATA_20TB1/OCT/archive/RetinalOCT_Dataset/RetinalOCT_Dataset/train/AMD/amd_train_2695.jpg,1,512x1000
train,AMD,/media/miglab/DATA_20TB1/OCT/archive/RetinalOCT_Dataset/RetinalOCT_Dataset/train/AMD/amd_train_1279.jpg,1,512x1000
train,AMD,/media/miglab/DATA_20TB1/OCT/archive/RetinalOCT_Dataset/RetinalOCT_Dataset/train/AMD/amd_train_1582.jpg,1,512x1000
train,AMD,/media/miglab/DATA_20TB1/OCT/archive/RetinalOCT_Dataset/RetinalOCT_Dataset/train/AMD/amd_train_1485.jpg,1,512x1000
val,AMD,/media/miglab/DATA_20TB1/OCT/archive/RetinalOCT_Dataset/RetinalOCT_Dataset/val/AMD/amd_val_1117.jpg,1,512x1000
train,AMD,/media/miglab/DATA_20TB1/OCT/archive/RetinalOCT_Dataset/RetinalOCT_Dataset/train/AMD/amd_train_2388.jpg,1,512x1000
test,AMD,/media/miglab/DATA_20TB1/OCT/archive/RetinalOCT_Dataset/RetinalOCT_Dataset/test/AMD/amd_test_1094.jpg,1,512x1000
train,AMD,/media/miglab/DATA_20TB1/OCT/archive/RetinalOCT_Dataset/RetinalOCT_Dataset/train/AMD/amd_train_2168.jpg,1,512x1000
train,AMD,/media/miglab/DATA_20TB1/OCT/archive/RetinalOCT_Dataset/RetinalOCT_Dataset/train/AMD/amd_train_1423.jpg,1,512x1000
train,AMD,/media/miglab/DATA_20TB1/OCT/archive/RetinalOCT_Dataset/RetinalOCT_Dataset/train/AMD/amd_train_1752.jpg,1,512x1000
train,AMD,/media/miglab/DATA_20TB1/OCT/archive/RetinalOCT_Dataset/RetinalOCT_Dataset/train/AMD/amd_train_1164.jpg,1,512x1000
train,AMD,/media/miglab/DATA_20TB1/OCT/archive/RetinalOCT_Dataset/RetinalOCT_Dataset/train/AMD/amd_train_2411.jpg,1,512x1000
train,AMD,/media/miglab/DATA_20TB1/OCT/archive/RetinalOCT_Dataset/RetinalOCT_Dataset/train/AMD/amd_train_1566.jpg,1,512x1000
train,AMD,/media/miglab/DATA_20TB1/OCT/archive/RetinalOCT_Dataset/RetinalOCT_Dataset/train/AMD/amd_train_1323.jpg,1,512x1000
val,AMD,/media/miglab/DATA_20TB1/OCT/archive/RetinalOCT_Dataset/RetinalOCT_Dataset/val/AMD/amd_val_1322.jpg,1,512x1000
val,AMD,/media/miglab/DATA_20TB1/OCT/archive/RetinalOCT_Dataset/RetinalOCT_Dataset/val/AMD/amd_val_1225.jpg,1,512x1000
train,AMD,/media/miglab/DATA_20TB1/OCT/archive/RetinalOCT_Dataset/RetinalOCT_Dataset/train/AMD/amd_train_1159.jpg,1,512x1000
train,AMD,/media/miglab/DATA_20TB1/OCT/archive/RetinalOCT_Dataset/RetinalOCT_Dataset/train/AMD/amd_train_1501.jpg,1,512x1000
test,AMD,/media/miglab/DATA_20TB1/OCT/archive/RetinalOCT_Dataset/RetinalOCT_Dataset/test/AMD/amd_test_1334.jpg,1,512x1000
test,AMD,/media/miglab/DATA_20TB1/OCT/archive/RetinalOCT_Dataset/RetinalOCT_Dataset/test/AMD/amd_test_1163.jpg,1,512x1000
train,AMD,/media/miglab/DATA_20TB1/OCT/archive/RetinalOCT_Dataset/RetinalOCT_Dataset/train/AMD/amd_train_1949.jpg,1,512x1000
val,AMD,/media/miglab/DATA_20TB1/OCT/archive/RetinalOCT_Dataset/RetinalOCT_Dataset/val/AMD/amd_val_1135.jpg,1,512x1000
train,AMD,/media/miglab/DATA_20TB1/OCT/archive/RetinalOCT_Dataset/RetinalOCT_Dataset/train/AMD/amd_train_1618.jpg,1,512x1000
train,AMD,/media/miglab/DATA_20TB1/OCT/archive/RetinalOCT_Dataset/RetinalOCT_Dataset/train/AMD/amd_train_1324.jpg,1,512x1000
train,AMD,/media/miglab/DATA_20TB1/OCT/archive/RetinalOCT_Dataset/RetinalOCT_Dataset/train/AMD/amd_train_1039.jpg,1,512x1000
train,AMD,/media/miglab/DATA_20TB1/OCT/archive/RetinalOCT_Dataset/RetinalOCT_Dataset/train/AMD/amd_train_1405.jpg,1,512x1000
train,AMD,/media/miglab/DATA_20TB1/OCT/archive/RetinalOCT_Dataset/RetinalOCT_Dataset/train/AMD/amd_train_1156.jpg,1,512x1000
val,AMD,/media/miglab/DATA_20TB1/OCT/archive/RetinalOCT_Dataset/RetinalOCT_Dataset/val/AMD/amd_val_1154.jpg,1,512x1000
train,AMD,/media/miglab/DATA_20TB1/OCT/archive/RetinalOCT_Dataset/RetinalOCT_Dataset/train/AMD/amd_train_1507.jpg,1,512x1000
train,AMD,/media/miglab/DATA_20TB1/OCT/archive/RetinalOCT_Dataset/RetinalOCT_Dataset/train/AMD/amd_train_1628.jpg,1,512x1000
train,AMD,/media/miglab/DATA_20TB1/OCT/archive/RetinalOCT_Dataset/RetinalOCT_Dataset/train/AMD/amd_train_1606.jpg,1,512x1000
train,AMD,/media/miglab/DATA_20TB1/OCT/archive/RetinalOCT_Dataset/RetinalOCT_Dataset/train/AMD/amd_train_2504.jpg,1,512x1000
train,AMD,/media/miglab/DATA_20TB1/OCT/archive/RetinalOCT_Dataset/RetinalOCT_Dataset/train/AMD/amd_train_2386.jpg,1,512x1000
val,AMD,/media/miglab/DATA_20TB1/OCT/archive/RetinalOCT_Dataset/RetinalOCT_Dataset/val/AMD/amd_val_1164.jpg,1,512x1000
train,AMD,/media/miglab/DATA_20TB1/OCT/archive/RetinalOCT_Dataset/RetinalOCT_Dataset/train/AMD/amd_train_2068.jpg,1,512x1000
train,AMD,/media/miglab/DATA_20TB1/OCT/archive/RetinalOCT_Dataset/RetinalOCT_Dataset/train/AMD/amd_train_2995.jpg,1,512x1000
train,AMD,/media/miglab/DATA_20TB1/OCT/archive/RetinalOCT_Dataset/RetinalOCT_Dataset/train/AMD/amd_train_3236.jpg,1,512x1000
train,AMD,/media/miglab/DATA_20TB1/OCT/archive/RetinalOCT_Dataset/RetinalOCT_Dataset/train/AMD/amd_train_1585.jpg,1,512x1000
val,AMD,/media/miglab/DATA_20TB1/OCT/archive/RetinalOCT_Dataset/RetinalOCT_Dataset/val/AMD/amd_val_1296.jpg,1,512x1000
train,AMD,/media/miglab/DATA_20TB1/OCT/archive/RetinalOCT_Dataset/RetinalOCT_Dataset/train/AMD/amd_train_1663.jpg,1,512x1000
val,AMD,/media/miglab/DATA_20TB1/OCT/archive/RetinalOCT_Dataset/RetinalOCT_Dataset/val/AMD/amd_val_1022.jpg,1,512x1000
train,AMD,/media/miglab/DATA_20TB1/OCT/archive/RetinalOCT_Dataset/RetinalOCT_Dataset/train/AMD/amd_train_2108.jpg,1,512x1000
train,AMD,/media/miglab/DATA_20TB1/OCT/archive/RetinalOCT_Dataset/RetinalOCT_Dataset/train/AMD/amd_train_1771.jpg,1,512x1000
train,AMD,/media/miglab/DATA_20TB1/OCT/archive/RetinalOCT_Dataset/RetinalOCT_Dataset/train/AMD/amd_train_2731.jpg,1,512x1000
train,AMD,/media/miglab/DATA_20TB1/OCT/archive/RetinalOCT_Dataset/RetinalOCT_Dataset/train/AMD/amd_train_2823.jpg,1,512x1000
train,AMD,/media/miglab/DATA_20TB1/OCT/archive/RetinalOCT_Dataset/RetinalOCT_Dataset/train/AMD/amd_train_1147.jpg,1,512x1000
val,AMD,/media/miglab/DATA_20TB1/OCT/archive/RetinalOCT_Dataset/RetinalOCT_Dataset/val/AMD/amd_val_1044.jpg,1,512x1000
train,AMD,/media/miglab/DATA_20TB1/OCT/archive/RetinalOCT_Dataset/RetinalOCT_Dataset/train/AMD/amd_train_2912.jpg,1,512x1000
train,AMD,/media/miglab/DATA_20TB1/OCT/archive/RetinalOCT_Dataset/RetinalOCT_Dataset/train/AMD/amd_train_1387.jpg,1,512x1000
train,AMD,/media/miglab/DATA_20TB1/OCT/archive/RetinalOCT_Dataset/RetinalOCT_Dataset/train/AMD/amd_train_1847.jpg,1,512x1000
train,AMD,/media/miglab/DATA_20TB1/OCT/archive/RetinalOCT_Dataset/RetinalOCT_Dataset/train/AMD/amd_train_2267.jpg,1,512x1000
train,AMD,/media/miglab/DATA_20TB1/OCT/archive/RetinalOCT_Dataset/RetinalOCT_Dataset/train/AMD/amd_train_1304.jpg,1,512x1000
val,AMD,/media/miglab/DATA_20TB1/OCT/archive/RetinalOCT_Dataset/RetinalOCT_Dataset/val/AMD/amd_val_1330.jpg,1,512x1000
train,AMD,/media/miglab/DATA_20TB1/OCT/archive/RetinalOCT_Dataset/RetinalOCT_Dataset/train/AMD/amd_train_3206.jpg,1,512x1000
test,AMD,/media/miglab/DATA_20TB1/OCT/archive/RetinalOCT_Dataset/RetinalOCT_Dataset/test/AMD/amd_test_1245.jpg,1,512x1000
train,AMD,/media/miglab/DATA_20TB1/OCT/archive/RetinalOCT_Dataset/RetinalOCT_Dataset/train/AMD/amd_train_1126.jpg,1,512x1000
train,AMD,/media/miglab/DATA_20TB1/OCT/archive/RetinalOCT_Dataset/RetinalOCT_Dataset/train/AMD/amd_train_3224.jpg,1,512x1000
test,AMD,/media/miglab/DATA_20TB1/OCT/archive/RetinalOCT_Dataset/RetinalOCT_Dataset/test/AMD/amd_test_1321.jpg,1,512x1000
train,AMD,/media/miglab/DATA_20TB1/OCT/archive/RetinalOCT_Dataset/RetinalOCT_Dataset/train/AMD/amd_train_2158.jpg,1,512x1000
test,AMD,/media/miglab/DATA_20TB1/OCT/archive/RetinalOCT_Dataset/RetinalOCT_Dataset/test/AMD/amd_test_1123.jpg,1,512x1000
train,AMD,/media/miglab/DATA_20TB1/OCT/archive/RetinalOCT_Dataset/RetinalOCT_Dataset/train/AMD/amd_train_1736.jpg,1,512x1000
train,AMD,/media/miglab/DATA_20TB1/OCT/archive/RetinalOCT_Dataset/RetinalOCT_Dataset/train/AMD/amd_train_1139.jpg,1,512x1000
train,AMD,/media/miglab/DATA_20TB1/OCT/archive/RetinalOCT_Dataset/RetinalOCT_Dataset/train/AMD/amd_train_1408.jpg,1,512x1000
test,AMD,/media/miglab/DATA_20TB1/OCT/archive/RetinalOCT_Dataset/RetinalOCT_Dataset/test/AMD/amd_test_1092.jpg,1,512x1000
train,AMD,/media/miglab/DATA_20TB1/OCT/archive/RetinalOCT_Dataset/RetinalOCT_Dataset/train/AMD/amd_train_3158.jpg,1,512x1000
train,AMD,/media/miglab/DATA_20TB1/OCT/archive/RetinalOCT_Dataset/RetinalOCT_Dataset/train/AMD/amd_train_3134.jpg,1,512x1000
train,AMD,/media/miglab/DATA_20TB1/OCT/archive/RetinalOCT_Dataset/RetinalOCT_Dataset/train/AMD/amd_train_2700.jpg,1,512x1000
train,AMD,/media/miglab/DATA_20TB1/OCT/archive/RetinalOCT_Dataset/RetinalOCT_Dataset/train/AMD/amd_train_1911.jpg,1,512x1000
test,AMD,/media/miglab/DATA_20TB1/OCT/archive/RetinalOCT_Dataset/RetinalOCT_Dataset/test/AMD/amd_test_1275.jpg,1,512x1000
train,AMD,/media/miglab/DATA_20TB1/OCT/archive/RetinalOCT_Dataset/RetinalOCT_Dataset/train/AMD/amd_train_2358.jpg,1,512x1000
train,AMD,/media/miglab/DATA_20TB1/OCT/archive/RetinalOCT_Dataset/RetinalOCT_Dataset/train/AMD/amd_train_1593.jpg,1,512x1000
test,AMD,/media/miglab/DATA_20TB1/OCT/archive/RetinalOCT_Dataset/RetinalOCT_Dataset/test/AMD/amd_test_1010.jpg,1,512x1000
train,AMD,/media/miglab/DATA_20TB1/OCT/archive/RetinalOCT_Dataset/RetinalOCT_Dataset/train/AMD/amd_train_1591.jpg,1,512x1000
train,AMD,/media/miglab/DATA_20TB1/OCT/archive/RetinalOCT_Dataset/RetinalOCT_Dataset/train/AMD/amd_train_1877.jpg,1,512x1000
test,AMD,/media/miglab/DATA_20TB1/OCT/archive/RetinalOCT_Dataset/RetinalOCT_Dataset/test/AMD/amd_test_1158.jpg,1,512x1000
train,AMD,/media/miglab/DATA_20TB1/OCT/archive/RetinalOCT_Dataset/RetinalOCT_Dataset/train/AMD/amd_train_2384.jpg,1,512x1000
train,AMD,/media/miglab/DATA_20TB1/OCT/archive/RetinalOCT_Dataset/RetinalOCT_Dataset/train/AMD/amd_train_2702.jpg,1,512x1000
train,AMD,/media/miglab/DATA_20TB1/OCT/archive/RetinalOCT_Dataset/RetinalOCT_Dataset/train/AMD/amd_train_1735.jpg,1,512x1000
train,AMD,/media/miglab/DATA_20TB1/OCT/archive/RetinalOCT_Dataset/RetinalOCT_Dataset/train/AMD/amd_train_1701.jpg,1,512x1000
test,AMD,/media/miglab/DATA_20TB1/OCT/archive/RetinalOCT_Dataset/RetinalOCT_Dataset/test/AMD/amd_test_1165.jpg,1,512x1000
train,AMD,/media/miglab/DATA_20TB1/OCT/archive/RetinalOCT_Dataset/RetinalOCT_Dataset/train/AMD/amd_train_1214.jpg,1,512x1000
train,AMD,/media/miglab/DATA_20TB1/OCT/archive/RetinalOCT_Dataset/RetinalOCT_Dataset/train/AMD/amd_train_2343.jpg,1,512x1000
train,AMD,/media/miglab/DATA_20TB1/OCT/archive/RetinalOCT_Dataset/RetinalOCT_Dataset/train/AMD/amd_train_2948.jpg,1,512x1000
train,AMD,/media/miglab/DATA_20TB1/OCT/archive/RetinalOCT_Dataset/RetinalOCT_Dataset/train/AMD/amd_train_2385.jpg,1,512x1000
train,AMD,/media/miglab/DATA_20TB1/OCT/archive/RetinalOCT_Dataset/RetinalOCT_Dataset/train/AMD/amd_train_2016.jpg,1,512x1000
test,AMD,/media/miglab/DATA_20TB1/OCT/archive/RetinalOCT_Dataset/RetinalOCT_Dataset/test/AMD/amd_test_1045.jpg,1,512x1000
train,AMD,/media/miglab/DATA_20TB1/OCT/archive/RetinalOCT_Dataset/RetinalOCT_Dataset/train/AMD/amd_train_2950.jpg,1,512x1000
train,AMD,/media/miglab/DATA_20TB1/OCT/archive/RetinalOCT_Dataset/RetinalOCT_Dataset/train/AMD/amd_train_1825.jpg,1,512x1000
test,AMD,/media/miglab/DATA_20TB1/OCT/archive/RetinalOCT_Dataset/RetinalOCT_Dataset/test/AMD/amd_test_1065.jpg,1,512x1000
train,AMD,/media/miglab/DATA_20TB1/OCT/archive/RetinalOCT_Dataset/RetinalOCT_Dataset/train/AMD/amd_train_1715.jpg,1,512x1000
val,AMD,/media/miglab/DATA_20TB1/OCT/archive/RetinalOCT_Dataset/RetinalOCT_Dataset/val/AMD/amd_val_1303.jpg,1,512x1000
val,AMD,/media/miglab/DATA_20TB1/OCT/archive/RetinalOCT_Dataset/RetinalOCT_Dataset/val/AMD/amd_val_1307.jpg,1,512x1000
val,AMD,/media/miglab/DATA_20TB1/OCT/archive/RetinalOCT_Dataset/RetinalOCT_Dataset/val/AMD/amd_val_1306.jpg,1,512x1000
train,AMD,/media/miglab/DATA_20TB1/OCT/archive/RetinalOCT_Dataset/RetinalOCT_Dataset/train/AMD/amd_train_2499.jpg,1,512x1000
train,AMD,/media/miglab/DATA_20TB1/OCT/archive/RetinalOCT_Dataset/RetinalOCT_Dataset/train/AMD/amd_train_3051.jpg,1,512x1000
train,AMD,/media/miglab/DATA_20TB1/OCT/archive/RetinalOCT_Dataset/RetinalOCT_Dataset/train/AMD/amd_train_2675.jpg,1,512x1000
train,AMD,/media/miglab/DATA_20TB1/OCT/archive/RetinalOCT_Dataset/RetinalOCT_Dataset/train/AMD/amd_train_2082.jpg,1,512x1000
train,AMD,/media/miglab/DATA_20TB1/OCT/archive/RetinalOCT_Dataset/RetinalOCT_Dataset/train/AMD/amd_train_2832.jpg,1,512x1000
train,AMD,/media/miglab/DATA_20TB1/OCT/archive/RetinalOCT_Dataset/RetinalOCT_Dataset/train/AMD/amd_train_1904.jpg,1,512x1000
train,AMD,/media/miglab/DATA_20TB1/OCT/archive/RetinalOCT_Dataset/RetinalOCT_Dataset/train/AMD/amd_train_2290.jpg,1,512x1000
train,AMD,/media/miglab/DATA_20TB1/OCT/archive/RetinalOCT_Dataset/RetinalOCT_Dataset/train/AMD/amd_train_1191.jpg,1,512x1000
test,AMD,/media/miglab/DATA_20TB1/OCT/archive/RetinalOCT_Dataset/RetinalOCT_Dataset/test/AMD/amd_test_1250.jpg,1,512x1000
train,AMD,/media/miglab/DATA_20TB1/OCT/archive/RetinalOCT_Dataset/RetinalOCT_Dataset/train/AMD/amd_train_2666.jpg,1,512x1000
train,AMD,/media/miglab/DATA_20TB1/OCT/archive/RetinalOCT_Dataset/RetinalOCT_Dataset/train/AMD/amd_train_2665.jpg,1,512x1000
train,AMD,/media/miglab/DATA_20TB1/OCT/archive/RetinalOCT_Dataset/RetinalOCT_Dataset/train/AMD/amd_train_2349.jpg,1,512x1000
train,AMD,/media/miglab/DATA_20TB1/OCT/archive/RetinalOCT_Dataset/RetinalOCT_Dataset/train/AMD/amd_train_1070.jpg,1,512x1000
train,AMD,/media/miglab/DATA_20TB1/OCT/archive/RetinalOCT_Dataset/RetinalOCT_Dataset/train/AMD/amd_train_2590.jpg,1,512x1000
train,AMD,/media/miglab/DATA_20TB1/OCT/archive/RetinalOCT_Dataset/RetinalOCT_Dataset/train/AMD/amd_train_2049.jpg,1,512x1000
train,AMD,/media/miglab/DATA_20TB1/OCT/archive/RetinalOCT_Dataset/RetinalOCT_Dataset/train/AMD/amd_train_1248.jpg,1,512x1000
train,AMD,/media/miglab/DATA_20TB1/OCT/archive/RetinalOCT_Dataset/RetinalOCT_Dataset/train/AMD/amd_train_2636.jpg,1,512x1000
val,AMD,/media/miglab/DATA_20TB1/OCT/archive/RetinalOCT_Dataset/RetinalOCT_Dataset/val/AMD/amd_val_1152.jpg,1,512x1000
val,AMD,/media/miglab/DATA_20TB1/OCT/archive/RetinalOCT_Dataset/RetinalOCT_Dataset/val/AMD/amd_val_1053.jpg,1,512x1000
val,AMD,/media/miglab/DATA_20TB1/OCT/archive/RetinalOCT_Dataset/RetinalOCT_Dataset/val/AMD/amd_val_1193.jpg,1,512x1000
train,AMD,/media/miglab/DATA_20TB1/OCT/archive/RetinalOCT_Dataset/RetinalOCT_Dataset/train/AMD/amd_train_2293.jpg,1,512x1000
train,AMD,/media/miglab/DATA_20TB1/OCT/archive/RetinalOCT_Dataset/RetinalOCT_Dataset/train/AMD/amd_train_3184.jpg,1,512x1000
train,AMD,/media/miglab/DATA_20TB1/OCT/archive/RetinalOCT_Dataset/RetinalOCT_Dataset/train/AMD/amd_train_1056.jpg,1,512x1000
train,AMD,/media/miglab/DATA_20TB1/OCT/archive/RetinalOCT_Dataset/RetinalOCT_Dataset/train/AMD/amd_train_2344.jpg,1,512x1000
train,AMD,/media/miglab/DATA_20TB1/OCT/archive/RetinalOCT_Dataset/RetinalOCT_Dataset/train/AMD/amd_train_1749.jpg,1,512x1000
train,AMD,/media/miglab/DATA_20TB1/OCT/archive/RetinalOCT_Dataset/RetinalOCT_Dataset/train/AMD/amd_train_1234.jpg,1,512x1000
train,AMD,/media/miglab/DATA_20TB1/OCT/archive/RetinalOCT_Dataset/RetinalOCT_Dataset/train/AMD/amd_train_1456.jpg,1,512x1000
val,AMD,/media/miglab/DATA_20TB1/OCT/archive/RetinalOCT_Dataset/RetinalOCT_Dataset/val/AMD/amd_val_1136.jpg,1,512x1000
train,AMD,/media/miglab/DATA_20TB1/OCT/archive/RetinalOCT_Dataset/RetinalOCT_Dataset/train/AMD/amd_train_1312.jpg,1,512x1000
test,AMD,/media/miglab/DATA_20TB1/OCT/archive/RetinalOCT_Dataset/RetinalOCT_Dataset/test/AMD/amd_test_1276.jpg,1,512x1000
val,AMD,/media/miglab/DATA_20TB1/OCT/archive/RetinalOCT_Dataset/RetinalOCT_Dataset/val/AMD/amd_val_1297.jpg,1,512x1000
train,AMD,/media/miglab/DATA_20TB1/OCT/archive/RetinalOCT_Dataset/RetinalOCT_Dataset/train/AMD/amd_train_1518.jpg,1,512x1000
train,AMD,/media/miglab/DATA_20TB1/OCT/archive/RetinalOCT_Dataset/RetinalOCT_Dataset/train/AMD/amd_train_1901.jpg,1,512x1000
train,AMD,/media/miglab/DATA_20TB1/OCT/archive/RetinalOCT_Dataset/RetinalOCT_Dataset/train/AMD/amd_train_2520.jpg,1,512x1000
train,AMD,/media/miglab/DATA_20TB1/OCT/archive/RetinalOCT_Dataset/RetinalOCT_Dataset/train/AMD/amd_train_1175.jpg,1,512x1000
train,AMD,/media/miglab/DATA_20TB1/OCT/archive/RetinalOCT_Dataset/RetinalOCT_Dataset/train/AMD/amd_train_1413.jpg,1,512x1000
val,AMD,/media/miglab/DATA_20TB1/OCT/archive/RetinalOCT_Dataset/RetinalOCT_Dataset/val/AMD/amd_val_1204.jpg,1,512x1000
train,AMD,/media/miglab/DATA_20TB1/OCT/archive/RetinalOCT_Dataset/RetinalOCT_Dataset/train/AMD/amd_train_2650.jpg,1,512x1000
train,AMD,/media/miglab/DATA_20TB1/OCT/archive/RetinalOCT_Dataset/RetinalOCT_Dataset/train/AMD/amd_train_2729.jpg,1,512x1000
train,AMD,/media/miglab/DATA_20TB1/OCT/archive/RetinalOCT_Dataset/RetinalOCT_Dataset/train/AMD/amd_train_1927.jpg,1,512x1000
train,AMD,/media/miglab/DATA_20TB1/OCT/archive/RetinalOCT_Dataset/RetinalOCT_Dataset/train/AMD/amd_train_1944.jpg,1,512x1000
train,AMD,/media/miglab/DATA_20TB1/OCT/archive/RetinalOCT_Dataset/RetinalOCT_Dataset/train/AMD/amd_train_1468.jpg,1,512x1000
train,AMD,/media/miglab/DATA_20TB1/OCT/archive/RetinalOCT_Dataset/RetinalOCT_Dataset/train/AMD/amd_train_2475.jpg,1,512x1000
train,AMD,/media/miglab/DATA_20TB1/OCT/archive/RetinalOCT_Dataset/RetinalOCT_Dataset/train/AMD/amd_train_3214.jpg,1,512x1000
train,AMD,/media/miglab/DATA_20TB1/OCT/archive/RetinalOCT_Dataset/RetinalOCT_Dataset/train/AMD/amd_train_1410.jpg,1,512x1000
train,AMD,/media/miglab/DATA_20TB1/OCT/archive/RetinalOCT_Dataset/RetinalOCT_Dataset/train/AMD/amd_train_1562.jpg,1,512x1000
test,AMD,/media/miglab/DATA_20TB1/OCT/archive/RetinalOCT_Dataset/RetinalOCT_Dataset/test/AMD/amd_test_1125.jpg,1,512x1000
train,AMD,/media/miglab/DATA_20TB1/OCT/archive/RetinalOCT_Dataset/RetinalOCT_Dataset/train/AMD/amd_train_2050.jpg,1,512x1000
train,AMD,/media/miglab/DATA_20TB1/OCT/archive/RetinalOCT_Dataset/RetinalOCT_Dataset/train/AMD/amd_train_1732.jpg,1,512x1000
val,AMD,/media/miglab/DATA_20TB1/OCT/archive/RetinalOCT_Dataset/RetinalOCT_Dataset/val/AMD/amd_val_1329.jpg,1,512x1000
train,AMD,/media/miglab/DATA_20TB1/OCT/archive/RetinalOCT_Dataset/RetinalOCT_Dataset/train/AMD/amd_train_2284.jpg,1,512x1000
train,AMD,/media/miglab/DATA_20TB1/OCT/archive/RetinalOCT_Dataset/RetinalOCT_Dataset/train/AMD/amd_train_2047.jpg,1,512x1000
train,AMD,/media/miglab/DATA_20TB1/OCT/archive/RetinalOCT_Dataset/RetinalOCT_Dataset/train/AMD/amd_train_1552.jpg,1,512x1000
test,AMD,/media/miglab/DATA_20TB1/OCT/archive/RetinalOCT_Dataset/RetinalOCT_Dataset/test/AMD/amd_test_1253.jpg,1,512x1000
train,AMD,/media/miglab/DATA_20TB1/OCT/archive/RetinalOCT_Dataset/RetinalOCT_Dataset/train/AMD/amd_train_1622.jpg,1,512x1000
val,AMD,/media/miglab/DATA_20TB1/OCT/archive/RetinalOCT_Dataset/RetinalOCT_Dataset/val/AMD/amd_val_1039.jpg,1,512x1000
train,AMD,/media/miglab/DATA_20TB1/OCT/archive/RetinalOCT_Dataset/RetinalOCT_Dataset/train/AMD/amd_train_1293.jpg,1,512x1000
train,AMD,/media/miglab/DATA_20TB1/OCT/archive/RetinalOCT_Dataset/RetinalOCT_Dataset/train/AMD/amd_train_2018.jpg,1,512x1000
train,AMD,/media/miglab/DATA_20TB1/OCT/archive/RetinalOCT_Dataset/RetinalOCT_Dataset/train/AMD/amd_train_1010.jpg,1,512x1000
train,AMD,/media/miglab/DATA_20TB1/OCT/archive/RetinalOCT_Dataset/RetinalOCT_Dataset/train/AMD/amd_train_2448.jpg,1,512x1000
train,AMD,/media/miglab/DATA_20TB1/OCT/archive/RetinalOCT_Dataset/RetinalOCT_Dataset/train/AMD/amd_train_2052.jpg,1,512x1000
test,AMD,/media/miglab/DATA_20TB1/OCT/archive/RetinalOCT_Dataset/RetinalOCT_Dataset/test/AMD/amd_test_1019.jpg,1,512x1000
train,AMD,/media/miglab/DATA_20TB1/OCT/archive/RetinalOCT_Dataset/RetinalOCT_Dataset/train/AMD/amd_train_2093.jpg,1,512x1000
train,AMD,/media/miglab/DATA_20TB1/OCT/archive/RetinalOCT_Dataset/RetinalOCT_Dataset/train/AMD/amd_train_3128.jpg,1,512x1000
train,AMD,/media/miglab/DATA_20TB1/OCT/archive/RetinalOCT_Dataset/RetinalOCT_Dataset/train/AMD/amd_train_2287.jpg,1,512x1000
train,AMD,/media/miglab/DATA_20TB1/OCT/archive/RetinalOCT_Dataset/RetinalOCT_Dataset/train/AMD/amd_train_2505.jpg,1,512x1000
train,AMD,/media/miglab/DATA_20TB1/OCT/archive/RetinalOCT_Dataset/RetinalOCT_Dataset/train/AMD/amd_train_1426.jpg,1,512x1000
train,AMD,/media/miglab/DATA_20TB1/OCT/archive/RetinalOCT_Dataset/RetinalOCT_Dataset/train/AMD/amd_train_2321.jpg,1,512x1000
train,AMD,/media/miglab/DATA_20TB1/OCT/archive/RetinalOCT_Dataset/RetinalOCT_Dataset/train/AMD/amd_train_2190.jpg,1,512x1000
val,AMD,/media/miglab/DATA_20TB1/OCT/archive/RetinalOCT_Dataset/RetinalOCT_Dataset/val/AMD/amd_val_1029.jpg,1,512x1000
test,AMD,/media/miglab/DATA_20TB1/OCT/archive/RetinalOCT_Dataset/RetinalOCT_Dataset/test/AMD/amd_test_1201.jpg,1,512x1000
val,AMD,/media/miglab/DATA_20TB1/OCT/archive/RetinalOCT_Dataset/RetinalOCT_Dataset/val/AMD/amd_val_1350.jpg,1,512x1000
test,AMD,/media/miglab/DATA_20TB1/OCT/archive/RetinalOCT_Dataset/RetinalOCT_Dataset/test/AMD/amd_test_1265.jpg,1,512x1000
val,AMD,/media/miglab/DATA_20TB1/OCT/archive/RetinalOCT_Dataset/RetinalOCT_Dataset/val/AMD/amd_val_1112.jpg,1,512x1000
train,AMD,/media/miglab/DATA_20TB1/OCT/archive/RetinalOCT_Dataset/RetinalOCT_Dataset/train/AMD/amd_train_2568.jpg,1,512x1000
train,AMD,/media/miglab/DATA_20TB1/OCT/archive/RetinalOCT_Dataset/RetinalOCT_Dataset/train/AMD/amd_train_3077.jpg,1,512x1000
train,AMD,/media/miglab/DATA_20TB1/OCT/archive/RetinalOCT_Dataset/RetinalOCT_Dataset/train/AMD/amd_train_1295.jpg,1,512x1000
val,AMD,/media/miglab/DATA_20TB1/OCT/archive/RetinalOCT_Dataset/RetinalOCT_Dataset/val/AMD/amd_val_1317.jpg,1,512x1000
train,AMD,/media/miglab/DATA_20TB1/OCT/archive/RetinalOCT_Dataset/RetinalOCT_Dataset/train/AMD/amd_train_1990.jpg,1,512x1000
train,AMD,/media/miglab/DATA_20TB1/OCT/archive/RetinalOCT_Dataset/RetinalOCT_Dataset/train/AMD/amd_train_2317.jpg,1,512x1000
train,AMD,/media/miglab/DATA_20TB1/OCT/archive/RetinalOCT_Dataset/RetinalOCT_Dataset/train/AMD/amd_train_1994.jpg,1,512x1000
train,AMD,/media/miglab/DATA_20TB1/OCT/archive/RetinalOCT_Dataset/RetinalOCT_Dataset/train/AMD/amd_train_1725.jpg,1,512x1000
train,AMD,/media/miglab/DATA_20TB1/OCT/archive/RetinalOCT_Dataset/RetinalOCT_Dataset/train/AMD/amd_train_1772.jpg,1,512x1000
train,AMD,/media/miglab/DATA_20TB1/OCT/archive/RetinalOCT_Dataset/RetinalOCT_Dataset/train/AMD/amd_train_1296.jpg,1,512x1000
train,AMD,/media/miglab/DATA_20TB1/OCT/archive/RetinalOCT_Dataset/RetinalOCT_Dataset/train/AMD/amd_train_2723.jpg,1,512x1000
train,AMD,/media/miglab/DATA_20TB1/OCT/archive/RetinalOCT_Dataset/RetinalOCT_Dataset/train/AMD/amd_train_1082.jpg,1,512x1000
train,AMD,/media/miglab/DATA_20TB1/OCT/archive/RetinalOCT_Dataset/RetinalOCT_Dataset/train/AMD/amd_train_3194.jpg,1,512x1000
train,AMD,/media/miglab/DATA_20TB1/OCT/archive/RetinalOCT_Dataset/RetinalOCT_Dataset/train/AMD/amd_train_1933.jpg,1,512x1000
train,AMD,/media/miglab/DATA_20TB1/OCT/archive/RetinalOCT_Dataset/RetinalOCT_Dataset/train/AMD/amd_train_1217.jpg,1,512x1000
train,AMD,/media/miglab/DATA_20TB1/OCT/archive/RetinalOCT_Dataset/RetinalOCT_Dataset/train/AMD/amd_train_1546.jpg,1,512x1000
test,AMD,/media/miglab/DATA_20TB1/OCT/archive/RetinalOCT_Dataset/RetinalOCT_Dataset/test/AMD/amd_test_1015.jpg,1,512x1000
test,AMD,/media/miglab/DATA_20TB1/OCT/archive/RetinalOCT_Dataset/RetinalOCT_Dataset/test/AMD/amd_test_1214.jpg,1,512x1000
train,AMD,/media/miglab/DATA_20TB1/OCT/archive/RetinalOCT_Dataset/RetinalOCT_Dataset/train/AMD/amd_train_1067.jpg,1,512x1000
train,AMD,/media/miglab/DATA_20TB1/OCT/archive/RetinalOCT_Dataset/RetinalOCT_Dataset/train/AMD/amd_train_2963.jpg,1,512x1000
train,AMD,/media/miglab/DATA_20TB1/OCT/archive/RetinalOCT_Dataset/RetinalOCT_Dataset/train/AMD/amd_train_1519.jpg,1,512x1000
train,AMD,/media/miglab/DATA_20TB1/OCT/archive/RetinalOCT_Dataset/RetinalOCT_Dataset/train/AMD/amd_train_1740.jpg,1,512x1000
val,AMD,/media/miglab/DATA_20TB1/OCT/archive/RetinalOCT_Dataset/RetinalOCT_Dataset/val/AMD/amd_val_1331.jpg,1,512x1000
train,AMD,/media/miglab/DATA_20TB1/OCT/archive/RetinalOCT_Dataset/RetinalOCT_Dataset/train/AMD/amd_train_2113.jpg,1,512x1000
train,AMD,/media/miglab/DATA_20TB1/OCT/archive/RetinalOCT_Dataset/RetinalOCT_Dataset/train/AMD/amd_train_1781.jpg,1,512x1000
test,AMD,/media/miglab/DATA_20TB1/OCT/archive/RetinalOCT_Dataset/RetinalOCT_Dataset/test/AMD/amd_test_1343.jpg,1,512x1000
test,AMD,/media/miglab/DATA_20TB1/OCT/archive/RetinalOCT_Dataset/RetinalOCT_Dataset/test/AMD/amd_test_1093.jpg,1,512x1000
train,AMD,/media/miglab/DATA_20TB1/OCT/archive/RetinalOCT_Dataset/RetinalOCT_Dataset/train/AMD/amd_train_2440.jpg,1,512x1000
train,AMD,/media/miglab/DATA_20TB1/OCT/archive/RetinalOCT_Dataset/RetinalOCT_Dataset/train/AMD/amd_train_2939.jpg,1,512x1000
train,AMD,/media/miglab/DATA_20TB1/OCT/archive/RetinalOCT_Dataset/RetinalOCT_Dataset/train/AMD/amd_train_2028.jpg,1,512x1000
val,AMD,/media/miglab/DATA_20TB1/OCT/archive/RetinalOCT_Dataset/RetinalOCT_Dataset/val/AMD/amd_val_1113.jpg,1,512x1000
train,AMD,/media/miglab/DATA_20TB1/OCT/archive/RetinalOCT_Dataset/RetinalOCT_Dataset/train/AMD/amd_train_2084.jpg,1,512x1000
train,AMD,/media/miglab/DATA_20TB1/OCT/archive/RetinalOCT_Dataset/RetinalOCT_Dataset/train/AMD/amd_train_3284.jpg,1,512x1000
train,AMD,/media/miglab/DATA_20TB1/OCT/archive/RetinalOCT_Dataset/RetinalOCT_Dataset/train/AMD/amd_train_2903.jpg,1,512x1000
train,AMD,/media/miglab/DATA_20TB1/OCT/archive/RetinalOCT_Dataset/RetinalOCT_Dataset/train/AMD/amd_train_2432.jpg,1,512x1000
train,AMD,/media/miglab/DATA_20TB1/OCT/archive/RetinalOCT_Dataset/RetinalOCT_Dataset/train/AMD/amd_train_1486.jpg,1,512x1000
train,AMD,/media/miglab/DATA_20TB1/OCT/archive/RetinalOCT_Dataset/RetinalOCT_Dataset/train/AMD/amd_train_1665.jpg,1,512x1000
test,AMD,/media/miglab/DATA_20TB1/OCT/archive/RetinalOCT_Dataset/RetinalOCT_Dataset/test/AMD/amd_test_1107.jpg,1,512x1000
train,AMD,/media/miglab/DATA_20TB1/OCT/archive/RetinalOCT_Dataset/RetinalOCT_Dataset/train/AMD/amd_train_2176.jpg,1,512x1000
train,AMD,/media/miglab/DATA_20TB1/OCT/archive/RetinalOCT_Dataset/RetinalOCT_Dataset/train/AMD/amd_train_2208.jpg,1,512x1000
train,AMD,/media/miglab/DATA_20TB1/OCT/archive/RetinalOCT_Dataset/RetinalOCT_Dataset/train/AMD/amd_train_2786.jpg,1,512x1000
train,AMD,/media/miglab/DATA_20TB1/OCT/archive/RetinalOCT_Dataset/RetinalOCT_Dataset/train/AMD/amd_train_2986.jpg,1,512x1000
val,AMD,/media/miglab/DATA_20TB1/OCT/archive/RetinalOCT_Dataset/RetinalOCT_Dataset/val/AMD/amd_val_1119.jpg,1,512x1000
train,AMD,/media/miglab/DATA_20TB1/OCT/archive/RetinalOCT_Dataset/RetinalOCT_Dataset/train/AMD/amd_train_2911.jpg,1,512x1000
test,AMD,/media/miglab/DATA_20TB1/OCT/archive/RetinalOCT_Dataset/RetinalOCT_Dataset/test/AMD/amd_test_1327.jpg,1,512x1000
train,AMD,/media/miglab/DATA_20TB1/OCT/archive/RetinalOCT_Dataset/RetinalOCT_Dataset/train/AMD/amd_train_1525.jpg,1,512x1000
train,AMD,/media/miglab/DATA_20TB1/OCT/archive/RetinalOCT_Dataset/RetinalOCT_Dataset/train/AMD/amd_train_1402.jpg,1,512x1000
train,AMD,/media/miglab/DATA_20TB1/OCT/archive/RetinalOCT_Dataset/RetinalOCT_Dataset/train/AMD/amd_train_2065.jpg,1,512x1000
val,AMD,/media/miglab/DATA_20TB1/OCT/archive/RetinalOCT_Dataset/RetinalOCT_Dataset/val/AMD/amd_val_1098.jpg,1,512x1000
train,AMD,/media/miglab/DATA_20TB1/OCT/archive/RetinalOCT_Dataset/RetinalOCT_Dataset/train/AMD/amd_train_2255.jpg,1,512x1000
train,AMD,/media/miglab/DATA_20TB1/OCT/archive/RetinalOCT_Dataset/RetinalOCT_Dataset/train/AMD/amd_train_2867.jpg,1,512x1000
train,AMD,/media/miglab/DATA_20TB1/OCT/archive/RetinalOCT_Dataset/RetinalOCT_Dataset/train/AMD/amd_train_1258.jpg,1,512x1000
val,AMD,/media/miglab/DATA_20TB1/OCT/archive/RetinalOCT_Dataset/RetinalOCT_Dataset/val/AMD/amd_val_1218.jpg,1,512x1000
train,AMD,/media/miglab/DATA_20TB1/OCT/archive/RetinalOCT_Dataset/RetinalOCT_Dataset/train/AMD/amd_train_2716.jpg,1,512x1000
train,AMD,/media/miglab/DATA_20TB1/OCT/archive/RetinalOCT_Dataset/RetinalOCT_Dataset/train/AMD/amd_train_2040.jpg,1,512x1000
train,AMD,/media/miglab/DATA_20TB1/OCT/archive/RetinalOCT_Dataset/RetinalOCT_Dataset/train/AMD/amd_train_1812.jpg,1,512x1000
train,AMD,/media/miglab/DATA_20TB1/OCT/archive/RetinalOCT_Dataset/RetinalOCT_Dataset/train/AMD/amd_train_2564.jpg,1,512x1000
train,AMD,/media/miglab/DATA_20TB1/OCT/archive/RetinalOCT_Dataset/RetinalOCT_Dataset/train/AMD/amd_train_1398.jpg,1,512x1000
train,AMD,/media/miglab/DATA_20TB1/OCT/archive/RetinalOCT_Dataset/RetinalOCT_Dataset/train/AMD/amd_train_2531.jpg,1,512x1000
test,AMD,/media/miglab/DATA_20TB1/OCT/archive/RetinalOCT_Dataset/RetinalOCT_Dataset/test/AMD/amd_test_1157.jpg,1,512x1000
train,AMD,/media/miglab/DATA_20TB1/OCT/archive/RetinalOCT_Dataset/RetinalOCT_Dataset/train/AMD/amd_train_2928.jpg,1,512x1000
train,AMD,/media/miglab/DATA_20TB1/OCT/archive/RetinalOCT_Dataset/RetinalOCT_Dataset/train/AMD/amd_train_1695.jpg,1,512x1000
train,AMD,/media/miglab/DATA_20TB1/OCT/archive/RetinalOCT_Dataset/RetinalOCT_Dataset/train/AMD/amd_train_1778.jpg,1,512x1000
train,AMD,/media/miglab/DATA_20TB1/OCT/archive/RetinalOCT_Dataset/RetinalOCT_Dataset/train/AMD/amd_train_2389.jpg,1,512x1000
train,AMD,/media/miglab/DATA_20TB1/OCT/archive/RetinalOCT_Dataset/RetinalOCT_Dataset/train/AMD/amd_train_1111.jpg,1,512x1000
train,AMD,/media/miglab/DATA_20TB1/OCT/archive/RetinalOCT_Dataset/RetinalOCT_Dataset/train/AMD/amd_train_1453.jpg,1,512x1000
train,AMD,/media/miglab/DATA_20TB1/OCT/archive/RetinalOCT_Dataset/RetinalOCT_Dataset/train/AMD/amd_train_3131.jpg,1,512x1000
val,AMD,/media/miglab/DATA_20TB1/OCT/archive/RetinalOCT_Dataset/RetinalOCT_Dataset/val/AMD/amd_val_1182.jpg,1,512x1000
test,AMD,/media/miglab/DATA_20TB1/OCT/archive/RetinalOCT_Dataset/RetinalOCT_Dataset/test/AMD/amd_test_1181.jpg,1,512x1000
train,AMD,/media/miglab/DATA_20TB1/OCT/archive/RetinalOCT_Dataset/RetinalOCT_Dataset/train/AMD/amd_train_2708.jpg,1,512x1000
train,AMD,/media/miglab/DATA_20TB1/OCT/archive/RetinalOCT_Dataset/RetinalOCT_Dataset/train/AMD/amd_train_1239.jpg,1,512x1000
train,AMD,/media/miglab/DATA_20TB1/OCT/archive/RetinalOCT_Dataset/RetinalOCT_Dataset/train/AMD/amd_train_2734.jpg,1,512x1000
train,AMD,/media/miglab/DATA_20TB1/OCT/archive/RetinalOCT_Dataset/RetinalOCT_Dataset/train/AMD/amd_train_2987.jpg,1,512x1000
train,AMD,/media/miglab/DATA_20TB1/OCT/archive/RetinalOCT_Dataset/RetinalOCT_Dataset/train/AMD/amd_train_2288.jpg,1,512x1000
val,AMD,/media/miglab/DATA_20TB1/OCT/archive/RetinalOCT_Dataset/RetinalOCT_Dataset/val/AMD/amd_val_1240.jpg,1,512x1000
train,AMD,/media/miglab/DATA_20TB1/OCT/archive/RetinalOCT_Dataset/RetinalOCT_Dataset/train/AMD/amd_train_3093.jpg,1,512x1000
train,AMD,/media/miglab/DATA_20TB1/OCT/archive/RetinalOCT_Dataset/RetinalOCT_Dataset/train/AMD/amd_train_1634.jpg,1,512x1000
test,AMD,/media/miglab/DATA_20TB1/OCT/archive/RetinalOCT_Dataset/RetinalOCT_Dataset/test/AMD/amd_test_1032.jpg,1,512x1000
train,AMD,/media/miglab/DATA_20TB1/OCT/archive/RetinalOCT_Dataset/RetinalOCT_Dataset/train/AMD/amd_train_1135.jpg,1,512x1000
test,AMD,/media/miglab/DATA_20TB1/OCT/archive/RetinalOCT_Dataset/RetinalOCT_Dataset/test/AMD/amd_test_1169.jpg,1,512x1000
train,AMD,/media/miglab/DATA_20TB1/OCT/archive/RetinalOCT_Dataset/RetinalOCT_Dataset/train/AMD/amd_train_2808.jpg,1,512x1000
train,AMD,/media/miglab/DATA_20TB1/OCT/archive/RetinalOCT_Dataset/RetinalOCT_Dataset/train/AMD/amd_train_2781.jpg,1,512x1000
train,AMD,/media/miglab/DATA_20TB1/OCT/archive/RetinalOCT_Dataset/RetinalOCT_Dataset/train/AMD/amd_train_2204.jpg,1,512x1000
train,AMD,/media/miglab/DATA_20TB1/OCT/archive/RetinalOCT_Dataset/RetinalOCT_Dataset/train/AMD/amd_train_2392.jpg,1,512x1000
train,AMD,/media/miglab/DATA_20TB1/OCT/archive/RetinalOCT_Dataset/RetinalOCT_Dataset/train/AMD/amd_train_1713.jpg,1,512x1000
train,AMD,/media/miglab/DATA_20TB1/OCT/archive/RetinalOCT_Dataset/RetinalOCT_Dataset/train/AMD/amd_train_1172.jpg,1,512x1000
train,AMD,/media/miglab/DATA_20TB1/OCT/archive/RetinalOCT_Dataset/RetinalOCT_Dataset/train/AMD/amd_train_1962.jpg,1,512x1000
train,AMD,/media/miglab/DATA_20TB1/OCT/archive/RetinalOCT_Dataset/RetinalOCT_Dataset/train/AMD/amd_train_3081.jpg,1,512x1000
train,AMD,/media/miglab/DATA_20TB1/OCT/archive/RetinalOCT_Dataset/RetinalOCT_Dataset/train/AMD/amd_train_2271.jpg,1,512x1000
train,AMD,/media/miglab/DATA_20TB1/OCT/archive/RetinalOCT_Dataset/RetinalOCT_Dataset/train/AMD/amd_train_1952.jpg,1,512x1000
train,AMD,/media/miglab/DATA_20TB1/OCT/archive/RetinalOCT_Dataset/RetinalOCT_Dataset/train/AMD/amd_train_2949.jpg,1,512x1000
val,AMD,/media/miglab/DATA_20TB1/OCT/archive/RetinalOCT_Dataset/RetinalOCT_Dataset/val/AMD/amd_val_1302.jpg,1,512x1000
train,AMD,/media/miglab/DATA_20TB1/OCT/archive/RetinalOCT_Dataset/RetinalOCT_Dataset/train/AMD/amd_train_2289.jpg,1,512x1000
train,AMD,/media/miglab/DATA_20TB1/OCT/archive/RetinalOCT_Dataset/RetinalOCT_Dataset/train/AMD/amd_train_1941.jpg,1,512x1000
train,AMD,/media/miglab/DATA_20TB1/OCT/archive/RetinalOCT_Dataset/RetinalOCT_Dataset/train/AMD/amd_train_1024.jpg,1,512x1000
train,AMD,/media/miglab/DATA_20TB1/OCT/archive/RetinalOCT_Dataset/RetinalOCT_Dataset/train/AMD/amd_train_1394.jpg,1,512x1000
train,AMD,/media/miglab/DATA_20TB1/OCT/archive/RetinalOCT_Dataset/RetinalOCT_Dataset/train/AMD/amd_train_1223.jpg,1,512x1000
val,AMD,/media/miglab/DATA_20TB1/OCT/archive/RetinalOCT_Dataset/RetinalOCT_Dataset/val/AMD/amd_val_1166.jpg,1,512x1000
train,AMD,/media/miglab/DATA_20TB1/OCT/archive/RetinalOCT_Dataset/RetinalOCT_Dataset/train/AMD/amd_train_1541.jpg,1,512x1000
train,AMD,/media/miglab/DATA_20TB1/OCT/archive/RetinalOCT_Dataset/RetinalOCT_Dataset/train/AMD/amd_train_3285.jpg,1,512x1000
train,AMD,/media/miglab/DATA_20TB1/OCT/archive/RetinalOCT_Dataset/RetinalOCT_Dataset/train/AMD/amd_train_3003.jpg,1,512x1000
train,AMD,/media/miglab/DATA_20TB1/OCT/archive/RetinalOCT_Dataset/RetinalOCT_Dataset/train/AMD/amd_train_1187.jpg,1,512x1000
train,AMD,/media/miglab/DATA_20TB1/OCT/archive/RetinalOCT_Dataset/RetinalOCT_Dataset/train/AMD/amd_train_1242.jpg,1,512x1000
train,AMD,/media/miglab/DATA_20TB1/OCT/archive/RetinalOCT_Dataset/RetinalOCT_Dataset/train/AMD/amd_train_3188.jpg,1,512x1000
test,AMD,/media/miglab/DATA_20TB1/OCT/archive/RetinalOCT_Dataset/RetinalOCT_Dataset/test/AMD/amd_test_1026.jpg,1,512x1000
train,AMD,/media/miglab/DATA_20TB1/OCT/archive/RetinalOCT_Dataset/RetinalOCT_Dataset/train/AMD/amd_train_2777.jpg,1,512x1000
train,AMD,/media/miglab/DATA_20TB1/OCT/archive/RetinalOCT_Dataset/RetinalOCT_Dataset/train/AMD/amd_train_2141.jpg,1,512x1000
train,AMD,/media/miglab/DATA_20TB1/OCT/archive/RetinalOCT_Dataset/RetinalOCT_Dataset/train/AMD/amd_train_3047.jpg,1,512x1000
train,AMD,/media/miglab/DATA_20TB1/OCT/archive/RetinalOCT_Dataset/RetinalOCT_Dataset/train/AMD/amd_train_3274.jpg,1,512x1000
train,AMD,/media/miglab/DATA_20TB1/OCT/archive/RetinalOCT_Dataset/RetinalOCT_Dataset/train/AMD/amd_train_2914.jpg,1,512x1000
test,AMD,/media/miglab/DATA_20TB1/OCT/archive/RetinalOCT_Dataset/RetinalOCT_Dataset/test/AMD/amd_test_1046.jpg,1,512x1000
train,AMD,/media/miglab/DATA_20TB1/OCT/archive/RetinalOCT_Dataset/RetinalOCT_Dataset/train/AMD/amd_train_1369.jpg,1,512x1000
train,AMD,/media/miglab/DATA_20TB1/OCT/archive/RetinalOCT_Dataset/RetinalOCT_Dataset/train/AMD/amd_train_2089.jpg,1,512x1000
train,AMD,/media/miglab/DATA_20TB1/OCT/archive/RetinalOCT_Dataset/RetinalOCT_Dataset/train/AMD/amd_train_1103.jpg,1,512x1000
val,AMD,/media/miglab/DATA_20TB1/OCT/archive/RetinalOCT_Dataset/RetinalOCT_Dataset/val/AMD/amd_val_1031.jpg,1,512x1000
train,AMD,/media/miglab/DATA_20TB1/OCT/archive/RetinalOCT_Dataset/RetinalOCT_Dataset/train/AMD/amd_train_1815.jpg,1,512x1000
test,AMD,/media/miglab/DATA_20TB1/OCT/archive/RetinalOCT_Dataset/RetinalOCT_Dataset/test/AMD/amd_test_1057.jpg,1,512x1000
train,AMD,/media/miglab/DATA_20TB1/OCT/archive/RetinalOCT_Dataset/RetinalOCT_Dataset/train/AMD/amd_train_2951.jpg,1,512x1000
train,AMD,/media/miglab/DATA_20TB1/OCT/archive/RetinalOCT_Dataset/RetinalOCT_Dataset/train/AMD/amd_train_2890.jpg,1,512x1000
train,AMD,/media/miglab/DATA_20TB1/OCT/archive/RetinalOCT_Dataset/RetinalOCT_Dataset/train/AMD/amd_train_2340.jpg,1,512x1000
test,AMD,/media/miglab/DATA_20TB1/OCT/archive/RetinalOCT_Dataset/RetinalOCT_Dataset/test/AMD/amd_test_1044.jpg,1,512x1000
test,AMD,/media/miglab/DATA_20TB1/OCT/archive/RetinalOCT_Dataset/RetinalOCT_Dataset/test/AMD/amd_test_1293.jpg,1,512x1000
train,AMD,/media/miglab/DATA_20TB1/OCT/archive/RetinalOCT_Dataset/RetinalOCT_Dataset/train/AMD/amd_train_1428.jpg,1,512x1000
val,AMD,/media/miglab/DATA_20TB1/OCT/archive/RetinalOCT_Dataset/RetinalOCT_Dataset/val/AMD/amd_val_1069.jpg,1,512x1000
train,AMD,/media/miglab/DATA_20TB1/OCT/archive/RetinalOCT_Dataset/RetinalOCT_Dataset/train/AMD/amd_train_2140.jpg,1,512x1000
train,AMD,/media/miglab/DATA_20TB1/OCT/archive/RetinalOCT_Dataset/RetinalOCT_Dataset/train/AMD/amd_train_1974.jpg,1,512x1000
train,AMD,/media/miglab/DATA_20TB1/OCT/archive/RetinalOCT_Dataset/RetinalOCT_Dataset/train/AMD/amd_train_1845.jpg,1,512x1000
test,AMD,/media/miglab/DATA_20TB1/OCT/archive/RetinalOCT_Dataset/RetinalOCT_Dataset/test/AMD/amd_test_1109.jpg,1,512x1000
train,AMD,/media/miglab/DATA_20TB1/OCT/archive/RetinalOCT_Dataset/RetinalOCT_Dataset/train/AMD/amd_train_2329.jpg,1,512x1000
train,AMD,/media/miglab/DATA_20TB1/OCT/archive/RetinalOCT_Dataset/RetinalOCT_Dataset/train/AMD/amd_train_3277.jpg,1,512x1000
train,AMD,/media/miglab/DATA_20TB1/OCT/archive/RetinalOCT_Dataset/RetinalOCT_Dataset/train/AMD/amd_train_1178.jpg,1,512x1000
test,AMD,/media/miglab/DATA_20TB1/OCT/archive/RetinalOCT_Dataset/RetinalOCT_Dataset/test/AMD/amd_test_1301.jpg,1,512x1000
val,AMD,/media/miglab/DATA_20TB1/OCT/archive/RetinalOCT_Dataset/RetinalOCT_Dataset/val/AMD/amd_val_1035.jpg,1,512x1000
train,AMD,/media/miglab/DATA_20TB1/OCT/archive/RetinalOCT_Dataset/RetinalOCT_Dataset/train/AMD/amd_train_1262.jpg,1,512x1000
val,AMD,/media/miglab/DATA_20TB1/OCT/archive/RetinalOCT_Dataset/RetinalOCT_Dataset/val/AMD/amd_val_1024.jpg,1,512x1000
train,AMD,/media/miglab/DATA_20TB1/OCT/archive/RetinalOCT_Dataset/RetinalOCT_Dataset/train/AMD/amd_train_2100.jpg,1,512x1000
train,AMD,/media/miglab/DATA_20TB1/OCT/archive/RetinalOCT_Dataset/RetinalOCT_Dataset/train/AMD/amd_train_1578.jpg,1,512x1000
train,AMD,/media/miglab/DATA_20TB1/OCT/archive/RetinalOCT_Dataset/RetinalOCT_Dataset/train/AMD/amd_train_2031.jpg,1,512x1000
test,AMD,/media/miglab/DATA_20TB1/OCT/archive/RetinalOCT_Dataset/RetinalOCT_Dataset/test/AMD/amd_test_1153.jpg,1,512x1000
train,AMD,/media/miglab/DATA_20TB1/OCT/archive/RetinalOCT_Dataset/RetinalOCT_Dataset/train/AMD/amd_train_3053.jpg,1,512x1000
train,AMD,/media/miglab/DATA_20TB1/OCT/archive/RetinalOCT_Dataset/RetinalOCT_Dataset/train/AMD/amd_train_2875.jpg,1,512x1000
train,AMD,/media/miglab/DATA_20TB1/OCT/archive/RetinalOCT_Dataset/RetinalOCT_Dataset/train/AMD/amd_train_2318.jpg,1,512x1000
val,AMD,/media/miglab/DATA_20TB1/OCT/archive/RetinalOCT_Dataset/RetinalOCT_Dataset/val/AMD/amd_val_1269.jpg,1,512x1000
train,AMD,/media/miglab/DATA_20TB1/OCT/archive/RetinalOCT_Dataset/RetinalOCT_Dataset/train/AMD/amd_train_3124.jpg,1,512x1000
train,AMD,/media/miglab/DATA_20TB1/OCT/archive/RetinalOCT_Dataset/RetinalOCT_Dataset/train/AMD/amd_train_1712.jpg,1,512x1000
train,AMD,/media/miglab/DATA_20TB1/OCT/archive/RetinalOCT_Dataset/RetinalOCT_Dataset/train/AMD/amd_train_1996.jpg,1,512x1000
train,AMD,/media/miglab/DATA_20TB1/OCT/archive/RetinalOCT_Dataset/RetinalOCT_Dataset/train/AMD/amd_train_1240.jpg,1,512x1000
test,AMD,/media/miglab/DATA_20TB1/OCT/archive/RetinalOCT_Dataset/RetinalOCT_Dataset/test/AMD/amd_test_1210.jpg,1,512x1000
train,AMD,/media/miglab/DATA_20TB1/OCT/archive/RetinalOCT_Dataset/RetinalOCT_Dataset/train/AMD/amd_train_2618.jpg,1,512x1000
train,AMD,/media/miglab/DATA_20TB1/OCT/archive/RetinalOCT_Dataset/RetinalOCT_Dataset/train/AMD/amd_train_1746.jpg,1,512x1000
train,AMD,/media/miglab/DATA_20TB1/OCT/archive/RetinalOCT_Dataset/RetinalOCT_Dataset/train/AMD/amd_train_2719.jpg,1,512x1000
train,AMD,/media/miglab/DATA_20TB1/OCT/archive/RetinalOCT_Dataset/RetinalOCT_Dataset/train/AMD/amd_train_2211.jpg,1,512x1000
train,AMD,/media/miglab/DATA_20TB1/OCT/archive/RetinalOCT_Dataset/RetinalOCT_Dataset/train/AMD/amd_train_2591.jpg,1,512x1000
train,AMD,/media/miglab/DATA_20TB1/OCT/archive/RetinalOCT_Dataset/RetinalOCT_Dataset/train/AMD/amd_train_1045.jpg,1,512x1000
train,AMD,/media/miglab/DATA_20TB1/OCT/archive/RetinalOCT_Dataset/RetinalOCT_Dataset/train/AMD/amd_train_2167.jpg,1,512x1000
train,AMD,/media/miglab/DATA_20TB1/OCT/archive/RetinalOCT_Dataset/RetinalOCT_Dataset/train/AMD/amd_train_3256.jpg,1,512x1000
train,AMD,/media/miglab/DATA_20TB1/OCT/archive/RetinalOCT_Dataset/RetinalOCT_Dataset/train/AMD/amd_train_1102.jpg,1,512x1000
test,AMD,/media/miglab/DATA_20TB1/OCT/archive/RetinalOCT_Dataset/RetinalOCT_Dataset/test/AMD/amd_test_1299.jpg,1,512x1000
train,AMD,/media/miglab/DATA_20TB1/OCT/archive/RetinalOCT_Dataset/RetinalOCT_Dataset/train/AMD/amd_train_1029.jpg,1,512x1000
train,AMD,/media/miglab/DATA_20TB1/OCT/archive/RetinalOCT_Dataset/RetinalOCT_Dataset/train/AMD/amd_train_1493.jpg,1,512x1000
train,AMD,/media/miglab/DATA_20TB1/OCT/archive/RetinalOCT_Dataset/RetinalOCT_Dataset/train/AMD/amd_train_2720.jpg,1,512x1000
train,AMD,/media/miglab/DATA_20TB1/OCT/archive/RetinalOCT_Dataset/RetinalOCT_Dataset/train/AMD/amd_train_1037.jpg,1,512x1000
val,AMD,/media/miglab/DATA_20TB1/OCT/archive/RetinalOCT_Dataset/RetinalOCT_Dataset/val/AMD/amd_val_1231.jpg,1,512x1000
train,AMD,/media/miglab/DATA_20TB1/OCT/archive/RetinalOCT_Dataset/RetinalOCT_Dataset/train/AMD/amd_train_1983.jpg,1,512x1000
train,AMD,/media/miglab/DATA_20TB1/OCT/archive/RetinalOCT_Dataset/RetinalOCT_Dataset/train/AMD/amd_train_1882.jpg,1,512x1000
val,AMD,/media/miglab/DATA_20TB1/OCT/archive/RetinalOCT_Dataset/RetinalOCT_Dataset/val/AMD/amd_val_1127.jpg,1,512x1000
train,AMD,/media/miglab/DATA_20TB1/OCT/archive/RetinalOCT_Dataset/RetinalOCT_Dataset/train/AMD/amd_train_1470.jpg,1,512x1000
train,AMD,/media/miglab/DATA_20TB1/OCT/archive/RetinalOCT_Dataset/RetinalOCT_Dataset/train/AMD/amd_train_2483.jpg,1,512x1000
val,AMD,/media/miglab/DATA_20TB1/OCT/archive/RetinalOCT_Dataset/RetinalOCT_Dataset/val/AMD/amd_val_1020.jpg,1,512x1000
train,AMD,/media/miglab/DATA_20TB1/OCT/archive/RetinalOCT_Dataset/RetinalOCT_Dataset/train/AMD/amd_train_1467.jpg,1,512x1000
train,AMD,/media/miglab/DATA_20TB1/OCT/archive/RetinalOCT_Dataset/RetinalOCT_Dataset/train/AMD/amd_train_2020.jpg,1,512x1000
val,AMD,/media/miglab/DATA_20TB1/OCT/archive/RetinalOCT_Dataset/RetinalOCT_Dataset/val/AMD/amd_val_1184.jpg,1,512x1000
train,AMD,/media/miglab/DATA_20TB1/OCT/archive/RetinalOCT_Dataset/RetinalOCT_Dataset/train/AMD/amd_train_2527.jpg,1,512x1000
train,AMD,/media/miglab/DATA_20TB1/OCT/archive/RetinalOCT_Dataset/RetinalOCT_Dataset/train/AMD/amd_train_1992.jpg,1,512x1000
train,AMD,/media/miglab/DATA_20TB1/OCT/archive/RetinalOCT_Dataset/RetinalOCT_Dataset/train/AMD/amd_train_1271.jpg,1,512x1000
train,AMD,/media/miglab/DATA_20TB1/OCT/archive/RetinalOCT_Dataset/RetinalOCT_Dataset/train/AMD/amd_train_1616.jpg,1,512x1000
train,AMD,/media/miglab/DATA_20TB1/OCT/archive/RetinalOCT_Dataset/RetinalOCT_Dataset/train/AMD/amd_train_1918.jpg,1,512x1000
train,AMD,/media/miglab/DATA_20TB1/OCT/archive/RetinalOCT_Dataset/RetinalOCT_Dataset/train/AMD/amd_train_1425.jpg,1,512x1000
train,AMD,/media/miglab/DATA_20TB1/OCT/archive/RetinalOCT_Dataset/RetinalOCT_Dataset/train/AMD/amd_train_2989.jpg,1,512x1000
train,AMD,/media/miglab/DATA_20TB1/OCT/archive/RetinalOCT_Dataset/RetinalOCT_Dataset/train/AMD/amd_train_1939.jpg,1,512x1000
train,AMD,/media/miglab/DATA_20TB1/OCT/archive/RetinalOCT_Dataset/RetinalOCT_Dataset/train/AMD/amd_train_1595.jpg,1,512x1000
val,AMD,/media/miglab/DATA_20TB1/OCT/archive/RetinalOCT_Dataset/RetinalOCT_Dataset/val/AMD/amd_val_1001.jpg,1,512x1000
train,AMD,/media/miglab/DATA_20TB1/OCT/archive/RetinalOCT_Dataset/RetinalOCT_Dataset/train/AMD/amd_train_3299.jpg,1,512x1000
train,AMD,/media/miglab/DATA_20TB1/OCT/archive/RetinalOCT_Dataset/RetinalOCT_Dataset/train/AMD/amd_train_3059.jpg,1,512x1000
train,AMD,/media/miglab/DATA_20TB1/OCT/archive/RetinalOCT_Dataset/RetinalOCT_Dataset/train/AMD/amd_train_1723.jpg,1,512x1000
train,AMD,/media/miglab/DATA_20TB1/OCT/archive/RetinalOCT_Dataset/RetinalOCT_Dataset/train/AMD/amd_train_2844.jpg,1,512x1000
train,AMD,/media/miglab/DATA_20TB1/OCT/archive/RetinalOCT_Dataset/RetinalOCT_Dataset/train/AMD/amd_train_2603.jpg,1,512x1000
val,AMD,/media/miglab/DATA_20TB1/OCT/archive/RetinalOCT_Dataset/RetinalOCT_Dataset/val/AMD/amd_val_1075.jpg,1,512x1000
val,AMD,/media/miglab/DATA_20TB1/OCT/archive/RetinalOCT_Dataset/RetinalOCT_Dataset/val/AMD/amd_val_1123.jpg,1,512x1000
train,AMD,/media/miglab/DATA_20TB1/OCT/archive/RetinalOCT_Dataset/RetinalOCT_Dataset/train/AMD/amd_train_3141.jpg,1,512x1000
train,AMD,/media/miglab/DATA_20TB1/OCT/archive/RetinalOCT_Dataset/RetinalOCT_Dataset/train/AMD/amd_train_2331.jpg,1,512x1000
train,AMD,/media/miglab/DATA_20TB1/OCT/archive/RetinalOCT_Dataset/RetinalOCT_Dataset/train/AMD/amd_train_1774.jpg,1,512x1000
train,AMD,/media/miglab/DATA_20TB1/OCT/archive/RetinalOCT_Dataset/RetinalOCT_Dataset/train/AMD/amd_train_2573.jpg,1,512x1000
train,AMD,/media/miglab/DATA_20TB1/OCT/archive/RetinalOCT_Dataset/RetinalOCT_Dataset/train/AMD/amd_train_2322.jpg,1,512x1000
train,AMD,/media/miglab/DATA_20TB1/OCT/archive/RetinalOCT_Dataset/RetinalOCT_Dataset/train/AMD/amd_train_2112.jpg,1,512x1000
train,AMD,/media/miglab/DATA_20TB1/OCT/archive/RetinalOCT_Dataset/RetinalOCT_Dataset/train/AMD/amd_train_1150.jpg,1,512x1000
val,AMD,/media/miglab/DATA_20TB1/OCT/archive/RetinalOCT_Dataset/RetinalOCT_Dataset/val/AMD/amd_val_1074.jpg,1,512x1000
val,AMD,/media/miglab/DATA_20TB1/OCT/archive/RetinalOCT_Dataset/RetinalOCT_Dataset/val/AMD/amd_val_1150.jpg,1,512x1000
train,AMD,/media/miglab/DATA_20TB1/OCT/archive/RetinalOCT_Dataset/RetinalOCT_Dataset/train/AMD/amd_train_2104.jpg,1,512x1000
val,AMD,/media/miglab/DATA_20TB1/OCT/archive/RetinalOCT_Dataset/RetinalOCT_Dataset/val/AMD/amd_val_1016.jpg,1,512x1000
train,AMD,/media/miglab/DATA_20TB1/OCT/archive/RetinalOCT_Dataset/RetinalOCT_Dataset/train/AMD/amd_train_2924.jpg,1,512x1000
val,AMD,/media/miglab/DATA_20TB1/OCT/archive/RetinalOCT_Dataset/RetinalOCT_Dataset/val/AMD/amd_val_1115.jpg,1,512x1000
train,AMD,/media/miglab/DATA_20TB1/OCT/archive/RetinalOCT_Dataset/RetinalOCT_Dataset/train/AMD/amd_train_1091.jpg,1,512x1000
train,AMD,/media/miglab/DATA_20TB1/OCT/archive/RetinalOCT_Dataset/RetinalOCT_Dataset/train/AMD/amd_train_2441.jpg,1,512x1000
train,AMD,/media/miglab/DATA_20TB1/OCT/archive/RetinalOCT_Dataset/RetinalOCT_Dataset/train/AMD/amd_train_2553.jpg,1,512x1000
train,AMD,/media/miglab/DATA_20TB1/OCT/archive/RetinalOCT_Dataset/RetinalOCT_Dataset/train/AMD/amd_train_3122.jpg,1,512x1000
train,AMD,/media/miglab/DATA_20TB1/OCT/archive/RetinalOCT_Dataset/RetinalOCT_Dataset/train/AMD/amd_train_2294.jpg,1,512x1000
val,AMD,/media/miglab/DATA_20TB1/OCT/archive/RetinalOCT_Dataset/RetinalOCT_Dataset/val/AMD/amd_val_1230.jpg,1,512x1000
train,AMD,/media/miglab/DATA_20TB1/OCT/archive/RetinalOCT_Dataset/RetinalOCT_Dataset/train/AMD/amd_train_2062.jpg,1,512x1000
train,AMD,/media/miglab/DATA_20TB1/OCT/archive/RetinalOCT_Dataset/RetinalOCT_Dataset/train/AMD/amd_train_2242.jpg,1,512x1000
train,AMD,/media/miglab/DATA_20TB1/OCT/archive/RetinalOCT_Dataset/RetinalOCT_Dataset/train/AMD/amd_train_2357.jpg,1,512x1000
train,AMD,/media/miglab/DATA_20TB1/OCT/archive/RetinalOCT_Dataset/RetinalOCT_Dataset/train/AMD/amd_train_2160.jpg,1,512x1000
val,AMD,/media/miglab/DATA_20TB1/OCT/archive/RetinalOCT_Dataset/RetinalOCT_Dataset/val/AMD/amd_val_1195.jpg,1,512x1000
train,AMD,/media/miglab/DATA_20TB1/OCT/archive/RetinalOCT_Dataset/RetinalOCT_Dataset/train/AMD/amd_train_1605.jpg,1,512x1000
train,AMD,/media/miglab/DATA_20TB1/OCT/archive/RetinalOCT_Dataset/RetinalOCT_Dataset/train/AMD/amd_train_3084.jpg,1,512x1000
train,AMD,/media/miglab/DATA_20TB1/OCT/archive/RetinalOCT_Dataset/RetinalOCT_Dataset/train/AMD/amd_train_1138.jpg,1,512x1000
train,AMD,/media/miglab/DATA_20TB1/OCT/archive/RetinalOCT_Dataset/RetinalOCT_Dataset/train/AMD/amd_train_1760.jpg,1,512x1000
train,AMD,/media/miglab/DATA_20TB1/OCT/archive/RetinalOCT_Dataset/RetinalOCT_Dataset/train/AMD/amd_train_1765.jpg,1,512x1000
train,AMD,/media/miglab/DATA_20TB1/OCT/archive/RetinalOCT_Dataset/RetinalOCT_Dataset/train/AMD/amd_train_2336.jpg,1,512x1000
train,AMD,/media/miglab/DATA_20TB1/OCT/archive/RetinalOCT_Dataset/RetinalOCT_Dataset/train/AMD/amd_train_2195.jpg,1,512x1000
train,AMD,/media/miglab/DATA_20TB1/OCT/archive/RetinalOCT_Dataset/RetinalOCT_Dataset/train/AMD/amd_train_2455.jpg,1,512x1000
train,AMD,/media/miglab/DATA_20TB1/OCT/archive/RetinalOCT_Dataset/RetinalOCT_Dataset/train/AMD/amd_train_2645.jpg,1,512x1000
train,AMD,/media/miglab/DATA_20TB1/OCT/archive/RetinalOCT_Dataset/RetinalOCT_Dataset/train/AMD/amd_train_2501.jpg,1,512x1000
train,AMD,/media/miglab/DATA_20TB1/OCT/archive/RetinalOCT_Dataset/RetinalOCT_Dataset/train/AMD/amd_train_1579.jpg,1,512x1000
val,AMD,/media/miglab/DATA_20TB1/OCT/archive/RetinalOCT_Dataset/RetinalOCT_Dataset/val/AMD/amd_val_1145.jpg,1,512x1000
test,AMD,/media/miglab/DATA_20TB1/OCT/archive/RetinalOCT_Dataset/RetinalOCT_Dataset/test/AMD/amd_test_1287.jpg,1,512x1000
train,AMD,/media/miglab/DATA_20TB1/OCT/archive/RetinalOCT_Dataset/RetinalOCT_Dataset/train/AMD/amd_train_1691.jpg,1,512x1000
train,AMD,/media/miglab/DATA_20TB1/OCT/archive/RetinalOCT_Dataset/RetinalOCT_Dataset/train/AMD/amd_train_1278.jpg,1,512x1000
train,AMD,/media/miglab/DATA_20TB1/OCT/archive/RetinalOCT_Dataset/RetinalOCT_Dataset/train/AMD/amd_train_2513.jpg,1,512x1000
train,AMD,/media/miglab/DATA_20TB1/OCT/archive/RetinalOCT_Dataset/RetinalOCT_Dataset/train/AMD/amd_train_1878.jpg,1,512x1000
train,AMD,/media/miglab/DATA_20TB1/OCT/archive/RetinalOCT_Dataset/RetinalOCT_Dataset/train/AMD/amd_train_2215.jpg,1,512x1000
train,AMD,/media/miglab/DATA_20TB1/OCT/archive/RetinalOCT_Dataset/RetinalOCT_Dataset/train/AMD/amd_train_2917.jpg,1,512x1000
train,AMD,/media/miglab/DATA_20TB1/OCT/archive/RetinalOCT_Dataset/RetinalOCT_Dataset/train/AMD/amd_train_1583.jpg,1,512x1000
train,AMD,/media/miglab/DATA_20TB1/OCT/archive/RetinalOCT_Dataset/RetinalOCT_Dataset/train/AMD/amd_train_1388.jpg,1,512x1000
train,AMD,/media/miglab/DATA_20TB1/OCT/archive/RetinalOCT_Dataset/RetinalOCT_Dataset/train/AMD/amd_train_1951.jpg,1,512x1000
val,AMD,/media/miglab/DATA_20TB1/OCT/archive/RetinalOCT_Dataset/RetinalOCT_Dataset/val/AMD/amd_val_1081.jpg,1,512x1000
train,AMD,/media/miglab/DATA_20TB1/OCT/archive/RetinalOCT_Dataset/RetinalOCT_Dataset/train/AMD/amd_train_1057.jpg,1,512x1000
train,AMD,/media/miglab/DATA_20TB1/OCT/archive/RetinalOCT_Dataset/RetinalOCT_Dataset/train/AMD/amd_train_1319.jpg,1,512x1000
train,AMD,/media/miglab/DATA_20TB1/OCT/archive/RetinalOCT_Dataset/RetinalOCT_Dataset/train/AMD/amd_train_2767.jpg,1,512x1000
train,AMD,/media/miglab/DATA_20TB1/OCT/archive/RetinalOCT_Dataset/RetinalOCT_Dataset/train/AMD/amd_train_2364.jpg,1,512x1000
train,AMD,/media/miglab/DATA_20TB1/OCT/archive/RetinalOCT_Dataset/RetinalOCT_Dataset/train/AMD/amd_train_1537.jpg,1,512x1000
train,AMD,/media/miglab/DATA_20TB1/OCT/archive/RetinalOCT_Dataset/RetinalOCT_Dataset/train/AMD/amd_train_1235.jpg,1,512x1000
train,AMD,/media/miglab/DATA_20TB1/OCT/archive/RetinalOCT_Dataset/RetinalOCT_Dataset/train/AMD/amd_train_3052.jpg,1,512x1000
test,AMD,/media/miglab/DATA_20TB1/OCT/archive/RetinalOCT_Dataset/RetinalOCT_Dataset/test/AMD/amd_test_1116.jpg,1,512x1000
val,AMD,/media/miglab/DATA_20TB1/OCT/archive/RetinalOCT_Dataset/RetinalOCT_Dataset/val/AMD/amd_val_1327.jpg,1,512x1000
train,AMD,/media/miglab/DATA_20TB1/OCT/archive/RetinalOCT_Dataset/RetinalOCT_Dataset/train/AMD/amd_train_1569.jpg,1,512x1000
train,AMD,/media/miglab/DATA_20TB1/OCT/archive/RetinalOCT_Dataset/RetinalOCT_Dataset/train/AMD/amd_train_1120.jpg,1,512x1000
train,AMD,/media/miglab/DATA_20TB1/OCT/archive/RetinalOCT_Dataset/RetinalOCT_Dataset/train/AMD/amd_train_3279.jpg,1,512x1000
train,AMD,/media/miglab/DATA_20TB1/OCT/archive/RetinalOCT_Dataset/RetinalOCT_Dataset/train/AMD/amd_train_2053.jpg,1,512x1000
train,AMD,/media/miglab/DATA_20TB1/OCT/archive/RetinalOCT_Dataset/RetinalOCT_Dataset/train/AMD/amd_train_2736.jpg,1,512x1000
train,AMD,/media/miglab/DATA_20TB1/OCT/archive/RetinalOCT_Dataset/RetinalOCT_Dataset/train/AMD/amd_train_1779.jpg,1,512x1000
train,AMD,/media/miglab/DATA_20TB1/OCT/archive/RetinalOCT_Dataset/RetinalOCT_Dataset/train/AMD/amd_train_1791.jpg,1,512x1000
train,AMD,/media/miglab/DATA_20TB1/OCT/archive/RetinalOCT_Dataset/RetinalOCT_Dataset/train/AMD/amd_train_2496.jpg,1,512x1000
train,AMD,/media/miglab/DATA_20TB1/OCT/archive/RetinalOCT_Dataset/RetinalOCT_Dataset/train/AMD/amd_train_1353.jpg,1,512x1000
test,AMD,/media/miglab/DATA_20TB1/OCT/archive/RetinalOCT_Dataset/RetinalOCT_Dataset/test/AMD/amd_test_1166.jpg,1,512x1000
train,AMD,/media/miglab/DATA_20TB1/OCT/archive/RetinalOCT_Dataset/RetinalOCT_Dataset/train/AMD/amd_train_1700.jpg,1,512x1000
train,AMD,/media/miglab/DATA_20TB1/OCT/archive/RetinalOCT_Dataset/RetinalOCT_Dataset/train/AMD/amd_train_1658.jpg,1,512x1000
train,AMD,/media/miglab/DATA_20TB1/OCT/archive/RetinalOCT_Dataset/RetinalOCT_Dataset/train/AMD/amd_train_2587.jpg,1,512x1000
train,AMD,/media/miglab/DATA_20TB1/OCT/archive/RetinalOCT_Dataset/RetinalOCT_Dataset/train/AMD/amd_train_2761.jpg,1,512x1000
train,AMD,/media/miglab/DATA_20TB1/OCT/archive/RetinalOCT_Dataset/RetinalOCT_Dataset/train/AMD/amd_train_3112.jpg,1,512x1000
train,AMD,/media/miglab/DATA_20TB1/OCT/archive/RetinalOCT_Dataset/RetinalOCT_Dataset/train/AMD/amd_train_2202.jpg,1,512x1000
test,AMD,/media/miglab/DATA_20TB1/OCT/archive/RetinalOCT_Dataset/RetinalOCT_Dataset/test/AMD/amd_test_1175.jpg,1,512x1000
val,AMD,/media/miglab/DATA_20TB1/OCT/archive/RetinalOCT_Dataset/RetinalOCT_Dataset/val/AMD/amd_val_1245.jpg,1,512x1000
test,AMD,/media/miglab/DATA_20TB1/OCT/archive/RetinalOCT_Dataset/RetinalOCT_Dataset/test/AMD/amd_test_1134.jpg,1,512x1000
test,AMD,/media/miglab/DATA_20TB1/OCT/archive/RetinalOCT_Dataset/RetinalOCT_Dataset/test/AMD/amd_test_1076.jpg,1,512x1000
train,AMD,/media/miglab/DATA_20TB1/OCT/archive/RetinalOCT_Dataset/RetinalOCT_Dataset/train/AMD/amd_train_2757.jpg,1,512x1000
train,AMD,/media/miglab/DATA_20TB1/OCT/archive/RetinalOCT_Dataset/RetinalOCT_Dataset/train/AMD/amd_train_2652.jpg,1,512x1000
train,AMD,/media/miglab/DATA_20TB1/OCT/archive/RetinalOCT_Dataset/RetinalOCT_Dataset/train/AMD/amd_train_1227.jpg,1,512x1000
train,AMD,/media/miglab/DATA_20TB1/OCT/archive/RetinalOCT_Dataset/RetinalOCT_Dataset/train/AMD/amd_train_1300.jpg,1,512x1000
train,AMD,/media/miglab/DATA_20TB1/OCT/archive/RetinalOCT_Dataset/RetinalOCT_Dataset/train/AMD/amd_train_2768.jpg,1,512x1000
train,AMD,/media/miglab/DATA_20TB1/OCT/archive/RetinalOCT_Dataset/RetinalOCT_Dataset/train/AMD/amd_train_1186.jpg,1,512x1000
val,AMD,/media/miglab/DATA_20TB1/OCT/archive/RetinalOCT_Dataset/RetinalOCT_Dataset/val/AMD/amd_val_1003.jpg,1,512x1000
train,AMD,/media/miglab/DATA_20TB1/OCT/archive/RetinalOCT_Dataset/RetinalOCT_Dataset/train/AMD/amd_train_2338.jpg,1,512x1000
train,AMD,/media/miglab/DATA_20TB1/OCT/archive/RetinalOCT_Dataset/RetinalOCT_Dataset/train/AMD/amd_train_2698.jpg,1,512x1000
test,AMD,/media/miglab/DATA_20TB1/OCT/archive/RetinalOCT_Dataset/RetinalOCT_Dataset/test/AMD/amd_test_1226.jpg,1,512x1000
val,AMD,/media/miglab/DATA_20TB1/OCT/archive/RetinalOCT_Dataset/RetinalOCT_Dataset/val/AMD/amd_val_1312.jpg,1,512x1000
train,AMD,/media/miglab/DATA_20TB1/OCT/archive/RetinalOCT_Dataset/RetinalOCT_Dataset/train/AMD/amd_train_2426.jpg,1,512x1000
train,AMD,/media/miglab/DATA_20TB1/OCT/archive/RetinalOCT_Dataset/RetinalOCT_Dataset/train/AMD/amd_train_1592.jpg,1,512x1000
train,AMD,/media/miglab/DATA_20TB1/OCT/archive/RetinalOCT_Dataset/RetinalOCT_Dataset/train/AMD/amd_train_3272.jpg,1,512x1000
test,AMD,/media/miglab/DATA_20TB1/OCT/archive/RetinalOCT_Dataset/RetinalOCT_Dataset/test/AMD/amd_test_1274.jpg,1,512x1000
train,AMD,/media/miglab/DATA_20TB1/OCT/archive/RetinalOCT_Dataset/RetinalOCT_Dataset/train/AMD/amd_train_2858.jpg,1,512x1000
train,AMD,/media/miglab/DATA_20TB1/OCT/archive/RetinalOCT_Dataset/RetinalOCT_Dataset/train/AMD/amd_train_1396.jpg,1,512x1000
train,AMD,/media/miglab/DATA_20TB1/OCT/archive/RetinalOCT_Dataset/RetinalOCT_Dataset/train/AMD/amd_train_2398.jpg,1,512x1000
train,AMD,/media/miglab/DATA_20TB1/OCT/archive/RetinalOCT_Dataset/RetinalOCT_Dataset/train/AMD/amd_train_2069.jpg,1,512x1000
train,AMD,/media/miglab/DATA_20TB1/OCT/archive/RetinalOCT_Dataset/RetinalOCT_Dataset/train/AMD/amd_train_3062.jpg,1,512x1000
train,AMD,/media/miglab/DATA_20TB1/OCT/archive/RetinalOCT_Dataset/RetinalOCT_Dataset/train/AMD/amd_train_2764.jpg,1,512x1000
train,AMD,/media/miglab/DATA_20TB1/OCT/archive/RetinalOCT_Dataset/RetinalOCT_Dataset/train/AMD/amd_train_1610.jpg,1,512x1000
train,AMD,/media/miglab/DATA_20TB1/OCT/archive/RetinalOCT_Dataset/RetinalOCT_Dataset/train/AMD/amd_train_3259.jpg,1,512x1000
train,AMD,/media/miglab/DATA_20TB1/OCT/archive/RetinalOCT_Dataset/RetinalOCT_Dataset/train/AMD/amd_train_1162.jpg,1,512x1000
val,AMD,/media/miglab/DATA_20TB1/OCT/archive/RetinalOCT_Dataset/RetinalOCT_Dataset/val/AMD/amd_val_1076.jpg,1,512x1000
train,AMD,/media/miglab/DATA_20TB1/OCT/archive/RetinalOCT_Dataset/RetinalOCT_Dataset/train/AMD/amd_train_1502.jpg,1,512x1000
train,AMD,/media/miglab/DATA_20TB1/OCT/archive/RetinalOCT_Dataset/RetinalOCT_Dataset/train/AMD/amd_train_1365.jpg,1,512x1000
train,AMD,/media/miglab/DATA_20TB1/OCT/archive/RetinalOCT_Dataset/RetinalOCT_Dataset/train/AMD/amd_train_2417.jpg,1,512x1000
train,AMD,/media/miglab/DATA_20TB1/OCT/archive/RetinalOCT_Dataset/RetinalOCT_Dataset/train/AMD/amd_train_1793.jpg,1,512x1000
train,AMD,/media/miglab/DATA_20TB1/OCT/archive/RetinalOCT_Dataset/RetinalOCT_Dataset/train/AMD/amd_train_2156.jpg,1,512x1000
train,AMD,/media/miglab/DATA_20TB1/OCT/archive/RetinalOCT_Dataset/RetinalOCT_Dataset/train/AMD/amd_train_1977.jpg,1,512x1000
val,AMD,/media/miglab/DATA_20TB1/OCT/archive/RetinalOCT_Dataset/RetinalOCT_Dataset/val/AMD/amd_val_1198.jpg,1,512x1000
train,AMD,/media/miglab/DATA_20TB1/OCT/archive/RetinalOCT_Dataset/RetinalOCT_Dataset/train/AMD/amd_train_1767.jpg,1,512x1000
train,AMD,/media/miglab/DATA_20TB1/OCT/archive/RetinalOCT_Dataset/RetinalOCT_Dataset/train/AMD/amd_train_1741.jpg,1,512x1000
val,AMD,/media/miglab/DATA_20TB1/OCT/archive/RetinalOCT_Dataset/RetinalOCT_Dataset/val/AMD/amd_val_1271.jpg,1,512x1000
train,AMD,/media/miglab/DATA_20TB1/OCT/archive/RetinalOCT_Dataset/RetinalOCT_Dataset/train/AMD/amd_train_1747.jpg,1,512x1000
train,AMD,/media/miglab/DATA_20TB1/OCT/archive/RetinalOCT_Dataset/RetinalOCT_Dataset/train/AMD/amd_train_2518.jpg,1,512x1000
train,AMD,/media/miglab/DATA_20TB1/OCT/archive/RetinalOCT_Dataset/RetinalOCT_Dataset/train/AMD/amd_train_1109.jpg,1,512x1000
train,AMD,/media/miglab/DATA_20TB1/OCT/archive/RetinalOCT_Dataset/RetinalOCT_Dataset/train/AMD/amd_train_3064.jpg,1,512x1000
train,AMD,/media/miglab/DATA_20TB1/OCT/archive/RetinalOCT_Dataset/RetinalOCT_Dataset/train/AMD/amd_train_2644.jpg,1,512x1000
train,AMD,/media/miglab/DATA_20TB1/OCT/archive/RetinalOCT_Dataset/RetinalOCT_Dataset/train/AMD/amd_train_1481.jpg,1,512x1000
train,AMD,/media/miglab/DATA_20TB1/OCT/archive/RetinalOCT_Dataset/RetinalOCT_Dataset/train/AMD/amd_train_1372.jpg,1,512x1000
train,AMD,/media/miglab/DATA_20TB1/OCT/archive/RetinalOCT_Dataset/RetinalOCT_Dataset/train/AMD/amd_train_2229.jpg,1,512x1000
train,AMD,/media/miglab/DATA_20TB1/OCT/archive/RetinalOCT_Dataset/RetinalOCT_Dataset/train/AMD/amd_train_1907.jpg,1,512x1000
train,AMD,/media/miglab/DATA_20TB1/OCT/archive/RetinalOCT_Dataset/RetinalOCT_Dataset/train/AMD/amd_train_2075.jpg,1,512x1000
train,AMD,/media/miglab/DATA_20TB1/OCT/archive/RetinalOCT_Dataset/RetinalOCT_Dataset/train/AMD/amd_train_2039.jpg,1,512x1000
train,AMD,/media/miglab/DATA_20TB1/OCT/archive/RetinalOCT_Dataset/RetinalOCT_Dataset/train/AMD/amd_train_3007.jpg,1,512x1000
train,AMD,/media/miglab/DATA_20TB1/OCT/archive/RetinalOCT_Dataset/RetinalOCT_Dataset/train/AMD/amd_train_1009.jpg,1,512x1000
train,AMD,/media/miglab/DATA_20TB1/OCT/archive/RetinalOCT_Dataset/RetinalOCT_Dataset/train/AMD/amd_train_2352.jpg,1,512x1000
train,AMD,/media/miglab/DATA_20TB1/OCT/archive/RetinalOCT_Dataset/RetinalOCT_Dataset/train/AMD/amd_train_1938.jpg,1,512x1000
train,AMD,/media/miglab/DATA_20TB1/OCT/archive/RetinalOCT_Dataset/RetinalOCT_Dataset/train/AMD/amd_train_1721.jpg,1,512x1000
train,AMD,/media/miglab/DATA_20TB1/OCT/archive/RetinalOCT_Dataset/RetinalOCT_Dataset/train/AMD/amd_train_1185.jpg,1,512x1000
train,AMD,/media/miglab/DATA_20TB1/OCT/archive/RetinalOCT_Dataset/RetinalOCT_Dataset/train/AMD/amd_train_1940.jpg,1,512x1000
train,AMD,/media/miglab/DATA_20TB1/OCT/archive/RetinalOCT_Dataset/RetinalOCT_Dataset/train/AMD/amd_train_2105.jpg,1,512x1000
train,AMD,/media/miglab/DATA_20TB1/OCT/archive/RetinalOCT_Dataset/RetinalOCT_Dataset/train/AMD/amd_train_1377.jpg,1,512x1000
train,AMD,/media/miglab/DATA_20TB1/OCT/archive/RetinalOCT_Dataset/RetinalOCT_Dataset/train/AMD/amd_train_1494.jpg,1,512x1000
train,AMD,/media/miglab/DATA_20TB1/OCT/archive/RetinalOCT_Dataset/RetinalOCT_Dataset/train/AMD/amd_train_1237.jpg,1,512x1000
train,AMD,/media/miglab/DATA_20TB1/OCT/archive/RetinalOCT_Dataset/RetinalOCT_Dataset/train/AMD/amd_train_1528.jpg,1,512x1000
val,AMD,/media/miglab/DATA_20TB1/OCT/archive/RetinalOCT_Dataset/RetinalOCT_Dataset/val/AMD/amd_val_1275.jpg,1,512x1000
val,AMD,/media/miglab/DATA_20TB1/OCT/archive/RetinalOCT_Dataset/RetinalOCT_Dataset/val/AMD/amd_val_1349.jpg,1,512x1000
train,AMD,/media/miglab/DATA_20TB1/OCT/archive/RetinalOCT_Dataset/RetinalOCT_Dataset/train/AMD/amd_train_1744.jpg,1,512x1000
train,AMD,/media/miglab/DATA_20TB1/OCT/archive/RetinalOCT_Dataset/RetinalOCT_Dataset/train/AMD/amd_train_3030.jpg,1,512x1000
test,AMD,/media/miglab/DATA_20TB1/OCT/archive/RetinalOCT_Dataset/RetinalOCT_Dataset/test/AMD/amd_test_1346.jpg,1,512x1000
train,AMD,/media/miglab/DATA_20TB1/OCT/archive/RetinalOCT_Dataset/RetinalOCT_Dataset/train/AMD/amd_train_3176.jpg,1,512x1000
train,AMD,/media/miglab/DATA_20TB1/OCT/archive/RetinalOCT_Dataset/RetinalOCT_Dataset/train/AMD/amd_train_1957.jpg,1,512x1000
train,AMD,/media/miglab/DATA_20TB1/OCT/archive/RetinalOCT_Dataset/RetinalOCT_Dataset/train/AMD/amd_train_2369.jpg,1,512x1000
train,AMD,/media/miglab/DATA_20TB1/OCT/archive/RetinalOCT_Dataset/RetinalOCT_Dataset/train/AMD/amd_train_2522.jpg,1,512x1000
train,AMD,/media/miglab/DATA_20TB1/OCT/archive/RetinalOCT_Dataset/RetinalOCT_Dataset/train/AMD/amd_train_2996.jpg,1,512x1000
train,AMD,/media/miglab/DATA_20TB1/OCT/archive/RetinalOCT_Dataset/RetinalOCT_Dataset/train/AMD/amd_train_2005.jpg,1,512x1000
test,AMD,/media/miglab/DATA_20TB1/OCT/archive/RetinalOCT_Dataset/RetinalOCT_Dataset/test/AMD/amd_test_1033.jpg,1,512x1000
train,AMD,/media/miglab/DATA_20TB1/OCT/archive/RetinalOCT_Dataset/RetinalOCT_Dataset/train/AMD/amd_train_3135.jpg,1,512x1000
test,AMD,/media/miglab/DATA_20TB1/OCT/archive/RetinalOCT_Dataset/RetinalOCT_Dataset/test/AMD/amd_test_1257.jpg,1,512x1000
train,AMD,/media/miglab/DATA_20TB1/OCT/archive/RetinalOCT_Dataset/RetinalOCT_Dataset/train/AMD/amd_train_1661.jpg,1,512x1000
train,AMD,/media/miglab/DATA_20TB1/OCT/archive/RetinalOCT_Dataset/RetinalOCT_Dataset/train/AMD/amd_train_3257.jpg,1,512x1000
train,AMD,/media/miglab/DATA_20TB1/OCT/archive/RetinalOCT_Dataset/RetinalOCT_Dataset/train/AMD/amd_train_1681.jpg,1,512x1000
test,AMD,/media/miglab/DATA_20TB1/OCT/archive/RetinalOCT_Dataset/RetinalOCT_Dataset/test/AMD/amd_test_1289.jpg,1,512x1000
test,AMD,/media/miglab/DATA_20TB1/OCT/archive/RetinalOCT_Dataset/RetinalOCT_Dataset/test/AMD/amd_test_1263.jpg,1,512x1000
train,AMD,/media/miglab/DATA_20TB1/OCT/archive/RetinalOCT_Dataset/RetinalOCT_Dataset/train/AMD/amd_train_1313.jpg,1,512x1000
test,AMD,/media/miglab/DATA_20TB1/OCT/archive/RetinalOCT_Dataset/RetinalOCT_Dataset/test/AMD/amd_test_1007.jpg,1,512x1000
train,AMD,/media/miglab/DATA_20TB1/OCT/archive/RetinalOCT_Dataset/RetinalOCT_Dataset/train/AMD/amd_train_2507.jpg,1,512x1000
train,AMD,/media/miglab/DATA_20TB1/OCT/archive/RetinalOCT_Dataset/RetinalOCT_Dataset/train/AMD/amd_train_2610.jpg,1,512x1000
test,AMD,/media/miglab/DATA_20TB1/OCT/archive/RetinalOCT_Dataset/RetinalOCT_Dataset/test/AMD/amd_test_1118.jpg,1,512x1000
train,AMD,/media/miglab/DATA_20TB1/OCT/archive/RetinalOCT_Dataset/RetinalOCT_Dataset/train/AMD/amd_train_1211.jpg,1,512x1000
train,AMD,/media/miglab/DATA_20TB1/OCT/archive/RetinalOCT_Dataset/RetinalOCT_Dataset/train/AMD/amd_train_2310.jpg,1,512x1000
train,AMD,/media/miglab/DATA_20TB1/OCT/archive/RetinalOCT_Dataset/RetinalOCT_Dataset/train/AMD/amd_train_1232.jpg,1,512x1000
train,AMD,/media/miglab/DATA_20TB1/OCT/archive/RetinalOCT_Dataset/RetinalOCT_Dataset/train/AMD/amd_train_3068.jpg,1,512x1000
train,AMD,/media/miglab/DATA_20TB1/OCT/archive/RetinalOCT_Dataset/RetinalOCT_Dataset/train/AMD/amd_train_2703.jpg,1,512x1000
train,AMD,/media/miglab/DATA_20TB1/OCT/archive/RetinalOCT_Dataset/RetinalOCT_Dataset/train/AMD/amd_train_2772.jpg,1,512x1000
train,AMD,/media/miglab/DATA_20TB1/OCT/archive/RetinalOCT_Dataset/RetinalOCT_Dataset/train/AMD/amd_train_3137.jpg,1,512x1000
train,AMD,/media/miglab/DATA_20TB1/OCT/archive/RetinalOCT_Dataset/RetinalOCT_Dataset/train/AMD/amd_train_2263.jpg,1,512x1000
train,AMD,/media/miglab/DATA_20TB1/OCT/archive/RetinalOCT_Dataset/RetinalOCT_Dataset/train/AMD/amd_train_1717.jpg,1,512x1000
val,AMD,/media/miglab/DATA_20TB1/OCT/archive/RetinalOCT_Dataset/RetinalOCT_Dataset/val/AMD/amd_val_1345.jpg,1,512x1000
train,AMD,/media/miglab/DATA_20TB1/OCT/archive/RetinalOCT_Dataset/RetinalOCT_Dataset/train/AMD/amd_train_1023.jpg,1,512x1000
test,AMD,/media/miglab/DATA_20TB1/OCT/archive/RetinalOCT_Dataset/RetinalOCT_Dataset/test/AMD/amd_test_1185.jpg,1,512x1000
train,AMD,/media/miglab/DATA_20TB1/OCT/archive/RetinalOCT_Dataset/RetinalOCT_Dataset/train/AMD/amd_train_2991.jpg,1,512x1000
train,AMD,/media/miglab/DATA_20TB1/OCT/archive/RetinalOCT_Dataset/RetinalOCT_Dataset/train/AMD/amd_train_3203.jpg,1,512x1000
train,AMD,/media/miglab/DATA_20TB1/OCT/archive/RetinalOCT_Dataset/RetinalOCT_Dataset/train/AMD/amd_train_1993.jpg,1,512x1000
val,AMD,/media/miglab/DATA_20TB1/OCT/archive/RetinalOCT_Dataset/RetinalOCT_Dataset/val/AMD/amd_val_1173.jpg,1,512x1000
train,AMD,/media/miglab/DATA_20TB1/OCT/archive/RetinalOCT_Dataset/RetinalOCT_Dataset/train/AMD/amd_train_3264.jpg,1,512x1000
val,AMD,/media/miglab/DATA_20TB1/OCT/archive/RetinalOCT_Dataset/RetinalOCT_Dataset/val/AMD/amd_val_1224.jpg,1,512x1000
train,AMD,/media/miglab/DATA_20TB1/OCT/archive/RetinalOCT_Dataset/RetinalOCT_Dataset/train/AMD/amd_train_1433.jpg,1,512x1000
train,AMD,/media/miglab/DATA_20TB1/OCT/archive/RetinalOCT_Dataset/RetinalOCT_Dataset/train/AMD/amd_train_1283.jpg,1,512x1000
train,AMD,/media/miglab/DATA_20TB1/OCT/archive/RetinalOCT_Dataset/RetinalOCT_Dataset/train/AMD/amd_train_1590.jpg,1,512x1000
train,AMD,/media/miglab/DATA_20TB1/OCT/archive/RetinalOCT_Dataset/RetinalOCT_Dataset/train/AMD/amd_train_2280.jpg,1,512x1000
val,AMD,/media/miglab/DATA_20TB1/OCT/archive/RetinalOCT_Dataset/RetinalOCT_Dataset/val/AMD/amd_val_1104.jpg,1,512x1000
train,AMD,/media/miglab/DATA_20TB1/OCT/archive/RetinalOCT_Dataset/RetinalOCT_Dataset/train/AMD/amd_train_1639.jpg,1,512x1000
val,AMD,/media/miglab/DATA_20TB1/OCT/archive/RetinalOCT_Dataset/RetinalOCT_Dataset/val/AMD/amd_val_1083.jpg,1,512x1000
train,AMD,/media/miglab/DATA_20TB1/OCT/archive/RetinalOCT_Dataset/RetinalOCT_Dataset/train/AMD/amd_train_1780.jpg,1,512x1000
test,AMD,/media/miglab/DATA_20TB1/OCT/archive/RetinalOCT_Dataset/RetinalOCT_Dataset/test/AMD/amd_test_1147.jpg,1,512x1000
train,AMD,/media/miglab/DATA_20TB1/OCT/archive/RetinalOCT_Dataset/RetinalOCT_Dataset/train/AMD/amd_train_2021.jpg,1,512x1000
test,AMD,/media/miglab/DATA_20TB1/OCT/archive/RetinalOCT_Dataset/RetinalOCT_Dataset/test/AMD/amd_test_1262.jpg,1,512x1000
train,AMD,/media/miglab/DATA_20TB1/OCT/archive/RetinalOCT_Dataset/RetinalOCT_Dataset/train/AMD/amd_train_1166.jpg,1,512x1000
train,AMD,/media/miglab/DATA_20TB1/OCT/archive/RetinalOCT_Dataset/RetinalOCT_Dataset/train/AMD/amd_train_3104.jpg,1,512x1000
train,AMD,/media/miglab/DATA_20TB1/OCT/archive/RetinalOCT_Dataset/RetinalOCT_Dataset/train/AMD/amd_train_1354.jpg,1,512x1000
train,AMD,/media/miglab/DATA_20TB1/OCT/archive/RetinalOCT_Dataset/RetinalOCT_Dataset/train/AMD/amd_train_2251.jpg,1,512x1000
train,AMD,/media/miglab/DATA_20TB1/OCT/archive/RetinalOCT_Dataset/RetinalOCT_Dataset/train/AMD/amd_train_1536.jpg,1,512x1000
train,AMD,/media/miglab/DATA_20TB1/OCT/archive/RetinalOCT_Dataset/RetinalOCT_Dataset/train/AMD/amd_train_1738.jpg,1,512x1000
train,AMD,/media/miglab/DATA_20TB1/OCT/archive/RetinalOCT_Dataset/RetinalOCT_Dataset/train/AMD/amd_train_2125.jpg,1,512x1000
test,AMD,/media/miglab/DATA_20TB1/OCT/archive/RetinalOCT_Dataset/RetinalOCT_Dataset/test/AMD/amd_test_1040.jpg,1,512x1000
train,AMD,/media/miglab/DATA_20TB1/OCT/archive/RetinalOCT_Dataset/RetinalOCT_Dataset/train/AMD/amd_train_1403.jpg,1,512x1000
train,AMD,/media/miglab/DATA_20TB1/OCT/archive/RetinalOCT_Dataset/RetinalOCT_Dataset/train/AMD/amd_train_1642.jpg,1,512x1000
train,AMD,/media/miglab/DATA_20TB1/OCT/archive/RetinalOCT_Dataset/RetinalOCT_Dataset/train/AMD/amd_train_2742.jpg,1,512x1000
test,AMD,/media/miglab/DATA_20TB1/OCT/archive/RetinalOCT_Dataset/RetinalOCT_Dataset/test/AMD/amd_test_1273.jpg,1,512x1000
train,AMD,/media/miglab/DATA_20TB1/OCT/archive/RetinalOCT_Dataset/RetinalOCT_Dataset/train/AMD/amd_train_1948.jpg,1,512x1000
train,AMD,/media/miglab/DATA_20TB1/OCT/archive/RetinalOCT_Dataset/RetinalOCT_Dataset/train/AMD/amd_train_1697.jpg,1,512x1000
train,AMD,/media/miglab/DATA_20TB1/OCT/archive/RetinalOCT_Dataset/RetinalOCT_Dataset/train/AMD/amd_train_2927.jpg,1,512x1000
train,AMD,/media/miglab/DATA_20TB1/OCT/archive/RetinalOCT_Dataset/RetinalOCT_Dataset/train/AMD/amd_train_2252.jpg,1,512x1000
train,AMD,/media/miglab/DATA_20TB1/OCT/archive/RetinalOCT_Dataset/RetinalOCT_Dataset/train/AMD/amd_train_1806.jpg,1,512x1000
train,AMD,/media/miglab/DATA_20TB1/OCT/archive/RetinalOCT_Dataset/RetinalOCT_Dataset/train/AMD/amd_train_2621.jpg,1,512x1000
train,AMD,/media/miglab/DATA_20TB1/OCT/archive/RetinalOCT_Dataset/RetinalOCT_Dataset/train/AMD/amd_train_1802.jpg,1,512x1000
train,AMD,/media/miglab/DATA_20TB1/OCT/archive/RetinalOCT_Dataset/RetinalOCT_Dataset/train/AMD/amd_train_1434.jpg,1,512x1000
train,AMD,/media/miglab/DATA_20TB1/OCT/archive/RetinalOCT_Dataset/RetinalOCT_Dataset/train/AMD/amd_train_1027.jpg,1,512x1000
val,AMD,/media/miglab/DATA_20TB1/OCT/archive/RetinalOCT_Dataset/RetinalOCT_Dataset/val/AMD/amd_val_1050.jpg,1,512x1000
test,AMD,/media/miglab/DATA_20TB1/OCT/archive/RetinalOCT_Dataset/RetinalOCT_Dataset/test/AMD/amd_test_1146.jpg,1,512x1000
train,AMD,/media/miglab/DATA_20TB1/OCT/archive/RetinalOCT_Dataset/RetinalOCT_Dataset/train/AMD/amd_train_2279.jpg,1,512x1000
test,AMD,/media/miglab/DATA_20TB1/OCT/archive/RetinalOCT_Dataset/RetinalOCT_Dataset/test/AMD/amd_test_1028.jpg,1,512x1000
val,AMD,/media/miglab/DATA_20TB1/OCT/archive/RetinalOCT_Dataset/RetinalOCT_Dataset/val/AMD/amd_val_1099.jpg,1,512x1000
train,AMD,/media/miglab/DATA_20TB1/OCT/archive/RetinalOCT_Dataset/RetinalOCT_Dataset/train/AMD/amd_train_1212.jpg,1,512x1000
train,AMD,/media/miglab/DATA_20TB1/OCT/archive/RetinalOCT_Dataset/RetinalOCT_Dataset/train/AMD/amd_train_2327.jpg,1,512x1000
train,AMD,/media/miglab/DATA_20TB1/OCT/archive/RetinalOCT_Dataset/RetinalOCT_Dataset/train/AMD/amd_train_2943.jpg,1,512x1000
train,AMD,/media/miglab/DATA_20TB1/OCT/archive/RetinalOCT_Dataset/RetinalOCT_Dataset/train/AMD/amd_train_1889.jpg,1,512x1000
val,AMD,/media/miglab/DATA_20TB1/OCT/archive/RetinalOCT_Dataset/RetinalOCT_Dataset/val/AMD/amd_val_1261.jpg,1,512x1000
test,AMD,/media/miglab/DATA_20TB1/OCT/archive/RetinalOCT_Dataset/RetinalOCT_Dataset/test/AMD/amd_test_1012.jpg,1,512x1000
test,AMD,/media/miglab/DATA_20TB1/OCT/archive/RetinalOCT_Dataset/RetinalOCT_Dataset/test/AMD/amd_test_1179.jpg,1,512x1000
train,AMD,/media/miglab/DATA_20TB1/OCT/archive/RetinalOCT_Dataset/RetinalOCT_Dataset/train/AMD/amd_train_1245.jpg,1,512x1000
test,AMD,/media/miglab/DATA_20TB1/OCT/archive/RetinalOCT_Dataset/RetinalOCT_Dataset/test/AMD/amd_test_1137.jpg,1,512x1000
train,AMD,/media/miglab/DATA_20TB1/OCT/archive/RetinalOCT_Dataset/RetinalOCT_Dataset/train/AMD/amd_train_1887.jpg,1,512x1000
train,AMD,/media/miglab/DATA_20TB1/OCT/archive/RetinalOCT_Dataset/RetinalOCT_Dataset/train/AMD/amd_train_1114.jpg,1,512x1000
train,AMD,/media/miglab/DATA_20TB1/OCT/archive/RetinalOCT_Dataset/RetinalOCT_Dataset/train/AMD/amd_train_2243.jpg,1,512x1000
train,AMD,/media/miglab/DATA_20TB1/OCT/archive/RetinalOCT_Dataset/RetinalOCT_Dataset/train/AMD/amd_train_2710.jpg,1,512x1000
train,AMD,/media/miglab/DATA_20TB1/OCT/archive/RetinalOCT_Dataset/RetinalOCT_Dataset/train/AMD/amd_train_1011.jpg,1,512x1000
train,AMD,/media/miglab/DATA_20TB1/OCT/archive/RetinalOCT_Dataset/RetinalOCT_Dataset/train/AMD/amd_train_2686.jpg,1,512x1000
train,AMD,/media/miglab/DATA_20TB1/OCT/archive/RetinalOCT_Dataset/RetinalOCT_Dataset/train/AMD/amd_train_2254.jpg,1,512x1000
train,AMD,/media/miglab/DATA_20TB1/OCT/archive/RetinalOCT_Dataset/RetinalOCT_Dataset/train/AMD/amd_train_1461.jpg,1,512x1000
val,AMD,/media/miglab/DATA_20TB1/OCT/archive/RetinalOCT_Dataset/RetinalOCT_Dataset/val/AMD/amd_val_1278.jpg,1,512x1000
train,AMD,/media/miglab/DATA_20TB1/OCT/archive/RetinalOCT_Dataset/RetinalOCT_Dataset/train/AMD/amd_train_1924.jpg,1,512x1000
train,AMD,/media/miglab/DATA_20TB1/OCT/archive/RetinalOCT_Dataset/RetinalOCT_Dataset/train/AMD/amd_train_3175.jpg,1,512x1000
train,AMD,/media/miglab/DATA_20TB1/OCT/archive/RetinalOCT_Dataset/RetinalOCT_Dataset/train/AMD/amd_train_2430.jpg,1,512x1000
train,AMD,/media/miglab/DATA_20TB1/OCT/archive/RetinalOCT_Dataset/RetinalOCT_Dataset/train/AMD/amd_train_1689.jpg,1,512x1000
val,AMD,/media/miglab/DATA_20TB1/OCT/archive/RetinalOCT_Dataset/RetinalOCT_Dataset/val/AMD/amd_val_1342.jpg,1,512x1000
val,AMD,/media/miglab/DATA_20TB1/OCT/archive/RetinalOCT_Dataset/RetinalOCT_Dataset/val/AMD/amd_val_1241.jpg,1,512x1000
train,AMD,/media/miglab/DATA_20TB1/OCT/archive/RetinalOCT_Dataset/RetinalOCT_Dataset/train/AMD/amd_train_2115.jpg,1,512x1000
test,AMD,/media/miglab/DATA_20TB1/OCT/archive/RetinalOCT_Dataset/RetinalOCT_Dataset/test/AMD/amd_test_1311.jpg,1,512x1000
test,AMD,/media/miglab/DATA_20TB1/OCT/archive/RetinalOCT_Dataset/RetinalOCT_Dataset/test/AMD/amd_test_1171.jpg,1,512x1000
train,AMD,/media/miglab/DATA_20TB1/OCT/archive/RetinalOCT_Dataset/RetinalOCT_Dataset/train/AMD/amd_train_3010.jpg,1,512x1000
train,AMD,/media/miglab/DATA_20TB1/OCT/archive/RetinalOCT_Dataset/RetinalOCT_Dataset/train/AMD/amd_train_3126.jpg,1,512x1000
train,AMD,/media/miglab/DATA_20TB1/OCT/archive/RetinalOCT_Dataset/RetinalOCT_Dataset/train/AMD/amd_train_2419.jpg,1,512x1000
train,AMD,/media/miglab/DATA_20TB1/OCT/archive/RetinalOCT_Dataset/RetinalOCT_Dataset/train/AMD/amd_train_2670.jpg,1,512x1000
train,AMD,/media/miglab/DATA_20TB1/OCT/archive/RetinalOCT_Dataset/RetinalOCT_Dataset/train/AMD/amd_train_2798.jpg,1,512x1000
train,AMD,/media/miglab/DATA_20TB1/OCT/archive/RetinalOCT_Dataset/RetinalOCT_Dataset/train/AMD/amd_train_1198.jpg,1,512x1000
train,AMD,/media/miglab/DATA_20TB1/OCT/archive/RetinalOCT_Dataset/RetinalOCT_Dataset/train/AMD/amd_train_2769.jpg,1,512x1000
train,AMD,/media/miglab/DATA_20TB1/OCT/archive/RetinalOCT_Dataset/RetinalOCT_Dataset/train/AMD/amd_train_2894.jpg,1,512x1000
train,AMD,/media/miglab/DATA_20TB1/OCT/archive/RetinalOCT_Dataset/RetinalOCT_Dataset/train/AMD/amd_train_2268.jpg,1,512x1000
train,AMD,/media/miglab/DATA_20TB1/OCT/archive/RetinalOCT_Dataset/RetinalOCT_Dataset/train/AMD/amd_train_2412.jpg,1,512x1000
train,AMD,/media/miglab/DATA_20TB1/OCT/archive/RetinalOCT_Dataset/RetinalOCT_Dataset/train/AMD/amd_train_1803.jpg,1,512x1000
test,AMD,/media/miglab/DATA_20TB1/OCT/archive/RetinalOCT_Dataset/RetinalOCT_Dataset/test/AMD/amd_test_1023.jpg,1,512x1000
test,AMD,/media/miglab/DATA_20TB1/OCT/archive/RetinalOCT_Dataset/RetinalOCT_Dataset/test/AMD/amd_test_1124.jpg,1,512x1000
val,AMD,/media/miglab/DATA_20TB1/OCT/archive/RetinalOCT_Dataset/RetinalOCT_Dataset/val/AMD/amd_val_1294.jpg,1,512x1000
train,AMD,/media/miglab/DATA_20TB1/OCT/archive/RetinalOCT_Dataset/RetinalOCT_Dataset/train/AMD/amd_train_2404.jpg,1,512x1000
train,AMD,/media/miglab/DATA_20TB1/OCT/archive/RetinalOCT_Dataset/RetinalOCT_Dataset/train/AMD/amd_train_1833.jpg,1,512x1000
train,AMD,/media/miglab/DATA_20TB1/OCT/archive/RetinalOCT_Dataset/RetinalOCT_Dataset/train/AMD/amd_train_1666.jpg,1,512x1000
train,AMD,/media/miglab/DATA_20TB1/OCT/archive/RetinalOCT_Dataset/RetinalOCT_Dataset/train/AMD/amd_train_1280.jpg,1,512x1000
val,AMD,/media/miglab/DATA_20TB1/OCT/archive/RetinalOCT_Dataset/RetinalOCT_Dataset/val/AMD/amd_val_1276.jpg,1,512x1000
train,AMD,/media/miglab/DATA_20TB1/OCT/archive/RetinalOCT_Dataset/RetinalOCT_Dataset/train/AMD/amd_train_2301.jpg,1,512x1000
train,AMD,/media/miglab/DATA_20TB1/OCT/archive/RetinalOCT_Dataset/RetinalOCT_Dataset/train/AMD/amd_train_2940.jpg,1,512x1000
train,AMD,/media/miglab/DATA_20TB1/OCT/archive/RetinalOCT_Dataset/RetinalOCT_Dataset/train/AMD/amd_train_1124.jpg,1,512x1000
train,AMD,/media/miglab/DATA_20TB1/OCT/archive/RetinalOCT_Dataset/RetinalOCT_Dataset/train/AMD/amd_train_1866.jpg,1,512x1000
train,AMD,/media/miglab/DATA_20TB1/OCT/archive/RetinalOCT_Dataset/RetinalOCT_Dataset/train/AMD/amd_train_2588.jpg,1,512x1000
test,AMD,/media/miglab/DATA_20TB1/OCT/archive/RetinalOCT_Dataset/RetinalOCT_Dataset/test/AMD/amd_test_1255.jpg,1,512x1000
test,AMD,/media/miglab/DATA_20TB1/OCT/archive/RetinalOCT_Dataset/RetinalOCT_Dataset/test/AMD/amd_test_1062.jpg,1,512x1000
train,AMD,/media/miglab/DATA_20TB1/OCT/archive/RetinalOCT_Dataset/RetinalOCT_Dataset/train/AMD/amd_train_2292.jpg,1,512x1000
train,AMD,/media/miglab/DATA_20TB1/OCT/archive/RetinalOCT_Dataset/RetinalOCT_Dataset/train/AMD/amd_train_2961.jpg,1,512x1000
train,AMD,/media/miglab/DATA_20TB1/OCT/archive/RetinalOCT_Dataset/RetinalOCT_Dataset/train/AMD/amd_train_1338.jpg,1,512x1000
train,AMD,/media/miglab/DATA_20TB1/OCT/archive/RetinalOCT_Dataset/RetinalOCT_Dataset/train/AMD/amd_train_2718.jpg,1,512x1000
train,AMD,/media/miglab/DATA_20TB1/OCT/archive/RetinalOCT_Dataset/RetinalOCT_Dataset/train/AMD/amd_train_2495.jpg,1,512x1000
test,AMD,/media/miglab/DATA_20TB1/OCT/archive/RetinalOCT_Dataset/RetinalOCT_Dataset/test/AMD/amd_test_1325.jpg,1,512x1000
train,AMD,/media/miglab/DATA_20TB1/OCT/archive/RetinalOCT_Dataset/RetinalOCT_Dataset/train/AMD/amd_train_1979.jpg,1,512x1000
train,AMD,/media/miglab/DATA_20TB1/OCT/archive/RetinalOCT_Dataset/RetinalOCT_Dataset/train/AMD/amd_train_1123.jpg,1,512x1000
train,AMD,/media/miglab/DATA_20TB1/OCT/archive/RetinalOCT_Dataset/RetinalOCT_Dataset/train/AMD/amd_train_1890.jpg,1,512x1000
train,AMD,/media/miglab/DATA_20TB1/OCT/archive/RetinalOCT_Dataset/RetinalOCT_Dataset/train/AMD/amd_train_2594.jpg,1,512x1000
train,AMD,/media/miglab/DATA_20TB1/OCT/archive/RetinalOCT_Dataset/RetinalOCT_Dataset/train/AMD/amd_train_1542.jpg,1,512x1000
test,AMD,/media/miglab/DATA_20TB1/OCT/archive/RetinalOCT_Dataset/RetinalOCT_Dataset/test/AMD/amd_test_1006.jpg,1,512x1000
train,AMD,/media/miglab/DATA_20TB1/OCT/archive/RetinalOCT_Dataset/RetinalOCT_Dataset/train/AMD/amd_train_1429.jpg,1,512x1000
train,AMD,/media/miglab/DATA_20TB1/OCT/archive/RetinalOCT_Dataset/RetinalOCT_Dataset/train/AMD/amd_train_1495.jpg,1,512x1000
train,AMD,/media/miglab/DATA_20TB1/OCT/archive/RetinalOCT_Dataset/RetinalOCT_Dataset/train/AMD/amd_train_1678.jpg,1,512x1000
train,AMD,/media/miglab/DATA_20TB1/OCT/archive/RetinalOCT_Dataset/RetinalOCT_Dataset/train/AMD/amd_train_1848.jpg,1,512x1000
train,AMD,/media/miglab/DATA_20TB1/OCT/archive/RetinalOCT_Dataset/RetinalOCT_Dataset/train/AMD/amd_train_1650.jpg,1,512x1000
train,AMD,/media/miglab/DATA_20TB1/OCT/archive/RetinalOCT_Dataset/RetinalOCT_Dataset/train/AMD/amd_train_2993.jpg,1,512x1000
train,AMD,/media/miglab/DATA_20TB1/OCT/archive/RetinalOCT_Dataset/RetinalOCT_Dataset/train/AMD/amd_train_1926.jpg,1,512x1000
train,AMD,/media/miglab/DATA_20TB1/OCT/archive/RetinalOCT_Dataset/RetinalOCT_Dataset/train/AMD/amd_train_1306.jpg,1,512x1000
val,AMD,/media/miglab/DATA_20TB1/OCT/archive/RetinalOCT_Dataset/RetinalOCT_Dataset/val/AMD/amd_val_1279.jpg,1,512x1000
train,AMD,/media/miglab/DATA_20TB1/OCT/archive/RetinalOCT_Dataset/RetinalOCT_Dataset/train/AMD/amd_train_3103.jpg,1,512x1000
train,AMD,/media/miglab/DATA_20TB1/OCT/archive/RetinalOCT_Dataset/RetinalOCT_Dataset/train/AMD/amd_train_2859.jpg,1,512x1000
train,AMD,/media/miglab/DATA_20TB1/OCT/archive/RetinalOCT_Dataset/RetinalOCT_Dataset/train/AMD/amd_train_1238.jpg,1,512x1000
train,AMD,/media/miglab/DATA_20TB1/OCT/archive/RetinalOCT_Dataset/RetinalOCT_Dataset/train/AMD/amd_train_1089.jpg,1,512x1000
train,AMD,/media/miglab/DATA_20TB1/OCT/archive/RetinalOCT_Dataset/RetinalOCT_Dataset/train/AMD/amd_train_2285.jpg,1,512x1000
test,AMD,/media/miglab/DATA_20TB1/OCT/archive/RetinalOCT_Dataset/RetinalOCT_Dataset/test/AMD/amd_test_1308.jpg,1,512x1000
train,AMD,/media/miglab/DATA_20TB1/OCT/archive/RetinalOCT_Dataset/RetinalOCT_Dataset/train/AMD/amd_train_2641.jpg,1,512x1000
train,AMD,/media/miglab/DATA_20TB1/OCT/archive/RetinalOCT_Dataset/RetinalOCT_Dataset/train/AMD/amd_train_1837.jpg,1,512x1000
test,AMD,/media/miglab/DATA_20TB1/OCT/archive/RetinalOCT_Dataset/RetinalOCT_Dataset/test/AMD/amd_test_1237.jpg,1,512x1000
train,AMD,/media/miglab/DATA_20TB1/OCT/archive/RetinalOCT_Dataset/RetinalOCT_Dataset/train/AMD/amd_train_1657.jpg,1,512x1000
train,AMD,/media/miglab/DATA_20TB1/OCT/archive/RetinalOCT_Dataset/RetinalOCT_Dataset/train/AMD/amd_train_2544.jpg,1,512x1000
train,AMD,/media/miglab/DATA_20TB1/OCT/archive/RetinalOCT_Dataset/RetinalOCT_Dataset/train/AMD/amd_train_1988.jpg,1,512x1000
train,AMD,/media/miglab/DATA_20TB1/OCT/archive/RetinalOCT_Dataset/RetinalOCT_Dataset/train/AMD/amd_train_2383.jpg,1,512x1000
train,AMD,/media/miglab/DATA_20TB1/OCT/archive/RetinalOCT_Dataset/RetinalOCT_Dataset/train/AMD/amd_train_1327.jpg,1,512x1000
test,AMD,/media/miglab/DATA_20TB1/OCT/archive/RetinalOCT_Dataset/RetinalOCT_Dataset/test/AMD/amd_test_1316.jpg,1,512x1000
train,AMD,/media/miglab/DATA_20TB1/OCT/archive/RetinalOCT_Dataset/RetinalOCT_Dataset/train/AMD/amd_train_3032.jpg,1,512x1000
val,AMD,/media/miglab/DATA_20TB1/OCT/archive/RetinalOCT_Dataset/RetinalOCT_Dataset/val/AMD/amd_val_1162.jpg,1,512x1000
test,AMD,/media/miglab/DATA_20TB1/OCT/archive/RetinalOCT_Dataset/RetinalOCT_Dataset/test/AMD/amd_test_1268.jpg,1,512x1000
val,AMD,/media/miglab/DATA_20TB1/OCT/archive/RetinalOCT_Dataset/RetinalOCT_Dataset/val/AMD/amd_val_1288.jpg,1,512x1000
train,AMD,/media/miglab/DATA_20TB1/OCT/archive/RetinalOCT_Dataset/RetinalOCT_Dataset/train/AMD/amd_train_1573.jpg,1,512x1000
train,AMD,/media/miglab/DATA_20TB1/OCT/archive/RetinalOCT_Dataset/RetinalOCT_Dataset/train/AMD/amd_train_2745.jpg,1,512x1000
val,AMD,/media/miglab/DATA_20TB1/OCT/archive/RetinalOCT_Dataset/RetinalOCT_Dataset/val/AMD/amd_val_1252.jpg,1,512x1000
train,AMD,/media/miglab/DATA_20TB1/OCT/archive/RetinalOCT_Dataset/RetinalOCT_Dataset/train/AMD/amd_train_1737.jpg,1,512x1000
val,AMD,/media/miglab/DATA_20TB1/OCT/archive/RetinalOCT_Dataset/RetinalOCT_Dataset/val/AMD/amd_val_1139.jpg,1,512x1000
train,AMD,/media/miglab/DATA_20TB1/OCT/archive/RetinalOCT_Dataset/RetinalOCT_Dataset/train/AMD/amd_train_2026.jpg,1,512x1000
test,AMD,/media/miglab/DATA_20TB1/OCT/archive/RetinalOCT_Dataset/RetinalOCT_Dataset/test/AMD/amd_test_1284.jpg,1,512x1000
train,AMD,/media/miglab/DATA_20TB1/OCT/archive/RetinalOCT_Dataset/RetinalOCT_Dataset/train/AMD/amd_train_2375.jpg,1,512x1000
train,AMD,/media/miglab/DATA_20TB1/OCT/archive/RetinalOCT_Dataset/RetinalOCT_Dataset/train/AMD/amd_train_2131.jpg,1,512x1000
train,AMD,/media/miglab/DATA_20TB1/OCT/archive/RetinalOCT_Dataset/RetinalOCT_Dataset/train/AMD/amd_train_2382.jpg,1,512x1000
val,AMD,/media/miglab/DATA_20TB1/OCT/archive/RetinalOCT_Dataset/RetinalOCT_Dataset/val/AMD/amd_val_1163.jpg,1,512x1000
test,AMD,/media/miglab/DATA_20TB1/OCT/archive/RetinalOCT_Dataset/RetinalOCT_Dataset/test/AMD/amd_test_1009.jpg,1,512x1000
train,AMD,/media/miglab/DATA_20TB1/OCT/archive/RetinalOCT_Dataset/RetinalOCT_Dataset/train/AMD/amd_train_2818.jpg,1,512x1000
train,AMD,/media/miglab/DATA_20TB1/OCT/archive/RetinalOCT_Dataset/RetinalOCT_Dataset/train/AMD/amd_train_1892.jpg,1,512x1000
train,AMD,/media/miglab/DATA_20TB1/OCT/archive/RetinalOCT_Dataset/RetinalOCT_Dataset/train/AMD/amd_train_1655.jpg,1,512x1000
test,AMD,/media/miglab/DATA_20TB1/OCT/archive/RetinalOCT_Dataset/RetinalOCT_Dataset/test/AMD/amd_test_1332.jpg,1,512x1000
train,AMD,/media/miglab/DATA_20TB1/OCT/archive/RetinalOCT_Dataset/RetinalOCT_Dataset/train/AMD/amd_train_2454.jpg,1,512x1000
train,AMD,/media/miglab/DATA_20TB1/OCT/archive/RetinalOCT_Dataset/RetinalOCT_Dataset/train/AMD/amd_train_2744.jpg,1,512x1000
train,AMD,/media/miglab/DATA_20TB1/OCT/archive/RetinalOCT_Dataset/RetinalOCT_Dataset/train/AMD/amd_train_1672.jpg,1,512x1000
test,AMD,/media/miglab/DATA_20TB1/OCT/archive/RetinalOCT_Dataset/RetinalOCT_Dataset/test/AMD/amd_test_1335.jpg,1,512x1000
train,AMD,/media/miglab/DATA_20TB1/OCT/archive/RetinalOCT_Dataset/RetinalOCT_Dataset/train/AMD/amd_train_1415.jpg,1,512x1000
train,AMD,/media/miglab/DATA_20TB1/OCT/archive/RetinalOCT_Dataset/RetinalOCT_Dataset/train/AMD/amd_train_1893.jpg,1,512x1000
train,AMD,/media/miglab/DATA_20TB1/OCT/archive/RetinalOCT_Dataset/RetinalOCT_Dataset/train/AMD/amd_train_1356.jpg,1,512x1000
train,AMD,/media/miglab/DATA_20TB1/OCT/archive/RetinalOCT_Dataset/RetinalOCT_Dataset/train/AMD/amd_train_1769.jpg,1,512x1000
train,AMD,/media/miglab/DATA_20TB1/OCT/archive/RetinalOCT_Dataset/RetinalOCT_Dataset/train/AMD/amd_train_2936.jpg,1,512x1000
test,AMD,/media/miglab/DATA_20TB1/OCT/archive/RetinalOCT_Dataset/RetinalOCT_Dataset/test/AMD/amd_test_1333.jpg,1,512x1000
train,AMD,/media/miglab/DATA_20TB1/OCT/archive/RetinalOCT_Dataset/RetinalOCT_Dataset/train/AMD/amd_train_2307.jpg,1,512x1000
train,AMD,/media/miglab/DATA_20TB1/OCT/archive/RetinalOCT_Dataset/RetinalOCT_Dataset/train/AMD/amd_train_1743.jpg,1,512x1000
train,AMD,/media/miglab/DATA_20TB1/OCT/archive/RetinalOCT_Dataset/RetinalOCT_Dataset/train/AMD/amd_train_1399.jpg,1,512x1000
train,AMD,/media/miglab/DATA_20TB1/OCT/archive/RetinalOCT_Dataset/RetinalOCT_Dataset/train/AMD/amd_train_1909.jpg,1,512x1000
train,AMD,/media/miglab/DATA_20TB1/OCT/archive/RetinalOCT_Dataset/RetinalOCT_Dataset/train/AMD/amd_train_1783.jpg,1,512x1000
train,AMD,/media/miglab/DATA_20TB1/OCT/archive/RetinalOCT_Dataset/RetinalOCT_Dataset/train/AMD/amd_train_1686.jpg,1,512x1000
train,AMD,/media/miglab/DATA_20TB1/OCT/archive/RetinalOCT_Dataset/RetinalOCT_Dataset/train/AMD/amd_train_1680.jpg,1,512x1000
train,AMD,/media/miglab/DATA_20TB1/OCT/archive/RetinalOCT_Dataset/RetinalOCT_Dataset/train/AMD/amd_train_1332.jpg,1,512x1000
train,AMD,/media/miglab/DATA_20TB1/OCT/archive/RetinalOCT_Dataset/RetinalOCT_Dataset/train/AMD/amd_train_2070.jpg,1,512x1000
train,AMD,/media/miglab/DATA_20TB1/OCT/archive/RetinalOCT_Dataset/RetinalOCT_Dataset/train/AMD/amd_train_2117.jpg,1,512x1000
train,AMD,/media/miglab/DATA_20TB1/OCT/archive/RetinalOCT_Dataset/RetinalOCT_Dataset/train/AMD/amd_train_1207.jpg,1,512x1000
train,AMD,/media/miglab/DATA_20TB1/OCT/archive/RetinalOCT_Dataset/RetinalOCT_Dataset/train/AMD/amd_train_3016.jpg,1,512x1000
val,AMD,/media/miglab/DATA_20TB1/OCT/archive/RetinalOCT_Dataset/RetinalOCT_Dataset/val/AMD/amd_val_1085.jpg,1,512x1000
train,AMD,/media/miglab/DATA_20TB1/OCT/archive/RetinalOCT_Dataset/RetinalOCT_Dataset/train/AMD/amd_train_1671.jpg,1,512x1000
train,AMD,/media/miglab/DATA_20TB1/OCT/archive/RetinalOCT_Dataset/RetinalOCT_Dataset/train/AMD/amd_train_1626.jpg,1,512x1000
train,AMD,/media/miglab/DATA_20TB1/OCT/archive/RetinalOCT_Dataset/RetinalOCT_Dataset/train/AMD/amd_train_3100.jpg,1,512x1000
train,AMD,/media/miglab/DATA_20TB1/OCT/archive/RetinalOCT_Dataset/RetinalOCT_Dataset/train/AMD/amd_train_2660.jpg,1,512x1000
train,AMD,/media/miglab/DATA_20TB1/OCT/archive/RetinalOCT_Dataset/RetinalOCT_Dataset/train/AMD/amd_train_2886.jpg,1,512x1000
train,AMD,/media/miglab/DATA_20TB1/OCT/archive/RetinalOCT_Dataset/RetinalOCT_Dataset/train/AMD/amd_train_2524.jpg,1,512x1000
train,AMD,/media/miglab/DATA_20TB1/OCT/archive/RetinalOCT_Dataset/RetinalOCT_Dataset/train/AMD/amd_train_2446.jpg,1,512x1000
test,AMD,/media/miglab/DATA_20TB1/OCT/archive/RetinalOCT_Dataset/RetinalOCT_Dataset/test/AMD/amd_test_1184.jpg,1,512x1000
test,AMD,/media/miglab/DATA_20TB1/OCT/archive/RetinalOCT_Dataset/RetinalOCT_Dataset/test/AMD/amd_test_1310.jpg,1,512x1000
train,AMD,/media/miglab/DATA_20TB1/OCT/archive/RetinalOCT_Dataset/RetinalOCT_Dataset/train/AMD/amd_train_1061.jpg,1,512x1000
val,AMD,/media/miglab/DATA_20TB1/OCT/archive/RetinalOCT_Dataset/RetinalOCT_Dataset/val/AMD/amd_val_1084.jpg,1,512x1000
test,AMD,/media/miglab/DATA_20TB1/OCT/archive/RetinalOCT_Dataset/RetinalOCT_Dataset/test/AMD/amd_test_1258.jpg,1,512x1000
train,AMD,/media/miglab/DATA_20TB1/OCT/archive/RetinalOCT_Dataset/RetinalOCT_Dataset/train/AMD/amd_train_2845.jpg,1,512x1000
test,AMD,/media/miglab/DATA_20TB1/OCT/archive/RetinalOCT_Dataset/RetinalOCT_Dataset/test/AMD/amd_test_1087.jpg,1,512x1000
train,AMD,/media/miglab/DATA_20TB1/OCT/archive/RetinalOCT_Dataset/RetinalOCT_Dataset/train/AMD/amd_train_2228.jpg,1,512x1000
val,AMD,/media/miglab/DATA_20TB1/OCT/archive/RetinalOCT_Dataset/RetinalOCT_Dataset/val/AMD/amd_val_1311.jpg,1,512x1000
train,AMD,/media/miglab/DATA_20TB1/OCT/archive/RetinalOCT_Dataset/RetinalOCT_Dataset/train/AMD/amd_train_3071.jpg,1,512x1000
train,AMD,/media/miglab/DATA_20TB1/OCT/archive/RetinalOCT_Dataset/RetinalOCT_Dataset/train/AMD/amd_train_1059.jpg,1,512x1000
train,AMD,/media/miglab/DATA_20TB1/OCT/archive/RetinalOCT_Dataset/RetinalOCT_Dataset/train/AMD/amd_train_2166.jpg,1,512x1000
train,AMD,/media/miglab/DATA_20TB1/OCT/archive/RetinalOCT_Dataset/RetinalOCT_Dataset/train/AMD/amd_train_2209.jpg,1,512x1000
train,AMD,/media/miglab/DATA_20TB1/OCT/archive/RetinalOCT_Dataset/RetinalOCT_Dataset/train/AMD/amd_train_1182.jpg,1,512x1000
train,AMD,/media/miglab/DATA_20TB1/OCT/archive/RetinalOCT_Dataset/RetinalOCT_Dataset/train/AMD/amd_train_1440.jpg,1,512x1000
test,AMD,/media/miglab/DATA_20TB1/OCT/archive/RetinalOCT_Dataset/RetinalOCT_Dataset/test/AMD/amd_test_1249.jpg,1,512x1000
test,AMD,/media/miglab/DATA_20TB1/OCT/archive/RetinalOCT_Dataset/RetinalOCT_Dataset/test/AMD/amd_test_1091.jpg,1,512x1000
train,AMD,/media/miglab/DATA_20TB1/OCT/archive/RetinalOCT_Dataset/RetinalOCT_Dataset/train/AMD/amd_train_1113.jpg,1,512x1000
test,AMD,/media/miglab/DATA_20TB1/OCT/archive/RetinalOCT_Dataset/RetinalOCT_Dataset/test/AMD/amd_test_1236.jpg,1,512x1000
train,AMD,/media/miglab/DATA_20TB1/OCT/archive/RetinalOCT_Dataset/RetinalOCT_Dataset/train/AMD/amd_train_1821.jpg,1,512x1000
train,AMD,/media/miglab/DATA_20TB1/OCT/archive/RetinalOCT_Dataset/RetinalOCT_Dataset/train/AMD/amd_train_2416.jpg,1,512x1000
train,AMD,/media/miglab/DATA_20TB1/OCT/archive/RetinalOCT_Dataset/RetinalOCT_Dataset/train/AMD/amd_train_1076.jpg,1,512x1000
train,AMD,/media/miglab/DATA_20TB1/OCT/archive/RetinalOCT_Dataset/RetinalOCT_Dataset/train/AMD/amd_train_3022.jpg,1,512x1000
train,AMD,/media/miglab/DATA_20TB1/OCT/archive/RetinalOCT_Dataset/RetinalOCT_Dataset/train/AMD/amd_train_1008.jpg,1,512x1000
val,AMD,/media/miglab/DATA_20TB1/OCT/archive/RetinalOCT_Dataset/RetinalOCT_Dataset/val/AMD/amd_val_1285.jpg,1,512x1000
train,AMD,/media/miglab/DATA_20TB1/OCT/archive/RetinalOCT_Dataset/RetinalOCT_Dataset/train/AMD/amd_train_2982.jpg,1,512x1000
train,AMD,/media/miglab/DATA_20TB1/OCT/archive/RetinalOCT_Dataset/RetinalOCT_Dataset/train/AMD/amd_train_1435.jpg,1,512x1000
train,AMD,/media/miglab/DATA_20TB1/OCT/archive/RetinalOCT_Dataset/RetinalOCT_Dataset/train/AMD/amd_train_2780.jpg,1,512x1000
train,AMD,/media/miglab/DATA_20TB1/OCT/archive/RetinalOCT_Dataset/RetinalOCT_Dataset/train/AMD/amd_train_3228.jpg,1,512x1000
train,AMD,/media/miglab/DATA_20TB1/OCT/archive/RetinalOCT_Dataset/RetinalOCT_Dataset/train/AMD/amd_train_2033.jpg,1,512x1000
train,AMD,/media/miglab/DATA_20TB1/OCT/archive/RetinalOCT_Dataset/RetinalOCT_Dataset/train/AMD/amd_train_1970.jpg,1,512x1000
val,AMD,/media/miglab/DATA_20TB1/OCT/archive/RetinalOCT_Dataset/RetinalOCT_Dataset/val/AMD/amd_val_1111.jpg,1,512x1000
train,AMD,/media/miglab/DATA_20TB1/OCT/archive/RetinalOCT_Dataset/RetinalOCT_Dataset/train/AMD/amd_train_1479.jpg,1,512x1000
train,AMD,/media/miglab/DATA_20TB1/OCT/archive/RetinalOCT_Dataset/RetinalOCT_Dataset/train/AMD/amd_train_3174.jpg,1,512x1000
train,AMD,/media/miglab/DATA_20TB1/OCT/archive/RetinalOCT_Dataset/RetinalOCT_Dataset/train/AMD/amd_train_2842.jpg,1,512x1000
train,AMD,/media/miglab/DATA_20TB1/OCT/archive/RetinalOCT_Dataset/RetinalOCT_Dataset/train/AMD/amd_train_2346.jpg,1,512x1000
train,AMD,/media/miglab/DATA_20TB1/OCT/archive/RetinalOCT_Dataset/RetinalOCT_Dataset/train/AMD/amd_train_2225.jpg,1,512x1000
test,AMD,/media/miglab/DATA_20TB1/OCT/archive/RetinalOCT_Dataset/RetinalOCT_Dataset/test/AMD/amd_test_1230.jpg,1,512x1000
train,AMD,/media/miglab/DATA_20TB1/OCT/archive/RetinalOCT_Dataset/RetinalOCT_Dataset/train/AMD/amd_train_3265.jpg,1,512x1000
test,AMD,/media/miglab/DATA_20TB1/OCT/archive/RetinalOCT_Dataset/RetinalOCT_Dataset/test/AMD/amd_test_1208.jpg,1,512x1000
train,AMD,/media/miglab/DATA_20TB1/OCT/archive/RetinalOCT_Dataset/RetinalOCT_Dataset/train/AMD/amd_train_1729.jpg,1,512x1000
train,AMD,/media/miglab/DATA_20TB1/OCT/archive/RetinalOCT_Dataset/RetinalOCT_Dataset/train/AMD/amd_train_2869.jpg,1,512x1000
train,AMD,/media/miglab/DATA_20TB1/OCT/archive/RetinalOCT_Dataset/RetinalOCT_Dataset/train/AMD/amd_train_1539.jpg,1,512x1000
train,AMD,/media/miglab/DATA_20TB1/OCT/archive/RetinalOCT_Dataset/RetinalOCT_Dataset/train/AMD/amd_train_1474.jpg,1,512x1000
test,AMD,/media/miglab/DATA_20TB1/OCT/archive/RetinalOCT_Dataset/RetinalOCT_Dataset/test/AMD/amd_test_1089.jpg,1,512x1000
train,AMD,/media/miglab/DATA_20TB1/OCT/archive/RetinalOCT_Dataset/RetinalOCT_Dataset/train/AMD/amd_train_3039.jpg,1,512x1000
train,AMD,/media/miglab/DATA_20TB1/OCT/archive/RetinalOCT_Dataset/RetinalOCT_Dataset/train/AMD/amd_train_1914.jpg,1,512x1000
train,AMD,/media/miglab/DATA_20TB1/OCT/archive/RetinalOCT_Dataset/RetinalOCT_Dataset/train/AMD/amd_train_2900.jpg,1,512x1000
val,AMD,/media/miglab/DATA_20TB1/OCT/archive/RetinalOCT_Dataset/RetinalOCT_Dataset/val/AMD/amd_val_1289.jpg,1,512x1000
val,AMD,/media/miglab/DATA_20TB1/OCT/archive/RetinalOCT_Dataset/RetinalOCT_Dataset/val/AMD/amd_val_1223.jpg,1,512x1000
train,AMD,/media/miglab/DATA_20TB1/OCT/archive/RetinalOCT_Dataset/RetinalOCT_Dataset/train/AMD/amd_train_3115.jpg,1,512x1000
train,AMD,/media/miglab/DATA_20TB1/OCT/archive/RetinalOCT_Dataset/RetinalOCT_Dataset/train/AMD/amd_train_1865.jpg,1,512x1000
train,AMD,/media/miglab/DATA_20TB1/OCT/archive/RetinalOCT_Dataset/RetinalOCT_Dataset/train/AMD/amd_train_1963.jpg,1,512x1000
train,AMD,/media/miglab/DATA_20TB1/OCT/archive/RetinalOCT_Dataset/RetinalOCT_Dataset/train/AMD/amd_train_2282.jpg,1,512x1000
train,AMD,/media/miglab/DATA_20TB1/OCT/archive/RetinalOCT_Dataset/RetinalOCT_Dataset/train/AMD/amd_train_2909.jpg,1,512x1000
train,AMD,/media/miglab/DATA_20TB1/OCT/archive/RetinalOCT_Dataset/RetinalOCT_Dataset/train/AMD/amd_train_2540.jpg,1,512x1000
train,AMD,/media/miglab/DATA_20TB1/OCT/archive/RetinalOCT_Dataset/RetinalOCT_Dataset/train/AMD/amd_train_1042.jpg,1,512x1000
train,AMD,/media/miglab/DATA_20TB1/OCT/archive/RetinalOCT_Dataset/RetinalOCT_Dataset/train/AMD/amd_train_1053.jpg,1,512x1000
val,AMD,/media/miglab/DATA_20TB1/OCT/archive/RetinalOCT_Dataset/RetinalOCT_Dataset/val/AMD/amd_val_1082.jpg,1,512x1000
train,AMD,/media/miglab/DATA_20TB1/OCT/archive/RetinalOCT_Dataset/RetinalOCT_Dataset/train/AMD/amd_train_1165.jpg,1,512x1000
train,AMD,/media/miglab/DATA_20TB1/OCT/archive/RetinalOCT_Dataset/RetinalOCT_Dataset/train/AMD/amd_train_2771.jpg,1,512x1000
val,AMD,/media/miglab/DATA_20TB1/OCT/archive/RetinalOCT_Dataset/RetinalOCT_Dataset/val/AMD/amd_val_1197.jpg,1,512x1000
val,AMD,/media/miglab/DATA_20TB1/OCT/archive/RetinalOCT_Dataset/RetinalOCT_Dataset/val/AMD/amd_val_1088.jpg,1,512x1000
train,AMD,/media/miglab/DATA_20TB1/OCT/archive/RetinalOCT_Dataset/RetinalOCT_Dataset/train/AMD/amd_train_1855.jpg,1,512x1000
train,AMD,/media/miglab/DATA_20TB1/OCT/archive/RetinalOCT_Dataset/RetinalOCT_Dataset/train/AMD/amd_train_1272.jpg,1,512x1000
train,AMD,/media/miglab/DATA_20TB1/OCT/archive/RetinalOCT_Dataset/RetinalOCT_Dataset/train/AMD/amd_train_2783.jpg,1,512x1000
train,AMD,/media/miglab/DATA_20TB1/OCT/archive/RetinalOCT_Dataset/RetinalOCT_Dataset/train/AMD/amd_train_2378.jpg,1,512x1000
test,AMD,/media/miglab/DATA_20TB1/OCT/archive/RetinalOCT_Dataset/RetinalOCT_Dataset/test/AMD/amd_test_1036.jpg,1,512x1000
test,AMD,/media/miglab/DATA_20TB1/OCT/archive/RetinalOCT_Dataset/RetinalOCT_Dataset/test/AMD/amd_test_1141.jpg,1,512x1000
train,AMD,/media/miglab/DATA_20TB1/OCT/archive/RetinalOCT_Dataset/RetinalOCT_Dataset/train/AMD/amd_train_2257.jpg,1,512x1000
val,AMD,/media/miglab/DATA_20TB1/OCT/archive/RetinalOCT_Dataset/RetinalOCT_Dataset/val/AMD/amd_val_1055.jpg,1,512x1000
train,AMD,/media/miglab/DATA_20TB1/OCT/archive/RetinalOCT_Dataset/RetinalOCT_Dataset/train/AMD/amd_train_2793.jpg,1,512x1000
train,AMD,/media/miglab/DATA_20TB1/OCT/archive/RetinalOCT_Dataset/RetinalOCT_Dataset/train/AMD/amd_train_3183.jpg,1,512x1000
train,AMD,/media/miglab/DATA_20TB1/OCT/archive/RetinalOCT_Dataset/RetinalOCT_Dataset/train/AMD/amd_train_2484.jpg,1,512x1000
train,AMD,/media/miglab/DATA_20TB1/OCT/archive/RetinalOCT_Dataset/RetinalOCT_Dataset/train/AMD/amd_train_2960.jpg,1,512x1000
train,AMD,/media/miglab/DATA_20TB1/OCT/archive/RetinalOCT_Dataset/RetinalOCT_Dataset/train/AMD/amd_train_3172.jpg,1,512x1000
train,AMD,/media/miglab/DATA_20TB1/OCT/archive/RetinalOCT_Dataset/RetinalOCT_Dataset/train/AMD/amd_train_1635.jpg,1,512x1000
train,AMD,/media/miglab/DATA_20TB1/OCT/archive/RetinalOCT_Dataset/RetinalOCT_Dataset/train/AMD/amd_train_2944.jpg,1,512x1000
test,AMD,/media/miglab/DATA_20TB1/OCT/archive/RetinalOCT_Dataset/RetinalOCT_Dataset/test/AMD/amd_test_1152.jpg,1,512x1000
train,AMD,/media/miglab/DATA_20TB1/OCT/archive/RetinalOCT_Dataset/RetinalOCT_Dataset/train/AMD/amd_train_2741.jpg,1,512x1000
train,AMD,/media/miglab/DATA_20TB1/OCT/archive/RetinalOCT_Dataset/RetinalOCT_Dataset/train/AMD/amd_train_3113.jpg,1,512x1000
train,AMD,/media/miglab/DATA_20TB1/OCT/archive/RetinalOCT_Dataset/RetinalOCT_Dataset/train/AMD/amd_train_2480.jpg,1,512x1000
train,AMD,/media/miglab/DATA_20TB1/OCT/archive/RetinalOCT_Dataset/RetinalOCT_Dataset/train/AMD/amd_train_1648.jpg,1,512x1000
train,AMD,/media/miglab/DATA_20TB1/OCT/archive/RetinalOCT_Dataset/RetinalOCT_Dataset/train/AMD/amd_train_2155.jpg,1,512x1000
train,AMD,/media/miglab/DATA_20TB1/OCT/archive/RetinalOCT_Dataset/RetinalOCT_Dataset/train/AMD/amd_train_2598.jpg,1,512x1000
val,AMD,/media/miglab/DATA_20TB1/OCT/archive/RetinalOCT_Dataset/RetinalOCT_Dataset/val/AMD/amd_val_1264.jpg,1,512x1000
train,AMD,/media/miglab/DATA_20TB1/OCT/archive/RetinalOCT_Dataset/RetinalOCT_Dataset/train/AMD/amd_train_1192.jpg,1,512x1000
train,AMD,/media/miglab/DATA_20TB1/OCT/archive/RetinalOCT_Dataset/RetinalOCT_Dataset/train/AMD/amd_train_1442.jpg,1,512x1000
train,AMD,/media/miglab/DATA_20TB1/OCT/archive/RetinalOCT_Dataset/RetinalOCT_Dataset/train/AMD/amd_train_3067.jpg,1,512x1000
train,AMD,/media/miglab/DATA_20TB1/OCT/archive/RetinalOCT_Dataset/RetinalOCT_Dataset/train/AMD/amd_train_3185.jpg,1,512x1000
test,AMD,/media/miglab/DATA_20TB1/OCT/archive/RetinalOCT_Dataset/RetinalOCT_Dataset/test/AMD/amd_test_1189.jpg,1,512x1000
train,AMD,/media/miglab/DATA_20TB1/OCT/archive/RetinalOCT_Dataset/RetinalOCT_Dataset/train/AMD/amd_train_1351.jpg,1,512x1000
train,AMD,/media/miglab/DATA_20TB1/OCT/archive/RetinalOCT_Dataset/RetinalOCT_Dataset/train/AMD/amd_train_2356.jpg,1,512x1000
val,AMD,/media/miglab/DATA_20TB1/OCT/archive/RetinalOCT_Dataset/RetinalOCT_Dataset/val/AMD/amd_val_1174.jpg,1,512x1000
train,AMD,/media/miglab/DATA_20TB1/OCT/archive/RetinalOCT_Dataset/RetinalOCT_Dataset/train/AMD/amd_train_2976.jpg,1,512x1000
train,AMD,/media/miglab/DATA_20TB1/OCT/archive/RetinalOCT_Dataset/RetinalOCT_Dataset/train/AMD/amd_train_2965.jpg,1,512x1000
train,AMD,/media/miglab/DATA_20TB1/OCT/archive/RetinalOCT_Dataset/RetinalOCT_Dataset/train/AMD/amd_train_1526.jpg,1,512x1000
train,AMD,/media/miglab/DATA_20TB1/OCT/archive/RetinalOCT_Dataset/RetinalOCT_Dataset/train/AMD/amd_train_1652.jpg,1,512x1000
train,AMD,/media/miglab/DATA_20TB1/OCT/archive/RetinalOCT_Dataset/RetinalOCT_Dataset/train/AMD/amd_train_2797.jpg,1,512x1000
train,AMD,/media/miglab/DATA_20TB1/OCT/archive/RetinalOCT_Dataset/RetinalOCT_Dataset/train/AMD/amd_train_2602.jpg,1,512x1000
train,AMD,/media/miglab/DATA_20TB1/OCT/archive/RetinalOCT_Dataset/RetinalOCT_Dataset/train/AMD/amd_train_3109.jpg,1,512x1000
train,AMD,/media/miglab/DATA_20TB1/OCT/archive/RetinalOCT_Dataset/RetinalOCT_Dataset/train/AMD/amd_train_3149.jpg,1,512x1000
train,AMD,/media/miglab/DATA_20TB1/OCT/archive/RetinalOCT_Dataset/RetinalOCT_Dataset/train/AMD/amd_train_1557.jpg,1,512x1000
train,AMD,/media/miglab/DATA_20TB1/OCT/archive/RetinalOCT_Dataset/RetinalOCT_Dataset/train/AMD/amd_train_2620.jpg,1,512x1000
train,AMD,/media/miglab/DATA_20TB1/OCT/archive/RetinalOCT_Dataset/RetinalOCT_Dataset/train/AMD/amd_train_1220.jpg,1,512x1000
train,AMD,/media/miglab/DATA_20TB1/OCT/archive/RetinalOCT_Dataset/RetinalOCT_Dataset/train/AMD/amd_train_1277.jpg,1,512x1000
test,AMD,/media/miglab/DATA_20TB1/OCT/archive/RetinalOCT_Dataset/RetinalOCT_Dataset/test/AMD/amd_test_1177.jpg,1,512x1000
train,AMD,/media/miglab/DATA_20TB1/OCT/archive/RetinalOCT_Dataset/RetinalOCT_Dataset/train/AMD/amd_train_1484.jpg,1,512x1000
train,AMD,/media/miglab/DATA_20TB1/OCT/archive/RetinalOCT_Dataset/RetinalOCT_Dataset/train/AMD/amd_train_3270.jpg,1,512x1000
train,AMD,/media/miglab/DATA_20TB1/OCT/archive/RetinalOCT_Dataset/RetinalOCT_Dataset/train/AMD/amd_train_1850.jpg,1,512x1000
test,AMD,/media/miglab/DATA_20TB1/OCT/archive/RetinalOCT_Dataset/RetinalOCT_Dataset/test/AMD/amd_test_1086.jpg,1,512x1000
train,AMD,/media/miglab/DATA_20TB1/OCT/archive/RetinalOCT_Dataset/RetinalOCT_Dataset/train/AMD/amd_train_1976.jpg,1,512x1000
val,AMD,/media/miglab/DATA_20TB1/OCT/archive/RetinalOCT_Dataset/RetinalOCT_Dataset/val/AMD/amd_val_1243.jpg,1,512x1000
train,AMD,/media/miglab/DATA_20TB1/OCT/archive/RetinalOCT_Dataset/RetinalOCT_Dataset/train/AMD/amd_train_1869.jpg,1,512x1000
train,AMD,/media/miglab/DATA_20TB1/OCT/archive/RetinalOCT_Dataset/RetinalOCT_Dataset/train/AMD/amd_train_2639.jpg,1,512x1000
train,AMD,/media/miglab/DATA_20TB1/OCT/archive/RetinalOCT_Dataset/RetinalOCT_Dataset/train/AMD/amd_train_2751.jpg,1,512x1000
train,DME,/media/miglab/DATA_20TB1/OCT/archive/RetinalOCT_Dataset/RetinalOCT_Dataset/train/DME/dme_train_2934.jpg,1,512x512
train,DME,/media/miglab/DATA_20TB1/OCT/archive/RetinalOCT_Dataset/RetinalOCT_Dataset/train/DME/dme_train_2360.jpg,1,512x512
train,DME,/media/miglab/DATA_20TB1/OCT/archive/RetinalOCT_Dataset/RetinalOCT_Dataset/train/DME/dme_train_1291.jpg,1,512x512
train,DME,/media/miglab/DATA_20TB1/OCT/archive/RetinalOCT_Dataset/RetinalOCT_Dataset/train/DME/dme_train_1257.jpg,1,512x512
train,DME,/media/miglab/DATA_20TB1/OCT/archive/RetinalOCT_Dataset/RetinalOCT_Dataset/train/DME/dme_train_1051.jpg,1,512x512
train,DME,/media/miglab/DATA_20TB1/OCT/archive/RetinalOCT_Dataset/RetinalOCT_Dataset/train/DME/dme_train_2571.jpg,1,512x512
train,DME,/media/miglab/DATA_20TB1/OCT/archive/RetinalOCT_Dataset/RetinalOCT_Dataset/train/DME/dme_train_1528.jpg,1,512x512
train,DME,/media/miglab/DATA_20TB1/OCT/archive/RetinalOCT_Dataset/RetinalOCT_Dataset/train/DME/dme_train_3290.jpg,1,512x512
val,DME,/media/miglab/DATA_20TB1/OCT/archive/RetinalOCT_Dataset/RetinalOCT_Dataset/val/DME/dme_val_1048.jpg,1,512x512
train,DME,/media/miglab/DATA_20TB1/OCT/archive/RetinalOCT_Dataset/RetinalOCT_Dataset/train/DME/dme_train_2248.jpg,1,512x512
train,DME,/media/miglab/DATA_20TB1/OCT/archive/RetinalOCT_Dataset/RetinalOCT_Dataset/train/DME/dme_train_3268.jpg,1,512x512
train,DME,/media/miglab/DATA_20TB1/OCT/archive/RetinalOCT_Dataset/RetinalOCT_Dataset/train/DME/dme_train_1996.jpg,1,512x512
train,DME,/media/miglab/DATA_20TB1/OCT/archive/RetinalOCT_Dataset/RetinalOCT_Dataset/train/DME/dme_train_1126.jpg,1,512x512
train,DME,/media/miglab/DATA_20TB1/OCT/archive/RetinalOCT_Dataset/RetinalOCT_Dataset/train/DME/dme_train_2021.jpg,1,512x512
train,DME,/media/miglab/DATA_20TB1/OCT/archive/RetinalOCT_Dataset/RetinalOCT_Dataset/train/DME/dme_train_1212.jpg,1,512x512
train,DME,/media/miglab/DATA_20TB1/OCT/archive/RetinalOCT_Dataset/RetinalOCT_Dataset/train/DME/dme_train_1218.jpg,1,512x512
train,DME,/media/miglab/DATA_20TB1/OCT/archive/RetinalOCT_Dataset/RetinalOCT_Dataset/train/DME/dme_train_2399.jpg,1,512x512
train,DME,/media/miglab/DATA_20TB1/OCT/archive/RetinalOCT_Dataset/RetinalOCT_Dataset/train/DME/dme_train_2270.jpg,1,512x512
train,DME,/media/miglab/DATA_20TB1/OCT/archive/RetinalOCT_Dataset/RetinalOCT_Dataset/train/DME/dme_train_1601.jpg,1,512x512
train,DME,/media/miglab/DATA_20TB1/OCT/archive/RetinalOCT_Dataset/RetinalOCT_Dataset/train/DME/dme_train_1966.jpg,1,512x512
train,DME,/media/miglab/DATA_20TB1/OCT/archive/RetinalOCT_Dataset/RetinalOCT_Dataset/train/DME/dme_train_1748.jpg,1,512x512
train,DME,/media/miglab/DATA_20TB1/OCT/archive/RetinalOCT_Dataset/RetinalOCT_Dataset/train/DME/dme_train_1921.jpg,1,512x512
test,DME,/media/miglab/DATA_20TB1/OCT/archive/RetinalOCT_Dataset/RetinalOCT_Dataset/test/DME/dme_test_1188.jpg,1,512x512
train,DME,/media/miglab/DATA_20TB1/OCT/archive/RetinalOCT_Dataset/RetinalOCT_Dataset/train/DME/dme_train_1323.jpg,1,512x512
train,DME,/media/miglab/DATA_20TB1/OCT/archive/RetinalOCT_Dataset/RetinalOCT_Dataset/train/DME/dme_train_1826.jpg,1,512x512
test,DME,/media/miglab/DATA_20TB1/OCT/archive/RetinalOCT_Dataset/RetinalOCT_Dataset/test/DME/dme_test_1258.jpg,1,512x512
train,DME,/media/miglab/DATA_20TB1/OCT/archive/RetinalOCT_Dataset/RetinalOCT_Dataset/train/DME/dme_train_3130.jpg,1,512x512
test,DME,/media/miglab/DATA_20TB1/OCT/archive/RetinalOCT_Dataset/RetinalOCT_Dataset/test/DME/dme_test_1224.jpg,1,512x512
train,DME,/media/miglab/DATA_20TB1/OCT/archive/RetinalOCT_Dataset/RetinalOCT_Dataset/train/DME/dme_train_2003.jpg,1,512x512
val,DME,/media/miglab/DATA_20TB1/OCT/archive/RetinalOCT_Dataset/RetinalOCT_Dataset/val/DME/dme_val_1107.jpg,1,512x512
train,DME,/media/miglab/DATA_20TB1/OCT/archive/RetinalOCT_Dataset/RetinalOCT_Dataset/train/DME/dme_train_2637.jpg,1,512x512
train,DME,/media/miglab/DATA_20TB1/OCT/archive/RetinalOCT_Dataset/RetinalOCT_Dataset/train/DME/dme_train_1681.jpg,1,512x512
val,DME,/media/miglab/DATA_20TB1/OCT/archive/RetinalOCT_Dataset/RetinalOCT_Dataset/val/DME/dme_val_1206.jpg,1,512x512
train,DME,/media/miglab/DATA_20TB1/OCT/archive/RetinalOCT_Dataset/RetinalOCT_Dataset/train/DME/dme_train_1989.jpg,1,512x512
train,DME,/media/miglab/DATA_20TB1/OCT/archive/RetinalOCT_Dataset/RetinalOCT_Dataset/train/DME/dme_train_1880.jpg,1,512x512
train,DME,/media/miglab/DATA_20TB1/OCT/archive/RetinalOCT_Dataset/RetinalOCT_Dataset/train/DME/dme_train_1633.jpg,1,512x512
train,DME,/media/miglab/DATA_20TB1/OCT/archive/RetinalOCT_Dataset/RetinalOCT_Dataset/train/DME/dme_train_2849.jpg,1,512x512
train,DME,/media/miglab/DATA_20TB1/OCT/archive/RetinalOCT_Dataset/RetinalOCT_Dataset/train/DME/dme_train_2010.jpg,1,512x512
train,DME,/media/miglab/DATA_20TB1/OCT/archive/RetinalOCT_Dataset/RetinalOCT_Dataset/train/DME/dme_train_1384.jpg,1,512x512
train,DME,/media/miglab/DATA_20TB1/OCT/archive/RetinalOCT_Dataset/RetinalOCT_Dataset/train/DME/dme_train_1898.jpg,1,512x512
train,DME,/media/miglab/DATA_20TB1/OCT/archive/RetinalOCT_Dataset/RetinalOCT_Dataset/train/DME/dme_train_2916.jpg,1,512x512
val,DME,/media/miglab/DATA_20TB1/OCT/archive/RetinalOCT_Dataset/RetinalOCT_Dataset/val/DME/dme_val_1196.jpg,1,512x512
train,DME,/media/miglab/DATA_20TB1/OCT/archive/RetinalOCT_Dataset/RetinalOCT_Dataset/train/DME/dme_train_2389.jpg,1,512x512
train,DME,/media/miglab/DATA_20TB1/OCT/archive/RetinalOCT_Dataset/RetinalOCT_Dataset/train/DME/dme_train_2232.jpg,1,512x512
test,DME,/media/miglab/DATA_20TB1/OCT/archive/RetinalOCT_Dataset/RetinalOCT_Dataset/test/DME/dme_test_1151.jpg,1,512x512
test,DME,/media/miglab/DATA_20TB1/OCT/archive/RetinalOCT_Dataset/RetinalOCT_Dataset/test/DME/dme_test_1085.jpg,1,512x512
val,DME,/media/miglab/DATA_20TB1/OCT/archive/RetinalOCT_Dataset/RetinalOCT_Dataset/val/DME/dme_val_1024.jpg,1,512x512
test,DME,/media/miglab/DATA_20TB1/OCT/archive/RetinalOCT_Dataset/RetinalOCT_Dataset/test/DME/dme_test_1162.jpg,1,512x512
train,DME,/media/miglab/DATA_20TB1/OCT/archive/RetinalOCT_Dataset/RetinalOCT_Dataset/train/DME/dme_train_2892.jpg,1,512x512
train,DME,/media/miglab/DATA_20TB1/OCT/archive/RetinalOCT_Dataset/RetinalOCT_Dataset/train/DME/dme_train_1984.jpg,1,512x512
train,DME,/media/miglab/DATA_20TB1/OCT/archive/RetinalOCT_Dataset/RetinalOCT_Dataset/train/DME/dme_train_2240.jpg,1,512x512
train,DME,/media/miglab/DATA_20TB1/OCT/archive/RetinalOCT_Dataset/RetinalOCT_Dataset/train/DME/dme_train_1688.jpg,1,512x512
train,DME,/media/miglab/DATA_20TB1/OCT/archive/RetinalOCT_Dataset/RetinalOCT_Dataset/train/DME/dme_train_2947.jpg,1,512x512
train,DME,/media/miglab/DATA_20TB1/OCT/archive/RetinalOCT_Dataset/RetinalOCT_Dataset/train/DME/dme_train_2220.jpg,1,512x512
train,DME,/media/miglab/DATA_20TB1/OCT/archive/RetinalOCT_Dataset/RetinalOCT_Dataset/train/DME/dme_train_1559.jpg,1,512x512
train,DME,/media/miglab/DATA_20TB1/OCT/archive/RetinalOCT_Dataset/RetinalOCT_Dataset/train/DME/dme_train_1791.jpg,1,512x512
test,DME,/media/miglab/DATA_20TB1/OCT/archive/RetinalOCT_Dataset/RetinalOCT_Dataset/test/DME/dme_test_1177.jpg,1,512x512
train,DME,/media/miglab/DATA_20TB1/OCT/archive/RetinalOCT_Dataset/RetinalOCT_Dataset/train/DME/dme_train_1225.jpg,1,512x512
train,DME,/media/miglab/DATA_20TB1/OCT/archive/RetinalOCT_Dataset/RetinalOCT_Dataset/train/DME/dme_train_2661.jpg,1,512x512
train,DME,/media/miglab/DATA_20TB1/OCT/archive/RetinalOCT_Dataset/RetinalOCT_Dataset/train/DME/dme_train_1495.jpg,1,512x512
train,DME,/media/miglab/DATA_20TB1/OCT/archive/RetinalOCT_Dataset/RetinalOCT_Dataset/train/DME/dme_train_1279.jpg,1,512x512
train,DME,/media/miglab/DATA_20TB1/OCT/archive/RetinalOCT_Dataset/RetinalOCT_Dataset/train/DME/dme_train_2722.jpg,1,512x512
train,DME,/media/miglab/DATA_20TB1/OCT/archive/RetinalOCT_Dataset/RetinalOCT_Dataset/train/DME/dme_train_2224.jpg,1,512x512
val,DME,/media/miglab/DATA_20TB1/OCT/archive/RetinalOCT_Dataset/RetinalOCT_Dataset/val/DME/dme_val_1244.jpg,1,512x512
train,DME,/media/miglab/DATA_20TB1/OCT/archive/RetinalOCT_Dataset/RetinalOCT_Dataset/train/DME/dme_train_2780.jpg,1,512x512
train,DME,/media/miglab/DATA_20TB1/OCT/archive/RetinalOCT_Dataset/RetinalOCT_Dataset/train/DME/dme_train_1321.jpg,1,512x512
test,DME,/media/miglab/DATA_20TB1/OCT/archive/RetinalOCT_Dataset/RetinalOCT_Dataset/test/DME/dme_test_1102.jpg,1,512x512
train,DME,/media/miglab/DATA_20TB1/OCT/archive/RetinalOCT_Dataset/RetinalOCT_Dataset/train/DME/dme_train_2244.jpg,1,512x512
train,DME,/media/miglab/DATA_20TB1/OCT/archive/RetinalOCT_Dataset/RetinalOCT_Dataset/train/DME/dme_train_2820.jpg,1,512x512
train,DME,/media/miglab/DATA_20TB1/OCT/archive/RetinalOCT_Dataset/RetinalOCT_Dataset/train/DME/dme_train_2506.jpg,1,512x512
train,DME,/media/miglab/DATA_20TB1/OCT/archive/RetinalOCT_Dataset/RetinalOCT_Dataset/train/DME/dme_train_1718.jpg,1,512x512
train,DME,/media/miglab/DATA_20TB1/OCT/archive/RetinalOCT_Dataset/RetinalOCT_Dataset/train/DME/dme_train_2887.jpg,1,512x512
train,DME,/media/miglab/DATA_20TB1/OCT/archive/RetinalOCT_Dataset/RetinalOCT_Dataset/train/DME/dme_train_2978.jpg,1,512x512
test,DME,/media/miglab/DATA_20TB1/OCT/archive/RetinalOCT_Dataset/RetinalOCT_Dataset/test/DME/dme_test_1311.jpg,1,512x512
test,DME,/media/miglab/DATA_20TB1/OCT/archive/RetinalOCT_Dataset/RetinalOCT_Dataset/test/DME/dme_test_1160.jpg,1,512x512
train,DME,/media/miglab/DATA_20TB1/OCT/archive/RetinalOCT_Dataset/RetinalOCT_Dataset/train/DME/dme_train_1426.jpg,1,512x512
test,DME,/media/miglab/DATA_20TB1/OCT/archive/RetinalOCT_Dataset/RetinalOCT_Dataset/test/DME/dme_test_1204.jpg,1,512x512
train,DME,/media/miglab/DATA_20TB1/OCT/archive/RetinalOCT_Dataset/RetinalOCT_Dataset/train/DME/dme_train_2796.jpg,1,512x512
train,DME,/media/miglab/DATA_20TB1/OCT/archive/RetinalOCT_Dataset/RetinalOCT_Dataset/train/DME/dme_train_1612.jpg,1,512x512
train,DME,/media/miglab/DATA_20TB1/OCT/archive/RetinalOCT_Dataset/RetinalOCT_Dataset/train/DME/dme_train_2867.jpg,1,512x512
train,DME,/media/miglab/DATA_20TB1/OCT/archive/RetinalOCT_Dataset/RetinalOCT_Dataset/train/DME/dme_train_1393.jpg,1,512x512
train,DME,/media/miglab/DATA_20TB1/OCT/archive/RetinalOCT_Dataset/RetinalOCT_Dataset/train/DME/dme_train_2100.jpg,1,512x512
train,DME,/media/miglab/DATA_20TB1/OCT/archive/RetinalOCT_Dataset/RetinalOCT_Dataset/train/DME/dme_train_3022.jpg,1,512x512
test,DME,/media/miglab/DATA_20TB1/OCT/archive/RetinalOCT_Dataset/RetinalOCT_Dataset/test/DME/dme_test_1252.jpg,1,512x512
train,DME,/media/miglab/DATA_20TB1/OCT/archive/RetinalOCT_Dataset/RetinalOCT_Dataset/train/DME/dme_train_2458.jpg,1,512x512
train,DME,/media/miglab/DATA_20TB1/OCT/archive/RetinalOCT_Dataset/RetinalOCT_Dataset/train/DME/dme_train_2205.jpg,1,512x512
train,DME,/media/miglab/DATA_20TB1/OCT/archive/RetinalOCT_Dataset/RetinalOCT_Dataset/train/DME/dme_train_2088.jpg,1,512x512
train,DME,/media/miglab/DATA_20TB1/OCT/archive/RetinalOCT_Dataset/RetinalOCT_Dataset/train/DME/dme_train_2831.jpg,1,512x512
train,DME,/media/miglab/DATA_20TB1/OCT/archive/RetinalOCT_Dataset/RetinalOCT_Dataset/train/DME/dme_train_3038.jpg,1,512x512
train,DME,/media/miglab/DATA_20TB1/OCT/archive/RetinalOCT_Dataset/RetinalOCT_Dataset/train/DME/dme_train_1538.jpg,1,512x512
train,DME,/media/miglab/DATA_20TB1/OCT/archive/RetinalOCT_Dataset/RetinalOCT_Dataset/train/DME/dme_train_2007.jpg,1,512x512
train,DME,/media/miglab/DATA_20TB1/OCT/archive/RetinalOCT_Dataset/RetinalOCT_Dataset/train/DME/dme_train_2317.jpg,1,512x512
test,DME,/media/miglab/DATA_20TB1/OCT/archive/RetinalOCT_Dataset/RetinalOCT_Dataset/test/DME/dme_test_1026.jpg,1,512x512
train,DME,/media/miglab/DATA_20TB1/OCT/archive/RetinalOCT_Dataset/RetinalOCT_Dataset/train/DME/dme_train_1992.jpg,1,512x512
train,DME,/media/miglab/DATA_20TB1/OCT/archive/RetinalOCT_Dataset/RetinalOCT_Dataset/train/DME/dme_train_3256.jpg,1,512x512
train,DME,/media/miglab/DATA_20TB1/OCT/archive/RetinalOCT_Dataset/RetinalOCT_Dataset/train/DME/dme_train_2373.jpg,1,512x512
train,DME,/media/miglab/DATA_20TB1/OCT/archive/RetinalOCT_Dataset/RetinalOCT_Dataset/train/DME/dme_train_1828.jpg,1,512x512
val,DME,/media/miglab/DATA_20TB1/OCT/archive/RetinalOCT_Dataset/RetinalOCT_Dataset/val/DME/dme_val_1090.jpg,1,512x512
train,DME,/media/miglab/DATA_20TB1/OCT/archive/RetinalOCT_Dataset/RetinalOCT_Dataset/train/DME/dme_train_1311.jpg,1,512x512
train,DME,/media/miglab/DATA_20TB1/OCT/archive/RetinalOCT_Dataset/RetinalOCT_Dataset/train/DME/dme_train_2635.jpg,1,512x512
train,DME,/media/miglab/DATA_20TB1/OCT/archive/RetinalOCT_Dataset/RetinalOCT_Dataset/train/DME/dme_train_1223.jpg,1,512x512
train,DME,/media/miglab/DATA_20TB1/OCT/archive/RetinalOCT_Dataset/RetinalOCT_Dataset/train/DME/dme_train_2078.jpg,1,512x512
train,DME,/media/miglab/DATA_20TB1/OCT/archive/RetinalOCT_Dataset/RetinalOCT_Dataset/train/DME/dme_train_1053.jpg,1,512x512
train,DME,/media/miglab/DATA_20TB1/OCT/archive/RetinalOCT_Dataset/RetinalOCT_Dataset/train/DME/dme_train_1434.jpg,1,512x512
train,DME,/media/miglab/DATA_20TB1/OCT/archive/RetinalOCT_Dataset/RetinalOCT_Dataset/train/DME/dme_train_1651.jpg,1,512x512
train,DME,/media/miglab/DATA_20TB1/OCT/archive/RetinalOCT_Dataset/RetinalOCT_Dataset/train/DME/dme_train_2019.jpg,1,512x512
train,DME,/media/miglab/DATA_20TB1/OCT/archive/RetinalOCT_Dataset/RetinalOCT_Dataset/train/DME/dme_train_1120.jpg,1,512x512
train,DME,/media/miglab/DATA_20TB1/OCT/archive/RetinalOCT_Dataset/RetinalOCT_Dataset/train/DME/dme_train_2540.jpg,1,512x512
test,DME,/media/miglab/DATA_20TB1/OCT/archive/RetinalOCT_Dataset/RetinalOCT_Dataset/test/DME/dme_test_1058.jpg,1,512x512
train,DME,/media/miglab/DATA_20TB1/OCT/archive/RetinalOCT_Dataset/RetinalOCT_Dataset/train/DME/dme_train_3284.jpg,1,512x512
val,DME,/media/miglab/DATA_20TB1/OCT/archive/RetinalOCT_Dataset/RetinalOCT_Dataset/val/DME/dme_val_1207.jpg,1,512x512
val,DME,/media/miglab/DATA_20TB1/OCT/archive/RetinalOCT_Dataset/RetinalOCT_Dataset/val/DME/dme_val_1003.jpg,1,512x512
val,DME,/media/miglab/DATA_20TB1/OCT/archive/RetinalOCT_Dataset/RetinalOCT_Dataset/val/DME/dme_val_1348.jpg,1,512x512
train,DME,/media/miglab/DATA_20TB1/OCT/archive/RetinalOCT_Dataset/RetinalOCT_Dataset/train/DME/dme_train_2620.jpg,1,512x512
train,DME,/media/miglab/DATA_20TB1/OCT/archive/RetinalOCT_Dataset/RetinalOCT_Dataset/train/DME/dme_train_2101.jpg,1,512x512
train,DME,/media/miglab/DATA_20TB1/OCT/archive/RetinalOCT_Dataset/RetinalOCT_Dataset/train/DME/dme_train_2332.jpg,1,512x512
train,DME,/media/miglab/DATA_20TB1/OCT/archive/RetinalOCT_Dataset/RetinalOCT_Dataset/train/DME/dme_train_1735.jpg,1,512x512
test,DME,/media/miglab/DATA_20TB1/OCT/archive/RetinalOCT_Dataset/RetinalOCT_Dataset/test/DME/dme_test_1097.jpg,1,512x512
train,DME,/media/miglab/DATA_20TB1/OCT/archive/RetinalOCT_Dataset/RetinalOCT_Dataset/train/DME/dme_train_2818.jpg,1,512x512
val,DME,/media/miglab/DATA_20TB1/OCT/archive/RetinalOCT_Dataset/RetinalOCT_Dataset/val/DME/dme_val_1188.jpg,1,512x512
train,DME,/media/miglab/DATA_20TB1/OCT/archive/RetinalOCT_Dataset/RetinalOCT_Dataset/train/DME/dme_train_1972.jpg,1,512x512
train,DME,/media/miglab/DATA_20TB1/OCT/archive/RetinalOCT_Dataset/RetinalOCT_Dataset/train/DME/dme_train_1758.jpg,1,512x512
train,DME,/media/miglab/DATA_20TB1/OCT/archive/RetinalOCT_Dataset/RetinalOCT_Dataset/train/DME/dme_train_1549.jpg,1,512x512
train,DME,/media/miglab/DATA_20TB1/OCT/archive/RetinalOCT_Dataset/RetinalOCT_Dataset/train/DME/dme_train_1158.jpg,1,512x512
train,DME,/media/miglab/DATA_20TB1/OCT/archive/RetinalOCT_Dataset/RetinalOCT_Dataset/train/DME/dme_train_2605.jpg,1,512x512
train,DME,/media/miglab/DATA_20TB1/OCT/archive/RetinalOCT_Dataset/RetinalOCT_Dataset/train/DME/dme_train_1623.jpg,1,512x512
val,DME,/media/miglab/DATA_20TB1/OCT/archive/RetinalOCT_Dataset/RetinalOCT_Dataset/val/DME/dme_val_1209.jpg,1,512x512
val,DME,/media/miglab/DATA_20TB1/OCT/archive/RetinalOCT_Dataset/RetinalOCT_Dataset/val/DME/dme_val_1190.jpg,1,512x512
train,DME,/media/miglab/DATA_20TB1/OCT/archive/RetinalOCT_Dataset/RetinalOCT_Dataset/train/DME/dme_train_3031.jpg,1,512x512
train,DME,/media/miglab/DATA_20TB1/OCT/archive/RetinalOCT_Dataset/RetinalOCT_Dataset/train/DME/dme_train_1899.jpg,1,512x512
val,DME,/media/miglab/DATA_20TB1/OCT/archive/RetinalOCT_Dataset/RetinalOCT_Dataset/val/DME/dme_val_1059.jpg,1,512x512
train,DME,/media/miglab/DATA_20TB1/OCT/archive/RetinalOCT_Dataset/RetinalOCT_Dataset/train/DME/dme_train_2881.jpg,1,512x512
train,DME,/media/miglab/DATA_20TB1/OCT/archive/RetinalOCT_Dataset/RetinalOCT_Dataset/train/DME/dme_train_1038.jpg,1,512x512
train,DME,/media/miglab/DATA_20TB1/OCT/archive/RetinalOCT_Dataset/RetinalOCT_Dataset/train/DME/dme_train_1025.jpg,1,512x512
test,DME,/media/miglab/DATA_20TB1/OCT/archive/RetinalOCT_Dataset/RetinalOCT_Dataset/test/DME/dme_test_1086.jpg,1,512x512
val,DME,/media/miglab/DATA_20TB1/OCT/archive/RetinalOCT_Dataset/RetinalOCT_Dataset/val/DME/dme_val_1306.jpg,1,512x512
train,DME,/media/miglab/DATA_20TB1/OCT/archive/RetinalOCT_Dataset/RetinalOCT_Dataset/train/DME/dme_train_2257.jpg,1,512x512
val,DME,/media/miglab/DATA_20TB1/OCT/archive/RetinalOCT_Dataset/RetinalOCT_Dataset/val/DME/dme_val_1194.jpg,1,512x512
val,DME,/media/miglab/DATA_20TB1/OCT/archive/RetinalOCT_Dataset/RetinalOCT_Dataset/val/DME/dme_val_1174.jpg,1,512x512
train,DME,/media/miglab/DATA_20TB1/OCT/archive/RetinalOCT_Dataset/RetinalOCT_Dataset/train/DME/dme_train_2006.jpg,1,512x512
train,DME,/media/miglab/DATA_20TB1/OCT/archive/RetinalOCT_Dataset/RetinalOCT_Dataset/train/DME/dme_train_3000.jpg,1,512x512
train,DME,/media/miglab/DATA_20TB1/OCT/archive/RetinalOCT_Dataset/RetinalOCT_Dataset/train/DME/dme_train_2208.jpg,1,512x512
train,DME,/media/miglab/DATA_20TB1/OCT/archive/RetinalOCT_Dataset/RetinalOCT_Dataset/train/DME/dme_train_1324.jpg,1,512x512
test,DME,/media/miglab/DATA_20TB1/OCT/archive/RetinalOCT_Dataset/RetinalOCT_Dataset/test/DME/dme_test_1034.jpg,1,512x512
val,DME,/media/miglab/DATA_20TB1/OCT/archive/RetinalOCT_Dataset/RetinalOCT_Dataset/val/DME/dme_val_1309.jpg,1,512x512
train,DME,/media/miglab/DATA_20TB1/OCT/archive/RetinalOCT_Dataset/RetinalOCT_Dataset/train/DME/dme_train_1674.jpg,1,512x512
train,DME,/media/miglab/DATA_20TB1/OCT/archive/RetinalOCT_Dataset/RetinalOCT_Dataset/train/DME/dme_train_2266.jpg,1,512x512
test,DME,/media/miglab/DATA_20TB1/OCT/archive/RetinalOCT_Dataset/RetinalOCT_Dataset/test/DME/dme_test_1202.jpg,1,512x512
val,DME,/media/miglab/DATA_20TB1/OCT/archive/RetinalOCT_Dataset/RetinalOCT_Dataset/val/DME/dme_val_1112.jpg,1,512x512
train,DME,/media/miglab/DATA_20TB1/OCT/archive/RetinalOCT_Dataset/RetinalOCT_Dataset/train/DME/dme_train_1190.jpg,1,512x512
train,DME,/media/miglab/DATA_20TB1/OCT/archive/RetinalOCT_Dataset/RetinalOCT_Dataset/train/DME/dme_train_1958.jpg,1,512x512
train,DME,/media/miglab/DATA_20TB1/OCT/archive/RetinalOCT_Dataset/RetinalOCT_Dataset/train/DME/dme_train_2351.jpg,1,512x512
train,DME,/media/miglab/DATA_20TB1/OCT/archive/RetinalOCT_Dataset/RetinalOCT_Dataset/train/DME/dme_train_3257.jpg,1,512x512
train,DME,/media/miglab/DATA_20TB1/OCT/archive/RetinalOCT_Dataset/RetinalOCT_Dataset/train/DME/dme_train_2288.jpg,1,512x512
train,DME,/media/miglab/DATA_20TB1/OCT/archive/RetinalOCT_Dataset/RetinalOCT_Dataset/train/DME/dme_train_2277.jpg,1,512x512
train,DME,/media/miglab/DATA_20TB1/OCT/archive/RetinalOCT_Dataset/RetinalOCT_Dataset/train/DME/dme_train_2612.jpg,1,512x512
train,DME,/media/miglab/DATA_20TB1/OCT/archive/RetinalOCT_Dataset/RetinalOCT_Dataset/train/DME/dme_train_1906.jpg,1,512x512
test,DME,/media/miglab/DATA_20TB1/OCT/archive/RetinalOCT_Dataset/RetinalOCT_Dataset/test/DME/dme_test_1139.jpg,1,512x512
train,DME,/media/miglab/DATA_20TB1/OCT/archive/RetinalOCT_Dataset/RetinalOCT_Dataset/train/DME/dme_train_2758.jpg,1,512x512
train,DME,/media/miglab/DATA_20TB1/OCT/archive/RetinalOCT_Dataset/RetinalOCT_Dataset/train/DME/dme_train_2998.jpg,1,512x512
train,DME,/media/miglab/DATA_20TB1/OCT/archive/RetinalOCT_Dataset/RetinalOCT_Dataset/train/DME/dme_train_1533.jpg,1,512x512
train,DME,/media/miglab/DATA_20TB1/OCT/archive/RetinalOCT_Dataset/RetinalOCT_Dataset/train/DME/dme_train_2372.jpg,1,512x512
test,DME,/media/miglab/DATA_20TB1/OCT/archive/RetinalOCT_Dataset/RetinalOCT_Dataset/test/DME/dme_test_1189.jpg,1,512x512
train,DME,/media/miglab/DATA_20TB1/OCT/archive/RetinalOCT_Dataset/RetinalOCT_Dataset/train/DME/dme_train_3040.jpg,1,512x512
train,DME,/media/miglab/DATA_20TB1/OCT/archive/RetinalOCT_Dataset/RetinalOCT_Dataset/train/DME/dme_train_2267.jpg,1,512x512
train,DME,/media/miglab/DATA_20TB1/OCT/archive/RetinalOCT_Dataset/RetinalOCT_Dataset/train/DME/dme_train_3297.jpg,1,512x512
val,DME,/media/miglab/DATA_20TB1/OCT/archive/RetinalOCT_Dataset/RetinalOCT_Dataset/val/DME/dme_val_1292.jpg,1,512x512
test,DME,/media/miglab/DATA_20TB1/OCT/archive/RetinalOCT_Dataset/RetinalOCT_Dataset/test/DME/dme_test_1280.jpg,1,512x512
train,DME,/media/miglab/DATA_20TB1/OCT/archive/RetinalOCT_Dataset/RetinalOCT_Dataset/train/DME/dme_train_1011.jpg,1,512x512
val,DME,/media/miglab/DATA_20TB1/OCT/archive/RetinalOCT_Dataset/RetinalOCT_Dataset/val/DME/dme_val_1153.jpg,1,512x512
train,DME,/media/miglab/DATA_20TB1/OCT/archive/RetinalOCT_Dataset/RetinalOCT_Dataset/train/DME/dme_train_2942.jpg,1,512x512
val,DME,/media/miglab/DATA_20TB1/OCT/archive/RetinalOCT_Dataset/RetinalOCT_Dataset/val/DME/dme_val_1232.jpg,1,512x512
train,DME,/media/miglab/DATA_20TB1/OCT/archive/RetinalOCT_Dataset/RetinalOCT_Dataset/train/DME/dme_train_1420.jpg,1,512x512
train,DME,/media/miglab/DATA_20TB1/OCT/archive/RetinalOCT_Dataset/RetinalOCT_Dataset/train/DME/dme_train_2047.jpg,1,512x512
train,DME,/media/miglab/DATA_20TB1/OCT/archive/RetinalOCT_Dataset/RetinalOCT_Dataset/train/DME/dme_train_1163.jpg,1,512x512
train,DME,/media/miglab/DATA_20TB1/OCT/archive/RetinalOCT_Dataset/RetinalOCT_Dataset/train/DME/dme_train_2749.jpg,1,512x512
train,DME,/media/miglab/DATA_20TB1/OCT/archive/RetinalOCT_Dataset/RetinalOCT_Dataset/train/DME/dme_train_1281.jpg,1,512x512
train,DME,/media/miglab/DATA_20TB1/OCT/archive/RetinalOCT_Dataset/RetinalOCT_Dataset/train/DME/dme_train_2223.jpg,1,512x512
train,DME,/media/miglab/DATA_20TB1/OCT/archive/RetinalOCT_Dataset/RetinalOCT_Dataset/train/DME/dme_train_1034.jpg,1,512x512
train,DME,/media/miglab/DATA_20TB1/OCT/archive/RetinalOCT_Dataset/RetinalOCT_Dataset/train/DME/dme_train_2846.jpg,1,512x512
test,DME,/media/miglab/DATA_20TB1/OCT/archive/RetinalOCT_Dataset/RetinalOCT_Dataset/test/DME/dme_test_1127.jpg,1,512x512
val,DME,/media/miglab/DATA_20TB1/OCT/archive/RetinalOCT_Dataset/RetinalOCT_Dataset/val/DME/dme_val_1111.jpg,1,512x512
train,DME,/media/miglab/DATA_20TB1/OCT/archive/RetinalOCT_Dataset/RetinalOCT_Dataset/train/DME/dme_train_2048.jpg,1,512x512
train,DME,/media/miglab/DATA_20TB1/OCT/archive/RetinalOCT_Dataset/RetinalOCT_Dataset/train/DME/dme_train_2480.jpg,1,512x512
train,DME,/media/miglab/DATA_20TB1/OCT/archive/RetinalOCT_Dataset/RetinalOCT_Dataset/train/DME/dme_train_2294.jpg,1,512x512
train,DME,/media/miglab/DATA_20TB1/OCT/archive/RetinalOCT_Dataset/RetinalOCT_Dataset/train/DME/dme_train_2954.jpg,1,512x512
test,DME,/media/miglab/DATA_20TB1/OCT/archive/RetinalOCT_Dataset/RetinalOCT_Dataset/test/DME/dme_test_1306.jpg,1,512x512
train,DME,/media/miglab/DATA_20TB1/OCT/archive/RetinalOCT_Dataset/RetinalOCT_Dataset/train/DME/dme_train_1604.jpg,1,512x512
train,DME,/media/miglab/DATA_20TB1/OCT/archive/RetinalOCT_Dataset/RetinalOCT_Dataset/train/DME/dme_train_1696.jpg,1,512x512
val,DME,/media/miglab/DATA_20TB1/OCT/archive/RetinalOCT_Dataset/RetinalOCT_Dataset/val/DME/dme_val_1062.jpg,1,512x512
train,DME,/media/miglab/DATA_20TB1/OCT/archive/RetinalOCT_Dataset/RetinalOCT_Dataset/train/DME/dme_train_2727.jpg,1,512x512
train,DME,/media/miglab/DATA_20TB1/OCT/archive/RetinalOCT_Dataset/RetinalOCT_Dataset/train/DME/dme_train_2103.jpg,1,512x512
train,DME,/media/miglab/DATA_20TB1/OCT/archive/RetinalOCT_Dataset/RetinalOCT_Dataset/train/DME/dme_train_1513.jpg,1,512x512
val,DME,/media/miglab/DATA_20TB1/OCT/archive/RetinalOCT_Dataset/RetinalOCT_Dataset/val/DME/dme_val_1158.jpg,1,512x512
val,DME,/media/miglab/DATA_20TB1/OCT/archive/RetinalOCT_Dataset/RetinalOCT_Dataset/val/DME/dme_val_1258.jpg,1,512x512
train,DME,/media/miglab/DATA_20TB1/OCT/archive/RetinalOCT_Dataset/RetinalOCT_Dataset/train/DME/dme_train_1240.jpg,1,512x512
train,DME,/media/miglab/DATA_20TB1/OCT/archive/RetinalOCT_Dataset/RetinalOCT_Dataset/train/DME/dme_train_2669.jpg,1,512x512
train,DME,/media/miglab/DATA_20TB1/OCT/archive/RetinalOCT_Dataset/RetinalOCT_Dataset/train/DME/dme_train_1205.jpg,1,512x512
train,DME,/media/miglab/DATA_20TB1/OCT/archive/RetinalOCT_Dataset/RetinalOCT_Dataset/train/DME/dme_train_1049.jpg,1,512x512
train,DME,/media/miglab/DATA_20TB1/OCT/archive/RetinalOCT_Dataset/RetinalOCT_Dataset/train/DME/dme_train_1465.jpg,1,512x512
train,DME,/media/miglab/DATA_20TB1/OCT/archive/RetinalOCT_Dataset/RetinalOCT_Dataset/train/DME/dme_train_2474.jpg,1,512x512
train,DME,/media/miglab/DATA_20TB1/OCT/archive/RetinalOCT_Dataset/RetinalOCT_Dataset/train/DME/dme_train_2793.jpg,1,512x512
train,DME,/media/miglab/DATA_20TB1/OCT/archive/RetinalOCT_Dataset/RetinalOCT_Dataset/train/DME/dme_train_1235.jpg,1,512x512
train,DME,/media/miglab/DATA_20TB1/OCT/archive/RetinalOCT_Dataset/RetinalOCT_Dataset/train/DME/dme_train_2910.jpg,1,512x512
test,DME,/media/miglab/DATA_20TB1/OCT/archive/RetinalOCT_Dataset/RetinalOCT_Dataset/test/DME/dme_test_1042.jpg,1,512x512
val,DME,/media/miglab/DATA_20TB1/OCT/archive/RetinalOCT_Dataset/RetinalOCT_Dataset/val/DME/dme_val_1214.jpg,1,512x512
train,DME,/media/miglab/DATA_20TB1/OCT/archive/RetinalOCT_Dataset/RetinalOCT_Dataset/train/DME/dme_train_1587.jpg,1,512x512
train,DME,/media/miglab/DATA_20TB1/OCT/archive/RetinalOCT_Dataset/RetinalOCT_Dataset/train/DME/dme_train_2632.jpg,1,512x512
test,DME,/media/miglab/DATA_20TB1/OCT/archive/RetinalOCT_Dataset/RetinalOCT_Dataset/test/DME/dme_test_1296.jpg,1,512x512
train,DME,/media/miglab/DATA_20TB1/OCT/archive/RetinalOCT_Dataset/RetinalOCT_Dataset/train/DME/dme_train_1593.jpg,1,512x512
train,DME,/media/miglab/DATA_20TB1/OCT/archive/RetinalOCT_Dataset/RetinalOCT_Dataset/train/DME/dme_train_2531.jpg,1,512x512
train,DME,/media/miglab/DATA_20TB1/OCT/archive/RetinalOCT_Dataset/RetinalOCT_Dataset/train/DME/dme_train_1439.jpg,1,512x512
test,DME,/media/miglab/DATA_20TB1/OCT/archive/RetinalOCT_Dataset/RetinalOCT_Dataset/test/DME/dme_test_1293.jpg,1,512x512
train,DME,/media/miglab/DATA_20TB1/OCT/archive/RetinalOCT_Dataset/RetinalOCT_Dataset/train/DME/dme_train_2299.jpg,1,512x512
val,DME,/media/miglab/DATA_20TB1/OCT/archive/RetinalOCT_Dataset/RetinalOCT_Dataset/val/DME/dme_val_1146.jpg,1,512x512
val,DME,/media/miglab/DATA_20TB1/OCT/archive/RetinalOCT_Dataset/RetinalOCT_Dataset/val/DME/dme_val_1127.jpg,1,512x512
train,DME,/media/miglab/DATA_20TB1/OCT/archive/RetinalOCT_Dataset/RetinalOCT_Dataset/train/DME/dme_train_2469.jpg,1,512x512
train,DME,/media/miglab/DATA_20TB1/OCT/archive/RetinalOCT_Dataset/RetinalOCT_Dataset/train/DME/dme_train_1503.jpg,1,512x512
train,DME,/media/miglab/DATA_20TB1/OCT/archive/RetinalOCT_Dataset/RetinalOCT_Dataset/train/DME/dme_train_2022.jpg,1,512x512
train,DME,/media/miglab/DATA_20TB1/OCT/archive/RetinalOCT_Dataset/RetinalOCT_Dataset/train/DME/dme_train_1288.jpg,1,512x512
test,DME,/media/miglab/DATA_20TB1/OCT/archive/RetinalOCT_Dataset/RetinalOCT_Dataset/test/DME/dme_test_1203.jpg,1,512x512
train,DME,/media/miglab/DATA_20TB1/OCT/archive/RetinalOCT_Dataset/RetinalOCT_Dataset/train/DME/dme_train_2539.jpg,1,512x512
train,DME,/media/miglab/DATA_20TB1/OCT/archive/RetinalOCT_Dataset/RetinalOCT_Dataset/train/DME/dme_train_2070.jpg,1,512x512
val,DME,/media/miglab/DATA_20TB1/OCT/archive/RetinalOCT_Dataset/RetinalOCT_Dataset/val/DME/dme_val_1023.jpg,1,512x512
train,DME,/media/miglab/DATA_20TB1/OCT/archive/RetinalOCT_Dataset/RetinalOCT_Dataset/train/DME/dme_train_1187.jpg,1,512x512
val,DME,/media/miglab/DATA_20TB1/OCT/archive/RetinalOCT_Dataset/RetinalOCT_Dataset/val/DME/dme_val_1025.jpg,1,512x512
train,DME,/media/miglab/DATA_20TB1/OCT/archive/RetinalOCT_Dataset/RetinalOCT_Dataset/train/DME/dme_train_3131.jpg,1,512x512
train,DME,/media/miglab/DATA_20TB1/OCT/archive/RetinalOCT_Dataset/RetinalOCT_Dataset/train/DME/dme_train_2700.jpg,1,512x512
train,DME,/media/miglab/DATA_20TB1/OCT/archive/RetinalOCT_Dataset/RetinalOCT_Dataset/train/DME/dme_train_2084.jpg,1,512x512
train,DME,/media/miglab/DATA_20TB1/OCT/archive/RetinalOCT_Dataset/RetinalOCT_Dataset/train/DME/dme_train_3293.jpg,1,512x512
train,DME,/media/miglab/DATA_20TB1/OCT/archive/RetinalOCT_Dataset/RetinalOCT_Dataset/train/DME/dme_train_2630.jpg,1,512x512
test,DME,/media/miglab/DATA_20TB1/OCT/archive/RetinalOCT_Dataset/RetinalOCT_Dataset/test/DME/dme_test_1113.jpg,1,512x512
train,DME,/media/miglab/DATA_20TB1/OCT/archive/RetinalOCT_Dataset/RetinalOCT_Dataset/train/DME/dme_train_1307.jpg,1,512x512
test,DME,/media/miglab/DATA_20TB1/OCT/archive/RetinalOCT_Dataset/RetinalOCT_Dataset/test/DME/dme_test_1064.jpg,1,512x512
train,DME,/media/miglab/DATA_20TB1/OCT/archive/RetinalOCT_Dataset/RetinalOCT_Dataset/train/DME/dme_train_1229.jpg,1,512x512
train,DME,/media/miglab/DATA_20TB1/OCT/archive/RetinalOCT_Dataset/RetinalOCT_Dataset/train/DME/dme_train_1750.jpg,1,512x512
train,DME,/media/miglab/DATA_20TB1/OCT/archive/RetinalOCT_Dataset/RetinalOCT_Dataset/train/DME/dme_train_2975.jpg,1,512x512
train,DME,/media/miglab/DATA_20TB1/OCT/archive/RetinalOCT_Dataset/RetinalOCT_Dataset/train/DME/dme_train_2919.jpg,1,512x512
train,DME,/media/miglab/DATA_20TB1/OCT/archive/RetinalOCT_Dataset/RetinalOCT_Dataset/train/DME/dme_train_2877.jpg,1,512x512
test,DME,/media/miglab/DATA_20TB1/OCT/archive/RetinalOCT_Dataset/RetinalOCT_Dataset/test/DME/dme_test_1227.jpg,1,512x512
train,DME,/media/miglab/DATA_20TB1/OCT/archive/RetinalOCT_Dataset/RetinalOCT_Dataset/train/DME/dme_train_1517.jpg,1,512x512
test,DME,/media/miglab/DATA_20TB1/OCT/archive/RetinalOCT_Dataset/RetinalOCT_Dataset/test/DME/dme_test_1187.jpg,1,512x512
train,DME,/media/miglab/DATA_20TB1/OCT/archive/RetinalOCT_Dataset/RetinalOCT_Dataset/train/DME/dme_train_2358.jpg,1,512x512
train,DME,/media/miglab/DATA_20TB1/OCT/archive/RetinalOCT_Dataset/RetinalOCT_Dataset/train/DME/dme_train_2924.jpg,1,512x512
train,DME,/media/miglab/DATA_20TB1/OCT/archive/RetinalOCT_Dataset/RetinalOCT_Dataset/train/DME/dme_train_2683.jpg,1,512x512
train,DME,/media/miglab/DATA_20TB1/OCT/archive/RetinalOCT_Dataset/RetinalOCT_Dataset/train/DME/dme_train_1440.jpg,1,512x512
train,DME,/media/miglab/DATA_20TB1/OCT/archive/RetinalOCT_Dataset/RetinalOCT_Dataset/train/DME/dme_train_2908.jpg,1,512x512
train,DME,/media/miglab/DATA_20TB1/OCT/archive/RetinalOCT_Dataset/RetinalOCT_Dataset/train/DME/dme_train_2404.jpg,1,512x512
train,DME,/media/miglab/DATA_20TB1/OCT/archive/RetinalOCT_Dataset/RetinalOCT_Dataset/train/DME/dme_train_1539.jpg,1,512x512
train,DME,/media/miglab/DATA_20TB1/OCT/archive/RetinalOCT_Dataset/RetinalOCT_Dataset/train/DME/dme_train_1907.jpg,1,512x512
train,DME,/media/miglab/DATA_20TB1/OCT/archive/RetinalOCT_Dataset/RetinalOCT_Dataset/train/DME/dme_train_3045.jpg,1,512x512
train,DME,/media/miglab/DATA_20TB1/OCT/archive/RetinalOCT_Dataset/RetinalOCT_Dataset/train/DME/dme_train_1383.jpg,1,512x512
train,DME,/media/miglab/DATA_20TB1/OCT/archive/RetinalOCT_Dataset/RetinalOCT_Dataset/train/DME/dme_train_2216.jpg,1,512x512
train,DME,/media/miglab/DATA_20TB1/OCT/archive/RetinalOCT_Dataset/RetinalOCT_Dataset/train/DME/dme_train_1450.jpg,1,512x512
val,DME,/media/miglab/DATA_20TB1/OCT/archive/RetinalOCT_Dataset/RetinalOCT_Dataset/val/DME/dme_val_1080.jpg,1,512x512
test,DME,/media/miglab/DATA_20TB1/OCT/archive/RetinalOCT_Dataset/RetinalOCT_Dataset/test/DME/dme_test_1166.jpg,1,512x512
train,DME,/media/miglab/DATA_20TB1/OCT/archive/RetinalOCT_Dataset/RetinalOCT_Dataset/train/DME/dme_train_1990.jpg,1,512x512
test,DME,/media/miglab/DATA_20TB1/OCT/archive/RetinalOCT_Dataset/RetinalOCT_Dataset/test/DME/dme_test_1195.jpg,1,512x512
train,DME,/media/miglab/DATA_20TB1/OCT/archive/RetinalOCT_Dataset/RetinalOCT_Dataset/train/DME/dme_train_2702.jpg,1,512x512
train,DME,/media/miglab/DATA_20TB1/OCT/archive/RetinalOCT_Dataset/RetinalOCT_Dataset/train/DME/dme_train_1325.jpg,1,512x512
train,DME,/media/miglab/DATA_20TB1/OCT/archive/RetinalOCT_Dataset/RetinalOCT_Dataset/train/DME/dme_train_2584.jpg,1,512x512
train,DME,/media/miglab/DATA_20TB1/OCT/archive/RetinalOCT_Dataset/RetinalOCT_Dataset/train/DME/dme_train_2206.jpg,1,512x512
train,DME,/media/miglab/DATA_20TB1/OCT/archive/RetinalOCT_Dataset/RetinalOCT_Dataset/train/DME/dme_train_2671.jpg,1,512x512
train,DME,/media/miglab/DATA_20TB1/OCT/archive/RetinalOCT_Dataset/RetinalOCT_Dataset/train/DME/dme_train_1514.jpg,1,512x512
train,DME,/media/miglab/DATA_20TB1/OCT/archive/RetinalOCT_Dataset/RetinalOCT_Dataset/train/DME/dme_train_1256.jpg,1,512x512
train,DME,/media/miglab/DATA_20TB1/OCT/archive/RetinalOCT_Dataset/RetinalOCT_Dataset/train/DME/dme_train_2249.jpg,1,512x512
train,DME,/media/miglab/DATA_20TB1/OCT/archive/RetinalOCT_Dataset/RetinalOCT_Dataset/train/DME/dme_train_1028.jpg,1,512x512
train,DME,/media/miglab/DATA_20TB1/OCT/archive/RetinalOCT_Dataset/RetinalOCT_Dataset/train/DME/dme_train_1628.jpg,1,512x512
train,DME,/media/miglab/DATA_20TB1/OCT/archive/RetinalOCT_Dataset/RetinalOCT_Dataset/train/DME/dme_train_2944.jpg,1,512x512
train,DME,/media/miglab/DATA_20TB1/OCT/archive/RetinalOCT_Dataset/RetinalOCT_Dataset/train/DME/dme_train_2973.jpg,1,512x512
val,DME,/media/miglab/DATA_20TB1/OCT/archive/RetinalOCT_Dataset/RetinalOCT_Dataset/val/DME/dme_val_1039.jpg,1,512x512
train,DME,/media/miglab/DATA_20TB1/OCT/archive/RetinalOCT_Dataset/RetinalOCT_Dataset/train/DME/dme_train_1151.jpg,1,512x512
test,DME,/media/miglab/DATA_20TB1/OCT/archive/RetinalOCT_Dataset/RetinalOCT_Dataset/test/DME/dme_test_1243.jpg,1,512x512
train,DME,/media/miglab/DATA_20TB1/OCT/archive/RetinalOCT_Dataset/RetinalOCT_Dataset/train/DME/dme_train_1592.jpg,1,512x512
train,DME,/media/miglab/DATA_20TB1/OCT/archive/RetinalOCT_Dataset/RetinalOCT_Dataset/train/DME/dme_train_1686.jpg,1,512x512
train,DME,/media/miglab/DATA_20TB1/OCT/archive/RetinalOCT_Dataset/RetinalOCT_Dataset/train/DME/dme_train_1029.jpg,1,512x512
train,DME,/media/miglab/DATA_20TB1/OCT/archive/RetinalOCT_Dataset/RetinalOCT_Dataset/train/DME/dme_train_2449.jpg,1,512x512
train,DME,/media/miglab/DATA_20TB1/OCT/archive/RetinalOCT_Dataset/RetinalOCT_Dataset/train/DME/dme_train_2861.jpg,1,512x512
train,DME,/media/miglab/DATA_20TB1/OCT/archive/RetinalOCT_Dataset/RetinalOCT_Dataset/train/DME/dme_train_2566.jpg,1,512x512
train,DME,/media/miglab/DATA_20TB1/OCT/archive/RetinalOCT_Dataset/RetinalOCT_Dataset/train/DME/dme_train_1461.jpg,1,512x512
test,DME,/media/miglab/DATA_20TB1/OCT/archive/RetinalOCT_Dataset/RetinalOCT_Dataset/test/DME/dme_test_1281.jpg,1,512x512
train,DME,/media/miglab/DATA_20TB1/OCT/archive/RetinalOCT_Dataset/RetinalOCT_Dataset/train/DME/dme_train_1900.jpg,1,512x512
train,DME,/media/miglab/DATA_20TB1/OCT/archive/RetinalOCT_Dataset/RetinalOCT_Dataset/train/DME/dme_train_1915.jpg,1,512x512
train,DME,/media/miglab/DATA_20TB1/OCT/archive/RetinalOCT_Dataset/RetinalOCT_Dataset/train/DME/dme_train_2863.jpg,1,512x512
train,DME,/media/miglab/DATA_20TB1/OCT/archive/RetinalOCT_Dataset/RetinalOCT_Dataset/train/DME/dme_train_1918.jpg,1,512x512
test,DME,/media/miglab/DATA_20TB1/OCT/archive/RetinalOCT_Dataset/RetinalOCT_Dataset/test/DME/dme_test_1007.jpg,1,512x512
train,DME,/media/miglab/DATA_20TB1/OCT/archive/RetinalOCT_Dataset/RetinalOCT_Dataset/train/DME/dme_train_2274.jpg,1,512x512
train,DME,/media/miglab/DATA_20TB1/OCT/archive/RetinalOCT_Dataset/RetinalOCT_Dataset/train/DME/dme_train_1930.jpg,1,512x512
train,DME,/media/miglab/DATA_20TB1/OCT/archive/RetinalOCT_Dataset/RetinalOCT_Dataset/train/DME/dme_train_2340.jpg,1,512x512
train,DME,/media/miglab/DATA_20TB1/OCT/archive/RetinalOCT_Dataset/RetinalOCT_Dataset/train/DME/dme_train_1576.jpg,1,512x512
train,DME,/media/miglab/DATA_20TB1/OCT/archive/RetinalOCT_Dataset/RetinalOCT_Dataset/train/DME/dme_train_1778.jpg,1,512x512
train,DME,/media/miglab/DATA_20TB1/OCT/archive/RetinalOCT_Dataset/RetinalOCT_Dataset/train/DME/dme_train_1233.jpg,1,512x512
train,DME,/media/miglab/DATA_20TB1/OCT/archive/RetinalOCT_Dataset/RetinalOCT_Dataset/train/DME/dme_train_2826.jpg,1,512x512
train,DME,/media/miglab/DATA_20TB1/OCT/archive/RetinalOCT_Dataset/RetinalOCT_Dataset/train/DME/dme_train_1637.jpg,1,512x512
train,DME,/media/miglab/DATA_20TB1/OCT/archive/RetinalOCT_Dataset/RetinalOCT_Dataset/train/DME/dme_train_1671.jpg,1,512x512
train,DME,/media/miglab/DATA_20TB1/OCT/archive/RetinalOCT_Dataset/RetinalOCT_Dataset/train/DME/dme_train_2845.jpg,1,512x512
train,DME,/media/miglab/DATA_20TB1/OCT/archive/RetinalOCT_Dataset/RetinalOCT_Dataset/train/DME/dme_train_1988.jpg,1,512x512
train,DME,/media/miglab/DATA_20TB1/OCT/archive/RetinalOCT_Dataset/RetinalOCT_Dataset/train/DME/dme_train_1615.jpg,1,512x512
train,DME,/media/miglab/DATA_20TB1/OCT/archive/RetinalOCT_Dataset/RetinalOCT_Dataset/train/DME/dme_train_1319.jpg,1,512x512
train,DME,/media/miglab/DATA_20TB1/OCT/archive/RetinalOCT_Dataset/RetinalOCT_Dataset/train/DME/dme_train_1646.jpg,1,512x512
train,DME,/media/miglab/DATA_20TB1/OCT/archive/RetinalOCT_Dataset/RetinalOCT_Dataset/train/DME/dme_train_1531.jpg,1,512x512
train,DME,/media/miglab/DATA_20TB1/OCT/archive/RetinalOCT_Dataset/RetinalOCT_Dataset/train/DME/dme_train_1823.jpg,1,512x512
train,DME,/media/miglab/DATA_20TB1/OCT/archive/RetinalOCT_Dataset/RetinalOCT_Dataset/train/DME/dme_train_3055.jpg,1,512x512
train,DME,/media/miglab/DATA_20TB1/OCT/archive/RetinalOCT_Dataset/RetinalOCT_Dataset/train/DME/dme_train_2731.jpg,1,512x512
train,DME,/media/miglab/DATA_20TB1/OCT/archive/RetinalOCT_Dataset/RetinalOCT_Dataset/train/DME/dme_train_2681.jpg,1,512x512
train,DME,/media/miglab/DATA_20TB1/OCT/archive/RetinalOCT_Dataset/RetinalOCT_Dataset/train/DME/dme_train_2581.jpg,1,512x512
test,DME,/media/miglab/DATA_20TB1/OCT/archive/RetinalOCT_Dataset/RetinalOCT_Dataset/test/DME/dme_test_1018.jpg,1,512x512
train,DME,/media/miglab/DATA_20TB1/OCT/archive/RetinalOCT_Dataset/RetinalOCT_Dataset/train/DME/dme_train_1909.jpg,1,512x512
test,DME,/media/miglab/DATA_20TB1/OCT/archive/RetinalOCT_Dataset/RetinalOCT_Dataset/test/DME/dme_test_1274.jpg,1,512x512
val,DME,/media/miglab/DATA_20TB1/OCT/archive/RetinalOCT_Dataset/RetinalOCT_Dataset/val/DME/dme_val_1031.jpg,1,512x512
train,DME,/media/miglab/DATA_20TB1/OCT/archive/RetinalOCT_Dataset/RetinalOCT_Dataset/train/DME/dme_train_1184.jpg,1,512x512
train,DME,/media/miglab/DATA_20TB1/OCT/archive/RetinalOCT_Dataset/RetinalOCT_Dataset/train/DME/dme_train_2380.jpg,1,512x512
train,DME,/media/miglab/DATA_20TB1/OCT/archive/RetinalOCT_Dataset/RetinalOCT_Dataset/train/DME/dme_train_2698.jpg,1,512x512
train,DME,/media/miglab/DATA_20TB1/OCT/archive/RetinalOCT_Dataset/RetinalOCT_Dataset/train/DME/dme_train_2383.jpg,1,512x512
train,DME,/media/miglab/DATA_20TB1/OCT/archive/RetinalOCT_Dataset/RetinalOCT_Dataset/train/DME/dme_train_2144.jpg,1,512x512
val,DME,/media/miglab/DATA_20TB1/OCT/archive/RetinalOCT_Dataset/RetinalOCT_Dataset/val/DME/dme_val_1060.jpg,1,512x512
train,DME,/media/miglab/DATA_20TB1/OCT/archive/RetinalOCT_Dataset/RetinalOCT_Dataset/train/DME/dme_train_1403.jpg,1,512x512
train,DME,/media/miglab/DATA_20TB1/OCT/archive/RetinalOCT_Dataset/RetinalOCT_Dataset/train/DME/dme_train_1946.jpg,1,512x512
test,DME,/media/miglab/DATA_20TB1/OCT/archive/RetinalOCT_Dataset/RetinalOCT_Dataset/test/DME/dme_test_1324.jpg,1,512x512
test,DME,/media/miglab/DATA_20TB1/OCT/archive/RetinalOCT_Dataset/RetinalOCT_Dataset/test/DME/dme_test_1094.jpg,1,512x512
test,DME,/media/miglab/DATA_20TB1/OCT/archive/RetinalOCT_Dataset/RetinalOCT_Dataset/test/DME/dme_test_1170.jpg,1,512x512
train,DME,/media/miglab/DATA_20TB1/OCT/archive/RetinalOCT_Dataset/RetinalOCT_Dataset/train/DME/dme_train_2269.jpg,1,512x512
train,DME,/media/miglab/DATA_20TB1/OCT/archive/RetinalOCT_Dataset/RetinalOCT_Dataset/train/DME/dme_train_2918.jpg,1,512x512
train,DME,/media/miglab/DATA_20TB1/OCT/archive/RetinalOCT_Dataset/RetinalOCT_Dataset/train/DME/dme_train_2056.jpg,1,512x512
train,DME,/media/miglab/DATA_20TB1/OCT/archive/RetinalOCT_Dataset/RetinalOCT_Dataset/train/DME/dme_train_1253.jpg,1,512x512
val,DME,/media/miglab/DATA_20TB1/OCT/archive/RetinalOCT_Dataset/RetinalOCT_Dataset/val/DME/dme_val_1279.jpg,1,512x512
train,DME,/media/miglab/DATA_20TB1/OCT/archive/RetinalOCT_Dataset/RetinalOCT_Dataset/train/DME/dme_train_1621.jpg,1,512x512
train,DME,/media/miglab/DATA_20TB1/OCT/archive/RetinalOCT_Dataset/RetinalOCT_Dataset/train/DME/dme_train_2284.jpg,1,512x512
train,DME,/media/miglab/DATA_20TB1/OCT/archive/RetinalOCT_Dataset/RetinalOCT_Dataset/train/DME/dme_train_1739.jpg,1,512x512
val,DME,/media/miglab/DATA_20TB1/OCT/archive/RetinalOCT_Dataset/RetinalOCT_Dataset/val/DME/dme_val_1192.jpg,1,512x512
train,DME,/media/miglab/DATA_20TB1/OCT/archive/RetinalOCT_Dataset/RetinalOCT_Dataset/train/DME/dme_train_1868.jpg,1,512x512
train,DME,/media/miglab/DATA_20TB1/OCT/archive/RetinalOCT_Dataset/RetinalOCT_Dataset/train/DME/dme_train_1451.jpg,1,512x512
train,DME,/media/miglab/DATA_20TB1/OCT/archive/RetinalOCT_Dataset/RetinalOCT_Dataset/train/DME/dme_train_2231.jpg,1,512x512
train,DME,/media/miglab/DATA_20TB1/OCT/archive/RetinalOCT_Dataset/RetinalOCT_Dataset/train/DME/dme_train_2678.jpg,1,512x512
train,DME,/media/miglab/DATA_20TB1/OCT/archive/RetinalOCT_Dataset/RetinalOCT_Dataset/train/DME/dme_train_1192.jpg,1,512x512
test,DME,/media/miglab/DATA_20TB1/OCT/archive/RetinalOCT_Dataset/RetinalOCT_Dataset/test/DME/dme_test_1091.jpg,1,512x512
test,DME,/media/miglab/DATA_20TB1/OCT/archive/RetinalOCT_Dataset/RetinalOCT_Dataset/test/DME/dme_test_1109.jpg,1,512x512
train,DME,/media/miglab/DATA_20TB1/OCT/archive/RetinalOCT_Dataset/RetinalOCT_Dataset/train/DME/dme_train_1991.jpg,1,512x512
train,DME,/media/miglab/DATA_20TB1/OCT/archive/RetinalOCT_Dataset/RetinalOCT_Dataset/train/DME/dme_train_1694.jpg,1,512x512
val,DME,/media/miglab/DATA_20TB1/OCT/archive/RetinalOCT_Dataset/RetinalOCT_Dataset/val/DME/dme_val_1205.jpg,1,512x512
val,DME,/media/miglab/DATA_20TB1/OCT/archive/RetinalOCT_Dataset/RetinalOCT_Dataset/val/DME/dme_val_1109.jpg,1,512x512
train,DME,/media/miglab/DATA_20TB1/OCT/archive/RetinalOCT_Dataset/RetinalOCT_Dataset/train/DME/dme_train_2353.jpg,1,512x512
test,DME,/media/miglab/DATA_20TB1/OCT/archive/RetinalOCT_Dataset/RetinalOCT_Dataset/test/DME/dme_test_1077.jpg,1,512x512
train,DME,/media/miglab/DATA_20TB1/OCT/archive/RetinalOCT_Dataset/RetinalOCT_Dataset/train/DME/dme_train_2367.jpg,1,512x512
train,DME,/media/miglab/DATA_20TB1/OCT/archive/RetinalOCT_Dataset/RetinalOCT_Dataset/train/DME/dme_train_3288.jpg,1,512x512
val,DME,/media/miglab/DATA_20TB1/OCT/archive/RetinalOCT_Dataset/RetinalOCT_Dataset/val/DME/dme_val_1287.jpg,1,512x512
train,DME,/media/miglab/DATA_20TB1/OCT/archive/RetinalOCT_Dataset/RetinalOCT_Dataset/train/DME/dme_train_3124.jpg,1,512x512
train,DME,/media/miglab/DATA_20TB1/OCT/archive/RetinalOCT_Dataset/RetinalOCT_Dataset/train/DME/dme_train_1885.jpg,1,512x512
train,DME,/media/miglab/DATA_20TB1/OCT/archive/RetinalOCT_Dataset/RetinalOCT_Dataset/train/DME/dme_train_2922.jpg,1,512x512
train,DME,/media/miglab/DATA_20TB1/OCT/archive/RetinalOCT_Dataset/RetinalOCT_Dataset/train/DME/dme_train_3245.jpg,1,512x512
train,DME,/media/miglab/DATA_20TB1/OCT/archive/RetinalOCT_Dataset/RetinalOCT_Dataset/train/DME/dme_train_1304.jpg,1,512x512
train,DME,/media/miglab/DATA_20TB1/OCT/archive/RetinalOCT_Dataset/RetinalOCT_Dataset/train/DME/dme_train_1728.jpg,1,512x512
train,DME,/media/miglab/DATA_20TB1/OCT/archive/RetinalOCT_Dataset/RetinalOCT_Dataset/train/DME/dme_train_1914.jpg,1,512x512
val,DME,/media/miglab/DATA_20TB1/OCT/archive/RetinalOCT_Dataset/RetinalOCT_Dataset/val/DME/dme_val_1072.jpg,1,512x512
train,DME,/media/miglab/DATA_20TB1/OCT/archive/RetinalOCT_Dataset/RetinalOCT_Dataset/train/DME/dme_train_1048.jpg,1,512x512
train,DME,/media/miglab/DATA_20TB1/OCT/archive/RetinalOCT_Dataset/RetinalOCT_Dataset/train/DME/dme_train_2211.jpg,1,512x512
train,DME,/media/miglab/DATA_20TB1/OCT/archive/RetinalOCT_Dataset/RetinalOCT_Dataset/train/DME/dme_train_1207.jpg,1,512x512
train,DME,/media/miglab/DATA_20TB1/OCT/archive/RetinalOCT_Dataset/RetinalOCT_Dataset/train/DME/dme_train_1018.jpg,1,512x512
train,DME,/media/miglab/DATA_20TB1/OCT/archive/RetinalOCT_Dataset/RetinalOCT_Dataset/train/DME/dme_train_1574.jpg,1,512x512
val,DME,/media/miglab/DATA_20TB1/OCT/archive/RetinalOCT_Dataset/RetinalOCT_Dataset/val/DME/dme_val_1198.jpg,1,512x512
train,DME,/media/miglab/DATA_20TB1/OCT/archive/RetinalOCT_Dataset/RetinalOCT_Dataset/train/DME/dme_train_1629.jpg,1,512x512
train,DME,/media/miglab/DATA_20TB1/OCT/archive/RetinalOCT_Dataset/RetinalOCT_Dataset/train/DME/dme_train_2357.jpg,1,512x512
train,DME,/media/miglab/DATA_20TB1/OCT/archive/RetinalOCT_Dataset/RetinalOCT_Dataset/train/DME/dme_train_3035.jpg,1,512x512
train,DME,/media/miglab/DATA_20TB1/OCT/archive/RetinalOCT_Dataset/RetinalOCT_Dataset/train/DME/dme_train_1764.jpg,1,512x512
train,DME,/media/miglab/DATA_20TB1/OCT/archive/RetinalOCT_Dataset/RetinalOCT_Dataset/train/DME/dme_train_2699.jpg,1,512x512
test,DME,/media/miglab/DATA_20TB1/OCT/archive/RetinalOCT_Dataset/RetinalOCT_Dataset/test/DME/dme_test_1288.jpg,1,512x512
train,DME,/media/miglab/DATA_20TB1/OCT/archive/RetinalOCT_Dataset/RetinalOCT_Dataset/train/DME/dme_train_1772.jpg,1,512x512
train,DME,/media/miglab/DATA_20TB1/OCT/archive/RetinalOCT_Dataset/RetinalOCT_Dataset/train/DME/dme_train_3021.jpg,1,512x512
train,DME,/media/miglab/DATA_20TB1/OCT/archive/RetinalOCT_Dataset/RetinalOCT_Dataset/train/DME/dme_train_1965.jpg,1,512x512
train,DME,/media/miglab/DATA_20TB1/OCT/archive/RetinalOCT_Dataset/RetinalOCT_Dataset/train/DME/dme_train_1268.jpg,1,512x512
test,DME,/media/miglab/DATA_20TB1/OCT/archive/RetinalOCT_Dataset/RetinalOCT_Dataset/test/DME/dme_test_1300.jpg,1,512x512
train,DME,/media/miglab/DATA_20TB1/OCT/archive/RetinalOCT_Dataset/RetinalOCT_Dataset/train/DME/dme_train_2898.jpg,1,512x512
train,DME,/media/miglab/DATA_20TB1/OCT/archive/RetinalOCT_Dataset/RetinalOCT_Dataset/train/DME/dme_train_2619.jpg,1,512x512
train,DME,/media/miglab/DATA_20TB1/OCT/archive/RetinalOCT_Dataset/RetinalOCT_Dataset/train/DME/dme_train_3185.jpg,1,512x512
train,DME,/media/miglab/DATA_20TB1/OCT/archive/RetinalOCT_Dataset/RetinalOCT_Dataset/train/DME/dme_train_1375.jpg,1,512x512
train,DME,/media/miglab/DATA_20TB1/OCT/archive/RetinalOCT_Dataset/RetinalOCT_Dataset/train/DME/dme_train_1866.jpg,1,512x512
train,DME,/media/miglab/DATA_20TB1/OCT/archive/RetinalOCT_Dataset/RetinalOCT_Dataset/train/DME/dme_train_2343.jpg,1,512x512
test,DME,/media/miglab/DATA_20TB1/OCT/archive/RetinalOCT_Dataset/RetinalOCT_Dataset/test/DME/dme_test_1045.jpg,1,512x512
train,DME,/media/miglab/DATA_20TB1/OCT/archive/RetinalOCT_Dataset/RetinalOCT_Dataset/train/DME/dme_train_1222.jpg,1,512x512
train,DME,/media/miglab/DATA_20TB1/OCT/archive/RetinalOCT_Dataset/RetinalOCT_Dataset/train/DME/dme_train_2901.jpg,1,512x512
train,DME,/media/miglab/DATA_20TB1/OCT/archive/RetinalOCT_Dataset/RetinalOCT_Dataset/train/DME/dme_train_2840.jpg,1,512x512
test,DME,/media/miglab/DATA_20TB1/OCT/archive/RetinalOCT_Dataset/RetinalOCT_Dataset/test/DME/dme_test_1302.jpg,1,512x512
train,DME,/media/miglab/DATA_20TB1/OCT/archive/RetinalOCT_Dataset/RetinalOCT_Dataset/train/DME/dme_train_2957.jpg,1,512x512
train,DME,/media/miglab/DATA_20TB1/OCT/archive/RetinalOCT_Dataset/RetinalOCT_Dataset/train/DME/dme_train_2712.jpg,1,512x512
train,DME,/media/miglab/DATA_20TB1/OCT/archive/RetinalOCT_Dataset/RetinalOCT_Dataset/train/DME/dme_train_2665.jpg,1,512x512
test,DME,/media/miglab/DATA_20TB1/OCT/archive/RetinalOCT_Dataset/RetinalOCT_Dataset/test/DME/dme_test_1173.jpg,1,512x512
train,DME,/media/miglab/DATA_20TB1/OCT/archive/RetinalOCT_Dataset/RetinalOCT_Dataset/train/DME/dme_train_2127.jpg,1,512x512
train,DME,/media/miglab/DATA_20TB1/OCT/archive/RetinalOCT_Dataset/RetinalOCT_Dataset/train/DME/dme_train_2149.jpg,1,512x512
val,DME,/media/miglab/DATA_20TB1/OCT/archive/RetinalOCT_Dataset/RetinalOCT_Dataset/val/DME/dme_val_1035.jpg,1,512x512
train,DME,/media/miglab/DATA_20TB1/OCT/archive/RetinalOCT_Dataset/RetinalOCT_Dataset/train/DME/dme_train_1575.jpg,1,512x512
train,DME,/media/miglab/DATA_20TB1/OCT/archive/RetinalOCT_Dataset/RetinalOCT_Dataset/train/DME/dme_train_2648.jpg,1,512x512
train,DME,/media/miglab/DATA_20TB1/OCT/archive/RetinalOCT_Dataset/RetinalOCT_Dataset/train/DME/dme_train_3270.jpg,1,512x512
train,DME,/media/miglab/DATA_20TB1/OCT/archive/RetinalOCT_Dataset/RetinalOCT_Dataset/train/DME/dme_train_1708.jpg,1,512x512
train,DME,/media/miglab/DATA_20TB1/OCT/archive/RetinalOCT_Dataset/RetinalOCT_Dataset/train/DME/dme_train_1193.jpg,1,512x512
train,DME,/media/miglab/DATA_20TB1/OCT/archive/RetinalOCT_Dataset/RetinalOCT_Dataset/train/DME/dme_train_2464.jpg,1,512x512
train,DME,/media/miglab/DATA_20TB1/OCT/archive/RetinalOCT_Dataset/RetinalOCT_Dataset/train/DME/dme_train_3133.jpg,1,512x512
train,DME,/media/miglab/DATA_20TB1/OCT/archive/RetinalOCT_Dataset/RetinalOCT_Dataset/train/DME/dme_train_2642.jpg,1,512x512
train,DME,/media/miglab/DATA_20TB1/OCT/archive/RetinalOCT_Dataset/RetinalOCT_Dataset/train/DME/dme_train_1104.jpg,1,512x512
train,DME,/media/miglab/DATA_20TB1/OCT/archive/RetinalOCT_Dataset/RetinalOCT_Dataset/train/DME/dme_train_3128.jpg,1,512x512
train,DME,/media/miglab/DATA_20TB1/OCT/archive/RetinalOCT_Dataset/RetinalOCT_Dataset/train/DME/dme_train_3222.jpg,1,512x512
train,DME,/media/miglab/DATA_20TB1/OCT/archive/RetinalOCT_Dataset/RetinalOCT_Dataset/train/DME/dme_train_2569.jpg,1,512x512
val,DME,/media/miglab/DATA_20TB1/OCT/archive/RetinalOCT_Dataset/RetinalOCT_Dataset/val/DME/dme_val_1113.jpg,1,512x512
train,DME,/media/miglab/DATA_20TB1/OCT/archive/RetinalOCT_Dataset/RetinalOCT_Dataset/train/DME/dme_train_1246.jpg,1,512x512
train,DME,/media/miglab/DATA_20TB1/OCT/archive/RetinalOCT_Dataset/RetinalOCT_Dataset/train/DME/dme_train_2946.jpg,1,512x512
train,DME,/media/miglab/DATA_20TB1/OCT/archive/RetinalOCT_Dataset/RetinalOCT_Dataset/train/DME/dme_train_2817.jpg,1,512x512
train,DME,/media/miglab/DATA_20TB1/OCT/archive/RetinalOCT_Dataset/RetinalOCT_Dataset/train/DME/dme_train_2520.jpg,1,512x512
train,DME,/media/miglab/DATA_20TB1/OCT/archive/RetinalOCT_Dataset/RetinalOCT_Dataset/train/DME/dme_train_2034.jpg,1,512x512
train,DME,/media/miglab/DATA_20TB1/OCT/archive/RetinalOCT_Dataset/RetinalOCT_Dataset/train/DME/dme_train_1052.jpg,1,512x512
val,DME,/media/miglab/DATA_20TB1/OCT/archive/RetinalOCT_Dataset/RetinalOCT_Dataset/val/DME/dme_val_1044.jpg,1,512x512
train,DME,/media/miglab/DATA_20TB1/OCT/archive/RetinalOCT_Dataset/RetinalOCT_Dataset/train/DME/dme_train_1795.jpg,1,512x512
train,DME,/media/miglab/DATA_20TB1/OCT/archive/RetinalOCT_Dataset/RetinalOCT_Dataset/train/DME/dme_train_1658.jpg,1,512x512
train,DME,/media/miglab/DATA_20TB1/OCT/archive/RetinalOCT_Dataset/RetinalOCT_Dataset/train/DME/dme_train_2868.jpg,1,512x512
train,DME,/media/miglab/DATA_20TB1/OCT/archive/RetinalOCT_Dataset/RetinalOCT_Dataset/train/DME/dme_train_1776.jpg,1,512x512
train,DME,/media/miglab/DATA_20TB1/OCT/archive/RetinalOCT_Dataset/RetinalOCT_Dataset/train/DME/dme_train_2533.jpg,1,512x512
train,DME,/media/miglab/DATA_20TB1/OCT/archive/RetinalOCT_Dataset/RetinalOCT_Dataset/train/DME/dme_train_2234.jpg,1,512x512
train,DME,/media/miglab/DATA_20TB1/OCT/archive/RetinalOCT_Dataset/RetinalOCT_Dataset/train/DME/dme_train_1943.jpg,1,512x512
val,DME,/media/miglab/DATA_20TB1/OCT/archive/RetinalOCT_Dataset/RetinalOCT_Dataset/val/DME/dme_val_1064.jpg,1,512x512
train,DME,/media/miglab/DATA_20TB1/OCT/archive/RetinalOCT_Dataset/RetinalOCT_Dataset/train/DME/dme_train_3028.jpg,1,512x512
test,DME,/media/miglab/DATA_20TB1/OCT/archive/RetinalOCT_Dataset/RetinalOCT_Dataset/test/DME/dme_test_1240.jpg,1,512x512
test,DME,/media/miglab/DATA_20TB1/OCT/archive/RetinalOCT_Dataset/RetinalOCT_Dataset/test/DME/dme_test_1035.jpg,1,512x512
train,DME,/media/miglab/DATA_20TB1/OCT/archive/RetinalOCT_Dataset/RetinalOCT_Dataset/train/DME/dme_train_2939.jpg,1,512x512
val,DME,/media/miglab/DATA_20TB1/OCT/archive/RetinalOCT_Dataset/RetinalOCT_Dataset/val/DME/dme_val_1165.jpg,1,512x512
train,DME,/media/miglab/DATA_20TB1/OCT/archive/RetinalOCT_Dataset/RetinalOCT_Dataset/train/DME/dme_train_2819.jpg,1,512x512
test,DME,/media/miglab/DATA_20TB1/OCT/archive/RetinalOCT_Dataset/RetinalOCT_Dataset/test/DME/dme_test_1110.jpg,1,512x512
train,DME,/media/miglab/DATA_20TB1/OCT/archive/RetinalOCT_Dataset/RetinalOCT_Dataset/train/DME/dme_train_3018.jpg,1,512x512
train,DME,/media/miglab/DATA_20TB1/OCT/archive/RetinalOCT_Dataset/RetinalOCT_Dataset/train/DME/dme_train_1650.jpg,1,512x512
val,DME,/media/miglab/DATA_20TB1/OCT/archive/RetinalOCT_Dataset/RetinalOCT_Dataset/val/DME/dme_val_1211.jpg,1,512x512
train,DME,/media/miglab/DATA_20TB1/OCT/archive/RetinalOCT_Dataset/RetinalOCT_Dataset/train/DME/dme_train_1705.jpg,1,512x512
train,DME,/media/miglab/DATA_20TB1/OCT/archive/RetinalOCT_Dataset/RetinalOCT_Dataset/train/DME/dme_train_1186.jpg,1,512x512
train,DME,/media/miglab/DATA_20TB1/OCT/archive/RetinalOCT_Dataset/RetinalOCT_Dataset/train/DME/dme_train_1022.jpg,1,512x512
test,DME,/media/miglab/DATA_20TB1/OCT/archive/RetinalOCT_Dataset/RetinalOCT_Dataset/test/DME/dme_test_1174.jpg,1,512x512
train,DME,/media/miglab/DATA_20TB1/OCT/archive/RetinalOCT_Dataset/RetinalOCT_Dataset/train/DME/dme_train_2525.jpg,1,512x512
train,DME,/media/miglab/DATA_20TB1/OCT/archive/RetinalOCT_Dataset/RetinalOCT_Dataset/train/DME/dme_train_2496.jpg,1,512x512
train,DME,/media/miglab/DATA_20TB1/OCT/archive/RetinalOCT_Dataset/RetinalOCT_Dataset/train/DME/dme_train_1123.jpg,1,512x512
train,DME,/media/miglab/DATA_20TB1/OCT/archive/RetinalOCT_Dataset/RetinalOCT_Dataset/train/DME/dme_train_3221.jpg,1,512x512
train,DME,/media/miglab/DATA_20TB1/OCT/archive/RetinalOCT_Dataset/RetinalOCT_Dataset/train/DME/dme_train_2024.jpg,1,512x512
test,DME,/media/miglab/DATA_20TB1/OCT/archive/RetinalOCT_Dataset/RetinalOCT_Dataset/test/DME/dme_test_1133.jpg,1,512x512
train,DME,/media/miglab/DATA_20TB1/OCT/archive/RetinalOCT_Dataset/RetinalOCT_Dataset/train/DME/dme_train_2825.jpg,1,512x512
train,DME,/media/miglab/DATA_20TB1/OCT/archive/RetinalOCT_Dataset/RetinalOCT_Dataset/train/DME/dme_train_1805.jpg,1,512x512
train,DME,/media/miglab/DATA_20TB1/OCT/archive/RetinalOCT_Dataset/RetinalOCT_Dataset/train/DME/dme_train_1912.jpg,1,512x512
train,DME,/media/miglab/DATA_20TB1/OCT/archive/RetinalOCT_Dataset/RetinalOCT_Dataset/train/DME/dme_train_3024.jpg,1,512x512
train,DME,/media/miglab/DATA_20TB1/OCT/archive/RetinalOCT_Dataset/RetinalOCT_Dataset/train/DME/dme_train_1407.jpg,1,512x512
test,DME,/media/miglab/DATA_20TB1/OCT/archive/RetinalOCT_Dataset/RetinalOCT_Dataset/test/DME/dme_test_1122.jpg,1,512x512
train,DME,/media/miglab/DATA_20TB1/OCT/archive/RetinalOCT_Dataset/RetinalOCT_Dataset/train/DME/dme_train_2082.jpg,1,512x512
train,DME,/media/miglab/DATA_20TB1/OCT/archive/RetinalOCT_Dataset/RetinalOCT_Dataset/train/DME/dme_train_1180.jpg,1,512x512
train,DME,/media/miglab/DATA_20TB1/OCT/archive/RetinalOCT_Dataset/RetinalOCT_Dataset/train/DME/dme_train_1398.jpg,1,512x512
train,DME,/media/miglab/DATA_20TB1/OCT/archive/RetinalOCT_Dataset/RetinalOCT_Dataset/train/DME/dme_train_1819.jpg,1,512x512
train,DME,/media/miglab/DATA_20TB1/OCT/archive/RetinalOCT_Dataset/RetinalOCT_Dataset/train/DME/dme_train_1271.jpg,1,512x512
train,DME,/media/miglab/DATA_20TB1/OCT/archive/RetinalOCT_Dataset/RetinalOCT_Dataset/train/DME/dme_train_1114.jpg,1,512x512
train,DME,/media/miglab/DATA_20TB1/OCT/archive/RetinalOCT_Dataset/RetinalOCT_Dataset/train/DME/dme_train_2891.jpg,1,512x512
train,DME,/media/miglab/DATA_20TB1/OCT/archive/RetinalOCT_Dataset/RetinalOCT_Dataset/train/DME/dme_train_2725.jpg,1,512x512
train,DME,/media/miglab/DATA_20TB1/OCT/archive/RetinalOCT_Dataset/RetinalOCT_Dataset/train/DME/dme_train_2854.jpg,1,512x512
test,DME,/media/miglab/DATA_20TB1/OCT/archive/RetinalOCT_Dataset/RetinalOCT_Dataset/test/DME/dme_test_1267.jpg,1,512x512
test,DME,/media/miglab/DATA_20TB1/OCT/archive/RetinalOCT_Dataset/RetinalOCT_Dataset/test/DME/dme_test_1061.jpg,1,512x512
test,DME,/media/miglab/DATA_20TB1/OCT/archive/RetinalOCT_Dataset/RetinalOCT_Dataset/test/DME/dme_test_1221.jpg,1,512x512
train,DME,/media/miglab/DATA_20TB1/OCT/archive/RetinalOCT_Dataset/RetinalOCT_Dataset/train/DME/dme_train_2320.jpg,1,512x512
val,DME,/media/miglab/DATA_20TB1/OCT/archive/RetinalOCT_Dataset/RetinalOCT_Dataset/val/DME/dme_val_1267.jpg,1,512x512
train,DME,/media/miglab/DATA_20TB1/OCT/archive/RetinalOCT_Dataset/RetinalOCT_Dataset/train/DME/dme_train_2507.jpg,1,512x512
val,DME,/media/miglab/DATA_20TB1/OCT/archive/RetinalOCT_Dataset/RetinalOCT_Dataset/val/DME/dme_val_1293.jpg,1,512x512
val,DME,/media/miglab/DATA_20TB1/OCT/archive/RetinalOCT_Dataset/RetinalOCT_Dataset/val/DME/dme_val_1134.jpg,1,512x512
test,DME,/media/miglab/DATA_20TB1/OCT/archive/RetinalOCT_Dataset/RetinalOCT_Dataset/test/DME/dme_test_1222.jpg,1,512x512
train,DME,/media/miglab/DATA_20TB1/OCT/archive/RetinalOCT_Dataset/RetinalOCT_Dataset/train/DME/dme_train_3134.jpg,1,512x512
test,DME,/media/miglab/DATA_20TB1/OCT/archive/RetinalOCT_Dataset/RetinalOCT_Dataset/test/DME/dme_test_1186.jpg,1,512x512
train,DME,/media/miglab/DATA_20TB1/OCT/archive/RetinalOCT_Dataset/RetinalOCT_Dataset/train/DME/dme_train_1422.jpg,1,512x512
train,DME,/media/miglab/DATA_20TB1/OCT/archive/RetinalOCT_Dataset/RetinalOCT_Dataset/train/DME/dme_train_1505.jpg,1,512x512
train,DME,/media/miglab/DATA_20TB1/OCT/archive/RetinalOCT_Dataset/RetinalOCT_Dataset/train/DME/dme_train_2741.jpg,1,512x512
train,DME,/media/miglab/DATA_20TB1/OCT/archive/RetinalOCT_Dataset/RetinalOCT_Dataset/train/DME/dme_train_1590.jpg,1,512x512
test,DME,/media/miglab/DATA_20TB1/OCT/archive/RetinalOCT_Dataset/RetinalOCT_Dataset/test/DME/dme_test_1350.jpg,1,512x512
val,DME,/media/miglab/DATA_20TB1/OCT/archive/RetinalOCT_Dataset/RetinalOCT_Dataset/val/DME/dme_val_1135.jpg,1,512x512
train,DME,/media/miglab/DATA_20TB1/OCT/archive/RetinalOCT_Dataset/RetinalOCT_Dataset/train/DME/dme_train_2970.jpg,1,512x512
test,DME,/media/miglab/DATA_20TB1/OCT/archive/RetinalOCT_Dataset/RetinalOCT_Dataset/test/DME/dme_test_1217.jpg,1,512x512
train,DME,/media/miglab/DATA_20TB1/OCT/archive/RetinalOCT_Dataset/RetinalOCT_Dataset/train/DME/dme_train_1867.jpg,1,512x512
train,DME,/media/miglab/DATA_20TB1/OCT/archive/RetinalOCT_Dataset/RetinalOCT_Dataset/train/DME/dme_train_1217.jpg,1,512x512
train,DME,/media/miglab/DATA_20TB1/OCT/archive/RetinalOCT_Dataset/RetinalOCT_Dataset/train/DME/dme_train_1242.jpg,1,512x512
train,DME,/media/miglab/DATA_20TB1/OCT/archive/RetinalOCT_Dataset/RetinalOCT_Dataset/train/DME/dme_train_2968.jpg,1,512x512
train,DME,/media/miglab/DATA_20TB1/OCT/archive/RetinalOCT_Dataset/RetinalOCT_Dataset/train/DME/dme_train_1825.jpg,1,512x512
val,DME,/media/miglab/DATA_20TB1/OCT/archive/RetinalOCT_Dataset/RetinalOCT_Dataset/val/DME/dme_val_1086.jpg,1,512x512
train,DME,/media/miglab/DATA_20TB1/OCT/archive/RetinalOCT_Dataset/RetinalOCT_Dataset/train/DME/dme_train_1663.jpg,1,512x512
train,DME,/media/miglab/DATA_20TB1/OCT/archive/RetinalOCT_Dataset/RetinalOCT_Dataset/train/DME/dme_train_2045.jpg,1,512x512
train,DME,/media/miglab/DATA_20TB1/OCT/archive/RetinalOCT_Dataset/RetinalOCT_Dataset/train/DME/dme_train_2495.jpg,1,512x512
train,DME,/media/miglab/DATA_20TB1/OCT/archive/RetinalOCT_Dataset/RetinalOCT_Dataset/train/DME/dme_train_1724.jpg,1,512x512
train,DME,/media/miglab/DATA_20TB1/OCT/archive/RetinalOCT_Dataset/RetinalOCT_Dataset/train/DME/dme_train_1519.jpg,1,512x512
train,DME,/media/miglab/DATA_20TB1/OCT/archive/RetinalOCT_Dataset/RetinalOCT_Dataset/train/DME/dme_train_2061.jpg,1,512x512
train,DME,/media/miglab/DATA_20TB1/OCT/archive/RetinalOCT_Dataset/RetinalOCT_Dataset/train/DME/dme_train_1406.jpg,1,512x512
train,DME,/media/miglab/DATA_20TB1/OCT/archive/RetinalOCT_Dataset/RetinalOCT_Dataset/train/DME/dme_train_1547.jpg,1,512x512
test,DME,/media/miglab/DATA_20TB1/OCT/archive/RetinalOCT_Dataset/RetinalOCT_Dataset/test/DME/dme_test_1062.jpg,1,512x512
train,DME,/media/miglab/DATA_20TB1/OCT/archive/RetinalOCT_Dataset/RetinalOCT_Dataset/train/DME/dme_train_3296.jpg,1,512x512
train,DME,/media/miglab/DATA_20TB1/OCT/archive/RetinalOCT_Dataset/RetinalOCT_Dataset/train/DME/dme_train_1198.jpg,1,512x512
train,DME,/media/miglab/DATA_20TB1/OCT/archive/RetinalOCT_Dataset/RetinalOCT_Dataset/train/DME/dme_train_2534.jpg,1,512x512
train,DME,/media/miglab/DATA_20TB1/OCT/archive/RetinalOCT_Dataset/RetinalOCT_Dataset/train/DME/dme_train_2109.jpg,1,512x512
train,DME,/media/miglab/DATA_20TB1/OCT/archive/RetinalOCT_Dataset/RetinalOCT_Dataset/train/DME/dme_train_1177.jpg,1,512x512
train,DME,/media/miglab/DATA_20TB1/OCT/archive/RetinalOCT_Dataset/RetinalOCT_Dataset/train/DME/dme_train_1185.jpg,1,512x512
test,DME,/media/miglab/DATA_20TB1/OCT/archive/RetinalOCT_Dataset/RetinalOCT_Dataset/test/DME/dme_test_1249.jpg,1,512x512
val,DME,/media/miglab/DATA_20TB1/OCT/archive/RetinalOCT_Dataset/RetinalOCT_Dataset/val/DME/dme_val_1307.jpg,1,512x512
train,DME,/media/miglab/DATA_20TB1/OCT/archive/RetinalOCT_Dataset/RetinalOCT_Dataset/train/DME/dme_train_3057.jpg,1,512x512
train,DME,/media/miglab/DATA_20TB1/OCT/archive/RetinalOCT_Dataset/RetinalOCT_Dataset/train/DME/dme_train_2903.jpg,1,512x512
train,DME,/media/miglab/DATA_20TB1/OCT/archive/RetinalOCT_Dataset/RetinalOCT_Dataset/train/DME/dme_train_1693.jpg,1,512x512
train,DME,/media/miglab/DATA_20TB1/OCT/archive/RetinalOCT_Dataset/RetinalOCT_Dataset/train/DME/dme_train_1579.jpg,1,512x512
val,DME,/media/miglab/DATA_20TB1/OCT/archive/RetinalOCT_Dataset/RetinalOCT_Dataset/val/DME/dme_val_1298.jpg,1,512x512
train,DME,/media/miglab/DATA_20TB1/OCT/archive/RetinalOCT_Dataset/RetinalOCT_Dataset/train/DME/dme_train_1297.jpg,1,512x512
train,DME,/media/miglab/DATA_20TB1/OCT/archive/RetinalOCT_Dataset/RetinalOCT_Dataset/train/DME/dme_train_1141.jpg,1,512x512
train,DME,/media/miglab/DATA_20TB1/OCT/archive/RetinalOCT_Dataset/RetinalOCT_Dataset/train/DME/dme_train_2490.jpg,1,512x512
train,DME,/media/miglab/DATA_20TB1/OCT/archive/RetinalOCT_Dataset/RetinalOCT_Dataset/train/DME/dme_train_2709.jpg,1,512x512
train,DME,/media/miglab/DATA_20TB1/OCT/archive/RetinalOCT_Dataset/RetinalOCT_Dataset/train/DME/dme_train_3138.jpg,1,512x512
test,DME,/media/miglab/DATA_20TB1/OCT/archive/RetinalOCT_Dataset/RetinalOCT_Dataset/test/DME/dme_test_1272.jpg,1,512x512
val,DME,/media/miglab/DATA_20TB1/OCT/archive/RetinalOCT_Dataset/RetinalOCT_Dataset/val/DME/dme_val_1167.jpg,1,512x512
train,DME,/media/miglab/DATA_20TB1/OCT/archive/RetinalOCT_Dataset/RetinalOCT_Dataset/train/DME/dme_train_2778.jpg,1,512x512
train,DME,/media/miglab/DATA_20TB1/OCT/archive/RetinalOCT_Dataset/RetinalOCT_Dataset/train/DME/dme_train_2729.jpg,1,512x512
train,DME,/media/miglab/DATA_20TB1/OCT/archive/RetinalOCT_Dataset/RetinalOCT_Dataset/train/DME/dme_train_2488.jpg,1,512x512
train,DME,/media/miglab/DATA_20TB1/OCT/archive/RetinalOCT_Dataset/RetinalOCT_Dataset/train/DME/dme_train_2268.jpg,1,512x512
train,DME,/media/miglab/DATA_20TB1/OCT/archive/RetinalOCT_Dataset/RetinalOCT_Dataset/train/DME/dme_train_1534.jpg,1,512x512
train,DME,/media/miglab/DATA_20TB1/OCT/archive/RetinalOCT_Dataset/RetinalOCT_Dataset/train/DME/dme_train_1172.jpg,1,512x512
train,DME,/media/miglab/DATA_20TB1/OCT/archive/RetinalOCT_Dataset/RetinalOCT_Dataset/train/DME/dme_train_2501.jpg,1,512x512
train,DME,/media/miglab/DATA_20TB1/OCT/archive/RetinalOCT_Dataset/RetinalOCT_Dataset/train/DME/dme_train_1213.jpg,1,512x512
train,DME,/media/miglab/DATA_20TB1/OCT/archive/RetinalOCT_Dataset/RetinalOCT_Dataset/train/DME/dme_train_1108.jpg,1,512x512
train,DME,/media/miglab/DATA_20TB1/OCT/archive/RetinalOCT_Dataset/RetinalOCT_Dataset/train/DME/dme_train_1315.jpg,1,512x512
train,DME,/media/miglab/DATA_20TB1/OCT/archive/RetinalOCT_Dataset/RetinalOCT_Dataset/train/DME/dme_train_1419.jpg,1,512x512
val,DME,/media/miglab/DATA_20TB1/OCT/archive/RetinalOCT_Dataset/RetinalOCT_Dataset/val/DME/dme_val_1171.jpg,1,512x512
val,DME,/media/miglab/DATA_20TB1/OCT/archive/RetinalOCT_Dataset/RetinalOCT_Dataset/val/DME/dme_val_1230.jpg,1,512x512
val,DME,/media/miglab/DATA_20TB1/OCT/archive/RetinalOCT_Dataset/RetinalOCT_Dataset/val/DME/dme_val_1213.jpg,1,512x512
train,DME,/media/miglab/DATA_20TB1/OCT/archive/RetinalOCT_Dataset/RetinalOCT_Dataset/train/DME/dme_train_3004.jpg,1,512x512
train,DME,/media/miglab/DATA_20TB1/OCT/archive/RetinalOCT_Dataset/RetinalOCT_Dataset/train/DME/dme_train_2803.jpg,1,512x512
train,DME,/media/miglab/DATA_20TB1/OCT/archive/RetinalOCT_Dataset/RetinalOCT_Dataset/train/DME/dme_train_1897.jpg,1,512x512
test,DME,/media/miglab/DATA_20TB1/OCT/archive/RetinalOCT_Dataset/RetinalOCT_Dataset/test/DME/dme_test_1185.jpg,1,512x512
train,DME,/media/miglab/DATA_20TB1/OCT/archive/RetinalOCT_Dataset/RetinalOCT_Dataset/train/DME/dme_train_2866.jpg,1,512x512
train,DME,/media/miglab/DATA_20TB1/OCT/archive/RetinalOCT_Dataset/RetinalOCT_Dataset/train/DME/dme_train_2604.jpg,1,512x512
val,DME,/media/miglab/DATA_20TB1/OCT/archive/RetinalOCT_Dataset/RetinalOCT_Dataset/val/DME/dme_val_1098.jpg,1,512x512
train,DME,/media/miglab/DATA_20TB1/OCT/archive/RetinalOCT_Dataset/RetinalOCT_Dataset/train/DME/dme_train_1302.jpg,1,512x512
train,DME,/media/miglab/DATA_20TB1/OCT/archive/RetinalOCT_Dataset/RetinalOCT_Dataset/train/DME/dme_train_2546.jpg,1,512x512
test,DME,/media/miglab/DATA_20TB1/OCT/archive/RetinalOCT_Dataset/RetinalOCT_Dataset/test/DME/dme_test_1087.jpg,1,512x512
train,DME,/media/miglab/DATA_20TB1/OCT/archive/RetinalOCT_Dataset/RetinalOCT_Dataset/train/DME/dme_train_2055.jpg,1,512x512
train,DME,/media/miglab/DATA_20TB1/OCT/archive/RetinalOCT_Dataset/RetinalOCT_Dataset/train/DME/dme_train_1801.jpg,1,512x512
train,DME,/media/miglab/DATA_20TB1/OCT/archive/RetinalOCT_Dataset/RetinalOCT_Dataset/train/DME/dme_train_1197.jpg,1,512x512
val,DME,/media/miglab/DATA_20TB1/OCT/archive/RetinalOCT_Dataset/RetinalOCT_Dataset/val/DME/dme_val_1142.jpg,1,512x512
train,DME,/media/miglab/DATA_20TB1/OCT/archive/RetinalOCT_Dataset/RetinalOCT_Dataset/train/DME/dme_train_1464.jpg,1,512x512
train,DME,/media/miglab/DATA_20TB1/OCT/archive/RetinalOCT_Dataset/RetinalOCT_Dataset/train/DME/dme_train_1734.jpg,1,512x512
test,DME,/media/miglab/DATA_20TB1/OCT/archive/RetinalOCT_Dataset/RetinalOCT_Dataset/test/DME/dme_test_1161.jpg,1,512x512
test,DME,/media/miglab/DATA_20TB1/OCT/archive/RetinalOCT_Dataset/RetinalOCT_Dataset/test/DME/dme_test_1154.jpg,1,512x512
train,DME,/media/miglab/DATA_20TB1/OCT/archive/RetinalOCT_Dataset/RetinalOCT_Dataset/train/DME/dme_train_3294.jpg,1,512x512
train,DME,/media/miglab/DATA_20TB1/OCT/archive/RetinalOCT_Dataset/RetinalOCT_Dataset/train/DME/dme_train_2893.jpg,1,512x512
train,DME,/media/miglab/DATA_20TB1/OCT/archive/RetinalOCT_Dataset/RetinalOCT_Dataset/train/DME/dme_train_2002.jpg,1,512x512
test,DME,/media/miglab/DATA_20TB1/OCT/archive/RetinalOCT_Dataset/RetinalOCT_Dataset/test/DME/dme_test_1285.jpg,1,512x512
train,DME,/media/miglab/DATA_20TB1/OCT/archive/RetinalOCT_Dataset/RetinalOCT_Dataset/train/DME/dme_train_1878.jpg,1,512x512
val,DME,/media/miglab/DATA_20TB1/OCT/archive/RetinalOCT_Dataset/RetinalOCT_Dataset/val/DME/dme_val_1299.jpg,1,512x512
train,DME,/media/miglab/DATA_20TB1/OCT/archive/RetinalOCT_Dataset/RetinalOCT_Dataset/train/DME/dme_train_2640.jpg,1,512x512
train,DME,/media/miglab/DATA_20TB1/OCT/archive/RetinalOCT_Dataset/RetinalOCT_Dataset/train/DME/dme_train_2013.jpg,1,512x512
val,DME,/media/miglab/DATA_20TB1/OCT/archive/RetinalOCT_Dataset/RetinalOCT_Dataset/val/DME/dme_val_1068.jpg,1,512x512
test,DME,/media/miglab/DATA_20TB1/OCT/archive/RetinalOCT_Dataset/RetinalOCT_Dataset/test/DME/dme_test_1005.jpg,1,512x512
train,DME,/media/miglab/DATA_20TB1/OCT/archive/RetinalOCT_Dataset/RetinalOCT_Dataset/train/DME/dme_train_1787.jpg,1,512x512
train,DME,/media/miglab/DATA_20TB1/OCT/archive/RetinalOCT_Dataset/RetinalOCT_Dataset/train/DME/dme_train_2326.jpg,1,512x512
train,DME,/media/miglab/DATA_20TB1/OCT/archive/RetinalOCT_Dataset/RetinalOCT_Dataset/train/DME/dme_train_2073.jpg,1,512x512
val,DME,/media/miglab/DATA_20TB1/OCT/archive/RetinalOCT_Dataset/RetinalOCT_Dataset/val/DME/dme_val_1202.jpg,1,512x512
train,DME,/media/miglab/DATA_20TB1/OCT/archive/RetinalOCT_Dataset/RetinalOCT_Dataset/train/DME/dme_train_2163.jpg,1,512x512
train,DME,/media/miglab/DATA_20TB1/OCT/archive/RetinalOCT_Dataset/RetinalOCT_Dataset/train/DME/dme_train_1310.jpg,1,512x512
train,DME,/media/miglab/DATA_20TB1/OCT/archive/RetinalOCT_Dataset/RetinalOCT_Dataset/train/DME/dme_train_1873.jpg,1,512x512
train,DME,/media/miglab/DATA_20TB1/OCT/archive/RetinalOCT_Dataset/RetinalOCT_Dataset/train/DME/dme_train_1160.jpg,1,512x512
test,DME,/media/miglab/DATA_20TB1/OCT/archive/RetinalOCT_Dataset/RetinalOCT_Dataset/test/DME/dme_test_1146.jpg,1,512x512
val,DME,/media/miglab/DATA_20TB1/OCT/archive/RetinalOCT_Dataset/RetinalOCT_Dataset/val/DME/dme_val_1178.jpg,1,512x512
train,DME,/media/miglab/DATA_20TB1/OCT/archive/RetinalOCT_Dataset/RetinalOCT_Dataset/train/DME/dme_train_2769.jpg,1,512x512
train,DME,/media/miglab/DATA_20TB1/OCT/archive/RetinalOCT_Dataset/RetinalOCT_Dataset/train/DME/dme_train_2229.jpg,1,512x512
train,DME,/media/miglab/DATA_20TB1/OCT/archive/RetinalOCT_Dataset/RetinalOCT_Dataset/train/DME/dme_train_2941.jpg,1,512x512
train,DME,/media/miglab/DATA_20TB1/OCT/archive/RetinalOCT_Dataset/RetinalOCT_Dataset/train/DME/dme_train_2719.jpg,1,512x512
val,DME,/media/miglab/DATA_20TB1/OCT/archive/RetinalOCT_Dataset/RetinalOCT_Dataset/val/DME/dme_val_1303.jpg,1,512x512
test,DME,/media/miglab/DATA_20TB1/OCT/archive/RetinalOCT_Dataset/RetinalOCT_Dataset/test/DME/dme_test_1290.jpg,1,512x512
train,DME,/media/miglab/DATA_20TB1/OCT/archive/RetinalOCT_Dataset/RetinalOCT_Dataset/train/DME/dme_train_2392.jpg,1,512x512
val,DME,/media/miglab/DATA_20TB1/OCT/archive/RetinalOCT_Dataset/RetinalOCT_Dataset/val/DME/dme_val_1094.jpg,1,512x512
train,DME,/media/miglab/DATA_20TB1/OCT/archive/RetinalOCT_Dataset/RetinalOCT_Dataset/train/DME/dme_train_3255.jpg,1,512x512
train,DME,/media/miglab/DATA_20TB1/OCT/archive/RetinalOCT_Dataset/RetinalOCT_Dataset/train/DME/dme_train_2668.jpg,1,512x512
val,DME,/media/miglab/DATA_20TB1/OCT/archive/RetinalOCT_Dataset/RetinalOCT_Dataset/val/DME/dme_val_1316.jpg,1,512x512
train,DME,/media/miglab/DATA_20TB1/OCT/archive/RetinalOCT_Dataset/RetinalOCT_Dataset/train/DME/dme_train_2505.jpg,1,512x512
train,DME,/media/miglab/DATA_20TB1/OCT/archive/RetinalOCT_Dataset/RetinalOCT_Dataset/train/DME/dme_train_1290.jpg,1,512x512
train,DME,/media/miglab/DATA_20TB1/OCT/archive/RetinalOCT_Dataset/RetinalOCT_Dataset/train/DME/dme_train_2945.jpg,1,512x512
test,DME,/media/miglab/DATA_20TB1/OCT/archive/RetinalOCT_Dataset/RetinalOCT_Dataset/test/DME/dme_test_1171.jpg,1,512x512
train,DME,/media/miglab/DATA_20TB1/OCT/archive/RetinalOCT_Dataset/RetinalOCT_Dataset/train/DME/dme_train_1662.jpg,1,512x512
train,DME,/media/miglab/DATA_20TB1/OCT/archive/RetinalOCT_Dataset/RetinalOCT_Dataset/train/DME/dme_train_2883.jpg,1,512x512
train,DME,/media/miglab/DATA_20TB1/OCT/archive/RetinalOCT_Dataset/RetinalOCT_Dataset/train/DME/dme_train_1799.jpg,1,512x512
train,DME,/media/miglab/DATA_20TB1/OCT/archive/RetinalOCT_Dataset/RetinalOCT_Dataset/train/DME/dme_train_1740.jpg,1,512x512
train,DME,/media/miglab/DATA_20TB1/OCT/archive/RetinalOCT_Dataset/RetinalOCT_Dataset/train/DME/dme_train_2837.jpg,1,512x512
train,DME,/media/miglab/DATA_20TB1/OCT/archive/RetinalOCT_Dataset/RetinalOCT_Dataset/train/DME/dme_train_2693.jpg,1,512x512
train,DME,/media/miglab/DATA_20TB1/OCT/archive/RetinalOCT_Dataset/RetinalOCT_Dataset/train/DME/dme_train_3233.jpg,1,512x512
train,DME,/media/miglab/DATA_20TB1/OCT/archive/RetinalOCT_Dataset/RetinalOCT_Dataset/train/DME/dme_train_1504.jpg,1,512x512
train,DME,/media/miglab/DATA_20TB1/OCT/archive/RetinalOCT_Dataset/RetinalOCT_Dataset/train/DME/dme_train_1692.jpg,1,512x512
train,DME,/media/miglab/DATA_20TB1/OCT/archive/RetinalOCT_Dataset/RetinalOCT_Dataset/train/DME/dme_train_1730.jpg,1,512x512
train,DME,/media/miglab/DATA_20TB1/OCT/archive/RetinalOCT_Dataset/RetinalOCT_Dataset/train/DME/dme_train_2131.jpg,1,512x512
train,DME,/media/miglab/DATA_20TB1/OCT/archive/RetinalOCT_Dataset/RetinalOCT_Dataset/train/DME/dme_train_2087.jpg,1,512x512
train,DME,/media/miglab/DATA_20TB1/OCT/archive/RetinalOCT_Dataset/RetinalOCT_Dataset/train/DME/dme_train_2237.jpg,1,512x512
val,DME,/media/miglab/DATA_20TB1/OCT/archive/RetinalOCT_Dataset/RetinalOCT_Dataset/val/DME/dme_val_1271.jpg,1,512x512
train,DME,/media/miglab/DATA_20TB1/OCT/archive/RetinalOCT_Dataset/RetinalOCT_Dataset/train/DME/dme_train_2717.jpg,1,512x512
test,DME,/media/miglab/DATA_20TB1/OCT/archive/RetinalOCT_Dataset/RetinalOCT_Dataset/test/DME/dme_test_1141.jpg,1,512x512
train,DME,/media/miglab/DATA_20TB1/OCT/archive/RetinalOCT_Dataset/RetinalOCT_Dataset/train/DME/dme_train_2238.jpg,1,512x512
test,DME,/media/miglab/DATA_20TB1/OCT/archive/RetinalOCT_Dataset/RetinalOCT_Dataset/test/DME/dme_test_1282.jpg,1,512x512
train,DME,/media/miglab/DATA_20TB1/OCT/archive/RetinalOCT_Dataset/RetinalOCT_Dataset/train/DME/dme_train_2994.jpg,1,512x512
val,DME,/media/miglab/DATA_20TB1/OCT/archive/RetinalOCT_Dataset/RetinalOCT_Dataset/val/DME/dme_val_1187.jpg,1,512x512
train,DME,/media/miglab/DATA_20TB1/OCT/archive/RetinalOCT_Dataset/RetinalOCT_Dataset/train/DME/dme_train_2111.jpg,1,512x512
train,DME,/media/miglab/DATA_20TB1/OCT/archive/RetinalOCT_Dataset/RetinalOCT_Dataset/train/DME/dme_train_1931.jpg,1,512x512
train,DME,/media/miglab/DATA_20TB1/OCT/archive/RetinalOCT_Dataset/RetinalOCT_Dataset/train/DME/dme_train_2085.jpg,1,512x512
train,DME,/media/miglab/DATA_20TB1/OCT/archive/RetinalOCT_Dataset/RetinalOCT_Dataset/train/DME/dme_train_1751.jpg,1,512x512
train,DME,/media/miglab/DATA_20TB1/OCT/archive/RetinalOCT_Dataset/RetinalOCT_Dataset/train/DME/dme_train_1042.jpg,1,512x512
val,DME,/media/miglab/DATA_20TB1/OCT/archive/RetinalOCT_Dataset/RetinalOCT_Dataset/val/DME/dme_val_1157.jpg,1,512x512
train,DME,/media/miglab/DATA_20TB1/OCT/archive/RetinalOCT_Dataset/RetinalOCT_Dataset/train/DME/dme_train_2652.jpg,1,512x512
train,DME,/media/miglab/DATA_20TB1/OCT/archive/RetinalOCT_Dataset/RetinalOCT_Dataset/train/DME/dme_train_1063.jpg,1,512x512
train,DME,/media/miglab/DATA_20TB1/OCT/archive/RetinalOCT_Dataset/RetinalOCT_Dataset/train/DME/dme_train_1689.jpg,1,512x512
train,DME,/media/miglab/DATA_20TB1/OCT/archive/RetinalOCT_Dataset/RetinalOCT_Dataset/train/DME/dme_train_3262.jpg,1,512x512
train,DME,/media/miglab/DATA_20TB1/OCT/archive/RetinalOCT_Dataset/RetinalOCT_Dataset/train/DME/dme_train_2750.jpg,1,512x512
train,DME,/media/miglab/DATA_20TB1/OCT/archive/RetinalOCT_Dataset/RetinalOCT_Dataset/train/DME/dme_train_2370.jpg,1,512x512
train,DME,/media/miglab/DATA_20TB1/OCT/archive/RetinalOCT_Dataset/RetinalOCT_Dataset/train/DME/dme_train_2099.jpg,1,512x512
train,DME,/media/miglab/DATA_20TB1/OCT/archive/RetinalOCT_Dataset/RetinalOCT_Dataset/train/DME/dme_train_3264.jpg,1,512x512
train,DME,/media/miglab/DATA_20TB1/OCT/archive/RetinalOCT_Dataset/RetinalOCT_Dataset/train/DME/dme_train_1761.jpg,1,512x512
train,DME,/media/miglab/DATA_20TB1/OCT/archive/RetinalOCT_Dataset/RetinalOCT_Dataset/train/DME/dme_train_3003.jpg,1,512x512
train,DME,/media/miglab/DATA_20TB1/OCT/archive/RetinalOCT_Dataset/RetinalOCT_Dataset/train/DME/dme_train_1060.jpg,1,512x512
train,DME,/media/miglab/DATA_20TB1/OCT/archive/RetinalOCT_Dataset/RetinalOCT_Dataset/train/DME/dme_train_1877.jpg,1,512x512
train,DME,/media/miglab/DATA_20TB1/OCT/archive/RetinalOCT_Dataset/RetinalOCT_Dataset/train/DME/dme_train_2823.jpg,1,512x512
test,DME,/media/miglab/DATA_20TB1/OCT/archive/RetinalOCT_Dataset/RetinalOCT_Dataset/test/DME/dme_test_1145.jpg,1,512x512
train,DME,/media/miglab/DATA_20TB1/OCT/archive/RetinalOCT_Dataset/RetinalOCT_Dataset/train/DME/dme_train_1031.jpg,1,512x512
train,DME,/media/miglab/DATA_20TB1/OCT/archive/RetinalOCT_Dataset/RetinalOCT_Dataset/train/DME/dme_train_1401.jpg,1,512x512
train,DME,/media/miglab/DATA_20TB1/OCT/archive/RetinalOCT_Dataset/RetinalOCT_Dataset/train/DME/dme_train_2132.jpg,1,512x512
train,DME,/media/miglab/DATA_20TB1/OCT/archive/RetinalOCT_Dataset/RetinalOCT_Dataset/train/DME/dme_train_1021.jpg,1,512x512
train,DME,/media/miglab/DATA_20TB1/OCT/archive/RetinalOCT_Dataset/RetinalOCT_Dataset/train/DME/dme_train_2772.jpg,1,512x512
train,DME,/media/miglab/DATA_20TB1/OCT/archive/RetinalOCT_Dataset/RetinalOCT_Dataset/train/DME/dme_train_2090.jpg,1,512x512
test,DME,/media/miglab/DATA_20TB1/OCT/archive/RetinalOCT_Dataset/RetinalOCT_Dataset/test/DME/dme_test_1028.jpg,1,512x512
train,DME,/media/miglab/DATA_20TB1/OCT/archive/RetinalOCT_Dataset/RetinalOCT_Dataset/train/DME/dme_train_1045.jpg,1,512x512
val,DME,/media/miglab/DATA_20TB1/OCT/archive/RetinalOCT_Dataset/RetinalOCT_Dataset/val/DME/dme_val_1297.jpg,1,512x512
train,DME,/media/miglab/DATA_20TB1/OCT/archive/RetinalOCT_Dataset/RetinalOCT_Dataset/train/DME/dme_train_3026.jpg,1,512x512
train,DME,/media/miglab/DATA_20TB1/OCT/archive/RetinalOCT_Dataset/RetinalOCT_Dataset/train/DME/dme_train_1199.jpg,1,512x512
train,DME,/media/miglab/DATA_20TB1/OCT/archive/RetinalOCT_Dataset/RetinalOCT_Dataset/train/DME/dme_train_1602.jpg,1,512x512
train,DME,/media/miglab/DATA_20TB1/OCT/archive/RetinalOCT_Dataset/RetinalOCT_Dataset/train/DME/dme_train_1067.jpg,1,512x512
test,DME,/media/miglab/DATA_20TB1/OCT/archive/RetinalOCT_Dataset/RetinalOCT_Dataset/test/DME/dme_test_1226.jpg,1,512x512
test,DME,/media/miglab/DATA_20TB1/OCT/archive/RetinalOCT_Dataset/RetinalOCT_Dataset/test/DME/dme_test_1255.jpg,1,512x512
train,DME,/media/miglab/DATA_20TB1/OCT/archive/RetinalOCT_Dataset/RetinalOCT_Dataset/train/DME/dme_train_2028.jpg,1,512x512
train,DME,/media/miglab/DATA_20TB1/OCT/archive/RetinalOCT_Dataset/RetinalOCT_Dataset/train/DME/dme_train_1326.jpg,1,512x512
train,DME,/media/miglab/DATA_20TB1/OCT/archive/RetinalOCT_Dataset/RetinalOCT_Dataset/train/DME/dme_train_2221.jpg,1,512x512
train,DME,/media/miglab/DATA_20TB1/OCT/archive/RetinalOCT_Dataset/RetinalOCT_Dataset/train/DME/dme_train_1640.jpg,1,512x512
train,DME,/media/miglab/DATA_20TB1/OCT/archive/RetinalOCT_Dataset/RetinalOCT_Dataset/train/DME/dme_train_2773.jpg,1,512x512
train,DME,/media/miglab/DATA_20TB1/OCT/archive/RetinalOCT_Dataset/RetinalOCT_Dataset/train/DME/dme_train_1405.jpg,1,512x512
train,DME,/media/miglab/DATA_20TB1/OCT/archive/RetinalOCT_Dataset/RetinalOCT_Dataset/train/DME/dme_train_2114.jpg,1,512x512
train,DME,/media/miglab/DATA_20TB1/OCT/archive/RetinalOCT_Dataset/RetinalOCT_Dataset/train/DME/dme_train_2341.jpg,1,512x512
test,DME,/media/miglab/DATA_20TB1/OCT/archive/RetinalOCT_Dataset/RetinalOCT_Dataset/test/DME/dme_test_1069.jpg,1,512x512
val,DME,/media/miglab/DATA_20TB1/OCT/archive/RetinalOCT_Dataset/RetinalOCT_Dataset/val/DME/dme_val_1166.jpg,1,512x512
train,DME,/media/miglab/DATA_20TB1/OCT/archive/RetinalOCT_Dataset/RetinalOCT_Dataset/train/DME/dme_train_2900.jpg,1,512x512
val,DME,/media/miglab/DATA_20TB1/OCT/archive/RetinalOCT_Dataset/RetinalOCT_Dataset/val/DME/dme_val_1105.jpg,1,512x512
val,DME,/media/miglab/DATA_20TB1/OCT/archive/RetinalOCT_Dataset/RetinalOCT_Dataset/val/DME/dme_val_1189.jpg,1,512x512
train,DME,/media/miglab/DATA_20TB1/OCT/archive/RetinalOCT_Dataset/RetinalOCT_Dataset/train/DME/dme_train_1169.jpg,1,512x512
test,DME,/media/miglab/DATA_20TB1/OCT/archive/RetinalOCT_Dataset/RetinalOCT_Dataset/test/DME/dme_test_1025.jpg,1,512x512
train,DME,/media/miglab/DATA_20TB1/OCT/archive/RetinalOCT_Dataset/RetinalOCT_Dataset/train/DME/dme_train_2805.jpg,1,512x512
val,DME,/media/miglab/DATA_20TB1/OCT/archive/RetinalOCT_Dataset/RetinalOCT_Dataset/val/DME/dme_val_1087.jpg,1,512x512
train,DME,/media/miglab/DATA_20TB1/OCT/archive/RetinalOCT_Dataset/RetinalOCT_Dataset/train/DME/dme_train_1024.jpg,1,512x512
train,DME,/media/miglab/DATA_20TB1/OCT/archive/RetinalOCT_Dataset/RetinalOCT_Dataset/train/DME/dme_train_2036.jpg,1,512x512
train,DME,/media/miglab/DATA_20TB1/OCT/archive/RetinalOCT_Dataset/RetinalOCT_Dataset/train/DME/dme_train_2836.jpg,1,512x512
train,DME,/media/miglab/DATA_20TB1/OCT/archive/RetinalOCT_Dataset/RetinalOCT_Dataset/train/DME/dme_train_1181.jpg,1,512x512
train,DME,/media/miglab/DATA_20TB1/OCT/archive/RetinalOCT_Dataset/RetinalOCT_Dataset/train/DME/dme_train_2999.jpg,1,512x512
train,DME,/media/miglab/DATA_20TB1/OCT/archive/RetinalOCT_Dataset/RetinalOCT_Dataset/train/DME/dme_train_2953.jpg,1,512x512
train,DME,/media/miglab/DATA_20TB1/OCT/archive/RetinalOCT_Dataset/RetinalOCT_Dataset/train/DME/dme_train_2996.jpg,1,512x512
train,DME,/media/miglab/DATA_20TB1/OCT/archive/RetinalOCT_Dataset/RetinalOCT_Dataset/train/DME/dme_train_1520.jpg,1,512x512
train,DME,/media/miglab/DATA_20TB1/OCT/archive/RetinalOCT_Dataset/RetinalOCT_Dataset/train/DME/dme_train_1359.jpg,1,512x512
train,DME,/media/miglab/DATA_20TB1/OCT/archive/RetinalOCT_Dataset/RetinalOCT_Dataset/train/DME/dme_train_1933.jpg,1,512x512
train,DME,/media/miglab/DATA_20TB1/OCT/archive/RetinalOCT_Dataset/RetinalOCT_Dataset/train/DME/dme_train_1962.jpg,1,512x512
train,DME,/media/miglab/DATA_20TB1/OCT/archive/RetinalOCT_Dataset/RetinalOCT_Dataset/train/DME/dme_train_2243.jpg,1,512x512
train,DME,/media/miglab/DATA_20TB1/OCT/archive/RetinalOCT_Dataset/RetinalOCT_Dataset/train/DME/dme_train_1280.jpg,1,512x512
val,DME,/media/miglab/DATA_20TB1/OCT/archive/RetinalOCT_Dataset/RetinalOCT_Dataset/val/DME/dme_val_1250.jpg,1,512x512
train,DME,/media/miglab/DATA_20TB1/OCT/archive/RetinalOCT_Dataset/RetinalOCT_Dataset/train/DME/dme_train_1581.jpg,1,512x512
test,DME,/media/miglab/DATA_20TB1/OCT/archive/RetinalOCT_Dataset/RetinalOCT_Dataset/test/DME/dme_test_1147.jpg,1,512x512
train,DME,/media/miglab/DATA_20TB1/OCT/archive/RetinalOCT_Dataset/RetinalOCT_Dataset/train/DME/dme_train_1249.jpg,1,512x512
train,DME,/media/miglab/DATA_20TB1/OCT/archive/RetinalOCT_Dataset/RetinalOCT_Dataset/train/DME/dme_train_2451.jpg,1,512x512
train,DME,/media/miglab/DATA_20TB1/OCT/archive/RetinalOCT_Dataset/RetinalOCT_Dataset/train/DME/dme_train_1710.jpg,1,512x512
train,DME,/media/miglab/DATA_20TB1/OCT/archive/RetinalOCT_Dataset/RetinalOCT_Dataset/train/DME/dme_train_2795.jpg,1,512x512
train,DME,/media/miglab/DATA_20TB1/OCT/archive/RetinalOCT_Dataset/RetinalOCT_Dataset/train/DME/dme_train_1660.jpg,1,512x512
val,DME,/media/miglab/DATA_20TB1/OCT/archive/RetinalOCT_Dataset/RetinalOCT_Dataset/val/DME/dme_val_1233.jpg,1,512x512
test,DME,/media/miglab/DATA_20TB1/OCT/archive/RetinalOCT_Dataset/RetinalOCT_Dataset/test/DME/dme_test_1194.jpg,1,512x512
train,DME,/media/miglab/DATA_20TB1/OCT/archive/RetinalOCT_Dataset/RetinalOCT_Dataset/train/DME/dme_train_2567.jpg,1,512x512
train,DME,/media/miglab/DATA_20TB1/OCT/archive/RetinalOCT_Dataset/RetinalOCT_Dataset/train/DME/dme_train_2455.jpg,1,512x512
train,DME,/media/miglab/DATA_20TB1/OCT/archive/RetinalOCT_Dataset/RetinalOCT_Dataset/train/DME/dme_train_2467.jpg,1,512x512
val,DME,/media/miglab/DATA_20TB1/OCT/archive/RetinalOCT_Dataset/RetinalOCT_Dataset/val/DME/dme_val_1273.jpg,1,512x512
train,DME,/media/miglab/DATA_20TB1/OCT/archive/RetinalOCT_Dataset/RetinalOCT_Dataset/train/DME/dme_train_1546.jpg,1,512x512
train,DME,/media/miglab/DATA_20TB1/OCT/archive/RetinalOCT_Dataset/RetinalOCT_Dataset/train/DME/dme_train_1788.jpg,1,512x512
val,DME,/media/miglab/DATA_20TB1/OCT/archive/RetinalOCT_Dataset/RetinalOCT_Dataset/val/DME/dme_val_1231.jpg,1,512x512
train,DME,/media/miglab/DATA_20TB1/OCT/archive/RetinalOCT_Dataset/RetinalOCT_Dataset/train/DME/dme_train_2685.jpg,1,512x512
train,DME,/media/miglab/DATA_20TB1/OCT/archive/RetinalOCT_Dataset/RetinalOCT_Dataset/train/DME/dme_train_1976.jpg,1,512x512
train,DME,/media/miglab/DATA_20TB1/OCT/archive/RetinalOCT_Dataset/RetinalOCT_Dataset/train/DME/dme_train_2602.jpg,1,512x512
test,DME,/media/miglab/DATA_20TB1/OCT/archive/RetinalOCT_Dataset/RetinalOCT_Dataset/test/DME/dme_test_1276.jpg,1,512x512
train,DME,/media/miglab/DATA_20TB1/OCT/archive/RetinalOCT_Dataset/RetinalOCT_Dataset/train/DME/dme_train_2475.jpg,1,512x512
train,DME,/media/miglab/DATA_20TB1/OCT/archive/RetinalOCT_Dataset/RetinalOCT_Dataset/train/DME/dme_train_1727.jpg,1,512x512
train,DME,/media/miglab/DATA_20TB1/OCT/archive/RetinalOCT_Dataset/RetinalOCT_Dataset/train/DME/dme_train_3135.jpg,1,512x512
train,DME,/media/miglab/DATA_20TB1/OCT/archive/RetinalOCT_Dataset/RetinalOCT_Dataset/train/DME/dme_train_2227.jpg,1,512x512
train,DME,/media/miglab/DATA_20TB1/OCT/archive/RetinalOCT_Dataset/RetinalOCT_Dataset/train/DME/dme_train_2969.jpg,1,512x512
train,DME,/media/miglab/DATA_20TB1/OCT/archive/RetinalOCT_Dataset/RetinalOCT_Dataset/train/DME/dme_train_1214.jpg,1,512x512
train,DME,/media/miglab/DATA_20TB1/OCT/archive/RetinalOCT_Dataset/RetinalOCT_Dataset/train/DME/dme_train_2948.jpg,1,512x512
train,DME,/media/miglab/DATA_20TB1/OCT/archive/RetinalOCT_Dataset/RetinalOCT_Dataset/train/DME/dme_train_2565.jpg,1,512x512
train,DME,/media/miglab/DATA_20TB1/OCT/archive/RetinalOCT_Dataset/RetinalOCT_Dataset/train/DME/dme_train_1583.jpg,1,512x512
test,DME,/media/miglab/DATA_20TB1/OCT/archive/RetinalOCT_Dataset/RetinalOCT_Dataset/test/DME/dme_test_1211.jpg,1,512x512
train,DME,/media/miglab/DATA_20TB1/OCT/archive/RetinalOCT_Dataset/RetinalOCT_Dataset/train/DME/dme_train_2217.jpg,1,512x512
train,DME,/media/miglab/DATA_20TB1/OCT/archive/RetinalOCT_Dataset/RetinalOCT_Dataset/train/DME/dme_train_2008.jpg,1,512x512
train,DME,/media/miglab/DATA_20TB1/OCT/archive/RetinalOCT_Dataset/RetinalOCT_Dataset/train/DME/dme_train_1589.jpg,1,512x512
train,DME,/media/miglab/DATA_20TB1/OCT/archive/RetinalOCT_Dataset/RetinalOCT_Dataset/train/DME/dme_train_1707.jpg,1,512x512
train,DME,/media/miglab/DATA_20TB1/OCT/archive/RetinalOCT_Dataset/RetinalOCT_Dataset/train/DME/dme_train_2829.jpg,1,512x512
train,DME,/media/miglab/DATA_20TB1/OCT/archive/RetinalOCT_Dataset/RetinalOCT_Dataset/train/DME/dme_train_3249.jpg,1,512x512
val,DME,/media/miglab/DATA_20TB1/OCT/archive/RetinalOCT_Dataset/RetinalOCT_Dataset/val/DME/dme_val_1034.jpg,1,512x512
train,DME,/media/miglab/DATA_20TB1/OCT/archive/RetinalOCT_Dataset/RetinalOCT_Dataset/train/DME/dme_train_2394.jpg,1,512x512
train,DME,/media/miglab/DATA_20TB1/OCT/archive/RetinalOCT_Dataset/RetinalOCT_Dataset/train/DME/dme_train_2847.jpg,1,512x512
train,DME,/media/miglab/DATA_20TB1/OCT/archive/RetinalOCT_Dataset/RetinalOCT_Dataset/train/DME/dme_train_1634.jpg,1,512x512
train,DME,/media/miglab/DATA_20TB1/OCT/archive/RetinalOCT_Dataset/RetinalOCT_Dataset/train/DME/dme_train_2062.jpg,1,512x512
val,DME,/media/miglab/DATA_20TB1/OCT/archive/RetinalOCT_Dataset/RetinalOCT_Dataset/val/DME/dme_val_1145.jpg,1,512x512
test,DME,/media/miglab/DATA_20TB1/OCT/archive/RetinalOCT_Dataset/RetinalOCT_Dataset/test/DME/dme_test_1313.jpg,1,512x512
val,DME,/media/miglab/DATA_20TB1/OCT/archive/RetinalOCT_Dataset/RetinalOCT_Dataset/val/DME/dme_val_1028.jpg,1,512x512
train,DME,/media/miglab/DATA_20TB1/OCT/archive/RetinalOCT_Dataset/RetinalOCT_Dataset/train/DME/dme_train_2888.jpg,1,512x512
train,DME,/media/miglab/DATA_20TB1/OCT/archive/RetinalOCT_Dataset/RetinalOCT_Dataset/train/DME/dme_train_1202.jpg,1,512x512
train,DME,/media/miglab/DATA_20TB1/OCT/archive/RetinalOCT_Dataset/RetinalOCT_Dataset/train/DME/dme_train_2043.jpg,1,512x512
train,DME,/media/miglab/DATA_20TB1/OCT/archive/RetinalOCT_Dataset/RetinalOCT_Dataset/train/DME/dme_train_1308.jpg,1,512x512
train,DME,/media/miglab/DATA_20TB1/OCT/archive/RetinalOCT_Dataset/RetinalOCT_Dataset/train/DME/dme_train_1155.jpg,1,512x512
train,DME,/media/miglab/DATA_20TB1/OCT/archive/RetinalOCT_Dataset/RetinalOCT_Dataset/train/DME/dme_train_2255.jpg,1,512x512
val,DME,/media/miglab/DATA_20TB1/OCT/archive/RetinalOCT_Dataset/RetinalOCT_Dataset/val/DME/dme_val_1088.jpg,1,512x512
val,DME,/media/miglab/DATA_20TB1/OCT/archive/RetinalOCT_Dataset/RetinalOCT_Dataset/val/DME/dme_val_1077.jpg,1,512x512
test,DME,/media/miglab/DATA_20TB1/OCT/archive/RetinalOCT_Dataset/RetinalOCT_Dataset/test/DME/dme_test_1268.jpg,1,512x512
train,DME,/media/miglab/DATA_20TB1/OCT/archive/RetinalOCT_Dataset/RetinalOCT_Dataset/train/DME/dme_train_1502.jpg,1,512x512
train,DME,/media/miglab/DATA_20TB1/OCT/archive/RetinalOCT_Dataset/RetinalOCT_Dataset/train/DME/dme_train_1176.jpg,1,512x512
train,DME,/media/miglab/DATA_20TB1/OCT/archive/RetinalOCT_Dataset/RetinalOCT_Dataset/train/DME/dme_train_2860.jpg,1,512x512
val,DME,/media/miglab/DATA_20TB1/OCT/archive/RetinalOCT_Dataset/RetinalOCT_Dataset/val/DME/dme_val_1091.jpg,1,512x512
train,DME,/media/miglab/DATA_20TB1/OCT/archive/RetinalOCT_Dataset/RetinalOCT_Dataset/train/DME/dme_train_2345.jpg,1,512x512
train,DME,/media/miglab/DATA_20TB1/OCT/archive/RetinalOCT_Dataset/RetinalOCT_Dataset/train/DME/dme_train_2104.jpg,1,512x512
train,DME,/media/miglab/DATA_20TB1/OCT/archive/RetinalOCT_Dataset/RetinalOCT_Dataset/train/DME/dme_train_2781.jpg,1,512x512
train,DME,/media/miglab/DATA_20TB1/OCT/archive/RetinalOCT_Dataset/RetinalOCT_Dataset/train/DME/dme_train_1807.jpg,1,512x512
val,DME,/media/miglab/DATA_20TB1/OCT/archive/RetinalOCT_Dataset/RetinalOCT_Dataset/val/DME/dme_val_1302.jpg,1,512x512
train,DME,/media/miglab/DATA_20TB1/OCT/archive/RetinalOCT_Dataset/RetinalOCT_Dataset/train/DME/dme_train_1418.jpg,1,512x512
train,DME,/media/miglab/DATA_20TB1/OCT/archive/RetinalOCT_Dataset/RetinalOCT_Dataset/train/DME/dme_train_2459.jpg,1,512x512
train,DME,/media/miglab/DATA_20TB1/OCT/archive/RetinalOCT_Dataset/RetinalOCT_Dataset/train/DME/dme_train_2107.jpg,1,512x512
train,DME,/media/miglab/DATA_20TB1/OCT/archive/RetinalOCT_Dataset/RetinalOCT_Dataset/train/DME/dme_train_2315.jpg,1,512x512
train,DME,/media/miglab/DATA_20TB1/OCT/archive/RetinalOCT_Dataset/RetinalOCT_Dataset/train/DME/dme_train_2448.jpg,1,512x512
train,DME,/media/miglab/DATA_20TB1/OCT/archive/RetinalOCT_Dataset/RetinalOCT_Dataset/train/DME/dme_train_2663.jpg,1,512x512
train,DME,/media/miglab/DATA_20TB1/OCT/archive/RetinalOCT_Dataset/RetinalOCT_Dataset/train/DME/dme_train_1033.jpg,1,512x512
val,DME,/media/miglab/DATA_20TB1/OCT/archive/RetinalOCT_Dataset/RetinalOCT_Dataset/val/DME/dme_val_1160.jpg,1,512x512
train,DME,/media/miglab/DATA_20TB1/OCT/archive/RetinalOCT_Dataset/RetinalOCT_Dataset/train/DME/dme_train_1103.jpg,1,512x512
train,DME,/media/miglab/DATA_20TB1/OCT/archive/RetinalOCT_Dataset/RetinalOCT_Dataset/train/DME/dme_train_2378.jpg,1,512x512
train,DME,/media/miglab/DATA_20TB1/OCT/archive/RetinalOCT_Dataset/RetinalOCT_Dataset/train/DME/dme_train_1509.jpg,1,512x512
train,DME,/media/miglab/DATA_20TB1/OCT/archive/RetinalOCT_Dataset/RetinalOCT_Dataset/train/DME/dme_train_3033.jpg,1,512x512
train,DME,/media/miglab/DATA_20TB1/OCT/archive/RetinalOCT_Dataset/RetinalOCT_Dataset/train/DME/dme_train_1902.jpg,1,512x512
train,DME,/media/miglab/DATA_20TB1/OCT/archive/RetinalOCT_Dataset/RetinalOCT_Dataset/train/DME/dme_train_1884.jpg,1,512x512
train,DME,/media/miglab/DATA_20TB1/OCT/archive/RetinalOCT_Dataset/RetinalOCT_Dataset/train/DME/dme_train_2857.jpg,1,512x512
train,DME,/media/miglab/DATA_20TB1/OCT/archive/RetinalOCT_Dataset/RetinalOCT_Dataset/train/DME/dme_train_1752.jpg,1,512x512
train,DME,/media/miglab/DATA_20TB1/OCT/archive/RetinalOCT_Dataset/RetinalOCT_Dataset/train/DME/dme_train_2915.jpg,1,512x512
test,DME,/media/miglab/DATA_20TB1/OCT/archive/RetinalOCT_Dataset/RetinalOCT_Dataset/test/DME/dme_test_1163.jpg,1,512x512
test,DME,/media/miglab/DATA_20TB1/OCT/archive/RetinalOCT_Dataset/RetinalOCT_Dataset/test/DME/dme_test_1348.jpg,1,512x512
train,DME,/media/miglab/DATA_20TB1/OCT/archive/RetinalOCT_Dataset/RetinalOCT_Dataset/train/DME/dme_train_2065.jpg,1,512x512
train,DME,/media/miglab/DATA_20TB1/OCT/archive/RetinalOCT_Dataset/RetinalOCT_Dataset/train/DME/dme_train_1719.jpg,1,512x512
test,DME,/media/miglab/DATA_20TB1/OCT/archive/RetinalOCT_Dataset/RetinalOCT_Dataset/test/DME/dme_test_1167.jpg,1,512x512
train,DME,/media/miglab/DATA_20TB1/OCT/archive/RetinalOCT_Dataset/RetinalOCT_Dataset/train/DME/dme_train_1129.jpg,1,512x512
train,DME,/media/miglab/DATA_20TB1/OCT/archive/RetinalOCT_Dataset/RetinalOCT_Dataset/train/DME/dme_train_1631.jpg,1,512x512
test,DME,/media/miglab/DATA_20TB1/OCT/archive/RetinalOCT_Dataset/RetinalOCT_Dataset/test/DME/dme_test_1081.jpg,1,512x512
train,DME,/media/miglab/DATA_20TB1/OCT/archive/RetinalOCT_Dataset/RetinalOCT_Dataset/train/DME/dme_train_1794.jpg,1,512x512
train,DME,/media/miglab/DATA_20TB1/OCT/archive/RetinalOCT_Dataset/RetinalOCT_Dataset/train/DME/dme_train_1690.jpg,1,512x512
train,DME,/media/miglab/DATA_20TB1/OCT/archive/RetinalOCT_Dataset/RetinalOCT_Dataset/train/DME/dme_train_2457.jpg,1,512x512
val,DME,/media/miglab/DATA_20TB1/OCT/archive/RetinalOCT_Dataset/RetinalOCT_Dataset/val/DME/dme_val_1125.jpg,1,512x512
val,DME,/media/miglab/DATA_20TB1/OCT/archive/RetinalOCT_Dataset/RetinalOCT_Dataset/val/DME/dme_val_1320.jpg,1,512x512
val,DME,/media/miglab/DATA_20TB1/OCT/archive/RetinalOCT_Dataset/RetinalOCT_Dataset/val/DME/dme_val_1321.jpg,1,512x512
train,DME,/media/miglab/DATA_20TB1/OCT/archive/RetinalOCT_Dataset/RetinalOCT_Dataset/train/DME/dme_train_2812.jpg,1,512x512
test,DME,/media/miglab/DATA_20TB1/OCT/archive/RetinalOCT_Dataset/RetinalOCT_Dataset/test/DME/dme_test_1298.jpg,1,512x512
val,DME,/media/miglab/DATA_20TB1/OCT/archive/RetinalOCT_Dataset/RetinalOCT_Dataset/val/DME/dme_val_1053.jpg,1,512x512
val,DME,/media/miglab/DATA_20TB1/OCT/archive/RetinalOCT_Dataset/RetinalOCT_Dataset/val/DME/dme_val_1248.jpg,1,512x512
test,DME,/media/miglab/DATA_20TB1/OCT/archive/RetinalOCT_Dataset/RetinalOCT_Dataset/test/DME/dme_test_1148.jpg,1,512x512
test,DME,/media/miglab/DATA_20TB1/OCT/archive/RetinalOCT_Dataset/RetinalOCT_Dataset/test/DME/dme_test_1100.jpg,1,512x512
train,DME,/media/miglab/DATA_20TB1/OCT/archive/RetinalOCT_Dataset/RetinalOCT_Dataset/train/DME/dme_train_1127.jpg,1,512x512
train,DME,/media/miglab/DATA_20TB1/OCT/archive/RetinalOCT_Dataset/RetinalOCT_Dataset/train/DME/dme_train_1469.jpg,1,512x512
train,DME,/media/miglab/DATA_20TB1/OCT/archive/RetinalOCT_Dataset/RetinalOCT_Dataset/train/DME/dme_train_2307.jpg,1,512x512
val,DME,/media/miglab/DATA_20TB1/OCT/archive/RetinalOCT_Dataset/RetinalOCT_Dataset/val/DME/dme_val_1144.jpg,1,512x512
test,DME,/media/miglab/DATA_20TB1/OCT/archive/RetinalOCT_Dataset/RetinalOCT_Dataset/test/DME/dme_test_1002.jpg,1,512x512
train,DME,/media/miglab/DATA_20TB1/OCT/archive/RetinalOCT_Dataset/RetinalOCT_Dataset/train/DME/dme_train_1822.jpg,1,512x512
train,DME,/media/miglab/DATA_20TB1/OCT/archive/RetinalOCT_Dataset/RetinalOCT_Dataset/train/DME/dme_train_1642.jpg,1,512x512
train,DME,/media/miglab/DATA_20TB1/OCT/archive/RetinalOCT_Dataset/RetinalOCT_Dataset/train/DME/dme_train_2965.jpg,1,512x512
train,DME,/media/miglab/DATA_20TB1/OCT/archive/RetinalOCT_Dataset/RetinalOCT_Dataset/train/DME/dme_train_2138.jpg,1,512x512
train,DME,/media/miglab/DATA_20TB1/OCT/archive/RetinalOCT_Dataset/RetinalOCT_Dataset/train/DME/dme_train_1236.jpg,1,512x512
train,DME,/media/miglab/DATA_20TB1/OCT/archive/RetinalOCT_Dataset/RetinalOCT_Dataset/train/DME/dme_train_1164.jpg,1,512x512
train,DME,/media/miglab/DATA_20TB1/OCT/archive/RetinalOCT_Dataset/RetinalOCT_Dataset/train/DME/dme_train_2852.jpg,1,512x512
train,DME,/media/miglab/DATA_20TB1/OCT/archive/RetinalOCT_Dataset/RetinalOCT_Dataset/train/DME/dme_train_2365.jpg,1,512x512
train,DME,/media/miglab/DATA_20TB1/OCT/archive/RetinalOCT_Dataset/RetinalOCT_Dataset/train/DME/dme_train_3285.jpg,1,512x512
train,DME,/media/miglab/DATA_20TB1/OCT/archive/RetinalOCT_Dataset/RetinalOCT_Dataset/train/DME/dme_train_2759.jpg,1,512x512
train,DME,/media/miglab/DATA_20TB1/OCT/archive/RetinalOCT_Dataset/RetinalOCT_Dataset/train/DME/dme_train_2884.jpg,1,512x512
train,DME,/media/miglab/DATA_20TB1/OCT/archive/RetinalOCT_Dataset/RetinalOCT_Dataset/train/DME/dme_train_2023.jpg,1,512x512
test,DME,/media/miglab/DATA_20TB1/OCT/archive/RetinalOCT_Dataset/RetinalOCT_Dataset/test/DME/dme_test_1183.jpg,1,512x512
train,DME,/media/miglab/DATA_20TB1/OCT/archive/RetinalOCT_Dataset/RetinalOCT_Dataset/train/DME/dme_train_1922.jpg,1,512x512
train,DME,/media/miglab/DATA_20TB1/OCT/archive/RetinalOCT_Dataset/RetinalOCT_Dataset/train/DME/dme_train_1793.jpg,1,512x512
train,DME,/media/miglab/DATA_20TB1/OCT/archive/RetinalOCT_Dataset/RetinalOCT_Dataset/train/DME/dme_train_2460.jpg,1,512x512
train,DME,/media/miglab/DATA_20TB1/OCT/archive/RetinalOCT_Dataset/RetinalOCT_Dataset/train/DME/dme_train_1736.jpg,1,512x512
test,DME,/media/miglab/DATA_20TB1/OCT/archive/RetinalOCT_Dataset/RetinalOCT_Dataset/test/DME/dme_test_1283.jpg,1,512x512
test,DME,/media/miglab/DATA_20TB1/OCT/archive/RetinalOCT_Dataset/RetinalOCT_Dataset/test/DME/dme_test_1057.jpg,1,512x512
train,DME,/media/miglab/DATA_20TB1/OCT/archive/RetinalOCT_Dataset/RetinalOCT_Dataset/train/DME/dme_train_2091.jpg,1,512x512
train,DME,/media/miglab/DATA_20TB1/OCT/archive/RetinalOCT_Dataset/RetinalOCT_Dataset/train/DME/dme_train_3258.jpg,1,512x512
train,DME,/media/miglab/DATA_20TB1/OCT/archive/RetinalOCT_Dataset/RetinalOCT_Dataset/train/DME/dme_train_1883.jpg,1,512x512
test,DME,/media/miglab/DATA_20TB1/OCT/archive/RetinalOCT_Dataset/RetinalOCT_Dataset/test/DME/dme_test_1096.jpg,1,512x512
val,DME,/media/miglab/DATA_20TB1/OCT/archive/RetinalOCT_Dataset/RetinalOCT_Dataset/val/DME/dme_val_1288.jpg,1,512x512
train,DME,/media/miglab/DATA_20TB1/OCT/archive/RetinalOCT_Dataset/RetinalOCT_Dataset/train/DME/dme_train_2767.jpg,1,512x512
test,DME,/media/miglab/DATA_20TB1/OCT/archive/RetinalOCT_Dataset/RetinalOCT_Dataset/test/DME/dme_test_1103.jpg,1,512x512
train,DME,/media/miglab/DATA_20TB1/OCT/archive/RetinalOCT_Dataset/RetinalOCT_Dataset/train/DME/dme_train_2928.jpg,1,512x512
train,DME,/media/miglab/DATA_20TB1/OCT/archive/RetinalOCT_Dataset/RetinalOCT_Dataset/train/DME/dme_train_2477.jpg,1,512x512
train,DME,/media/miglab/DATA_20TB1/OCT/archive/RetinalOCT_Dataset/RetinalOCT_Dataset/train/DME/dme_train_2932.jpg,1,512x512
train,DME,/media/miglab/DATA_20TB1/OCT/archive/RetinalOCT_Dataset/RetinalOCT_Dataset/train/DME/dme_train_2336.jpg,1,512x512
train,DME,/media/miglab/DATA_20TB1/OCT/archive/RetinalOCT_Dataset/RetinalOCT_Dataset/train/DME/dme_train_3236.jpg,1,512x512
train,DME,/media/miglab/DATA_20TB1/OCT/archive/RetinalOCT_Dataset/RetinalOCT_Dataset/train/DME/dme_train_2666.jpg,1,512x512
val,DME,/media/miglab/DATA_20TB1/OCT/archive/RetinalOCT_Dataset/RetinalOCT_Dataset/val/DME/dme_val_1344.jpg,1,512x512
val,DME,/media/miglab/DATA_20TB1/OCT/archive/RetinalOCT_Dataset/RetinalOCT_Dataset/val/DME/dme_val_1013.jpg,1,512x512
train,DME,/media/miglab/DATA_20TB1/OCT/archive/RetinalOCT_Dataset/RetinalOCT_Dataset/train/DME/dme_train_1698.jpg,1,512x512
train,DME,/media/miglab/DATA_20TB1/OCT/archive/RetinalOCT_Dataset/RetinalOCT_Dataset/train/DME/dme_train_2588.jpg,1,512x512
train,DME,/media/miglab/DATA_20TB1/OCT/archive/RetinalOCT_Dataset/RetinalOCT_Dataset/train/DME/dme_train_2468.jpg,1,512x512
train,DME,/media/miglab/DATA_20TB1/OCT/archive/RetinalOCT_Dataset/RetinalOCT_Dataset/train/DME/dme_train_1273.jpg,1,512x512
train,DME,/media/miglab/DATA_20TB1/OCT/archive/RetinalOCT_Dataset/RetinalOCT_Dataset/train/DME/dme_train_1462.jpg,1,512x512
train,DME,/media/miglab/DATA_20TB1/OCT/archive/RetinalOCT_Dataset/RetinalOCT_Dataset/train/DME/dme_train_2842.jpg,1,512x512
train,DME,/media/miglab/DATA_20TB1/OCT/archive/RetinalOCT_Dataset/RetinalOCT_Dataset/train/DME/dme_train_1591.jpg,1,512x512
val,DME,/media/miglab/DATA_20TB1/OCT/archive/RetinalOCT_Dataset/RetinalOCT_Dataset/val/DME/dme_val_1079.jpg,1,512x512
train,DME,/media/miglab/DATA_20TB1/OCT/archive/RetinalOCT_Dataset/RetinalOCT_Dataset/train/DME/dme_train_2377.jpg,1,512x512
train,DME,/media/miglab/DATA_20TB1/OCT/archive/RetinalOCT_Dataset/RetinalOCT_Dataset/train/DME/dme_train_1254.jpg,1,512x512
train,DME,/media/miglab/DATA_20TB1/OCT/archive/RetinalOCT_Dataset/RetinalOCT_Dataset/train/DME/dme_train_1892.jpg,1,512x512
val,DME,/media/miglab/DATA_20TB1/OCT/archive/RetinalOCT_Dataset/RetinalOCT_Dataset/val/DME/dme_val_1014.jpg,1,512x512
train,DME,/media/miglab/DATA_20TB1/OCT/archive/RetinalOCT_Dataset/RetinalOCT_Dataset/train/DME/dme_train_1936.jpg,1,512x512
test,DME,/media/miglab/DATA_20TB1/OCT/archive/RetinalOCT_Dataset/RetinalOCT_Dataset/test/DME/dme_test_1008.jpg,1,512x512
train,DME,/media/miglab/DATA_20TB1/OCT/archive/RetinalOCT_Dataset/RetinalOCT_Dataset/train/DME/dme_train_2009.jpg,1,512x512
train,DME,/media/miglab/DATA_20TB1/OCT/archive/RetinalOCT_Dataset/RetinalOCT_Dataset/train/DME/dme_train_2595.jpg,1,512x512
train,DME,/media/miglab/DATA_20TB1/OCT/archive/RetinalOCT_Dataset/RetinalOCT_Dataset/train/DME/dme_train_1781.jpg,1,512x512
train,DME,/media/miglab/DATA_20TB1/OCT/archive/RetinalOCT_Dataset/RetinalOCT_Dataset/train/DME/dme_train_2705.jpg,1,512x512
train,DME,/media/miglab/DATA_20TB1/OCT/archive/RetinalOCT_Dataset/RetinalOCT_Dataset/train/DME/dme_train_1570.jpg,1,512x512
test,DME,/media/miglab/DATA_20TB1/OCT/archive/RetinalOCT_Dataset/RetinalOCT_Dataset/test/DME/dme_test_1260.jpg,1,512x512
train,DME,/media/miglab/DATA_20TB1/OCT/archive/RetinalOCT_Dataset/RetinalOCT_Dataset/train/DME/dme_train_2236.jpg,1,512x512
train,DME,/media/miglab/DATA_20TB1/OCT/archive/RetinalOCT_Dataset/RetinalOCT_Dataset/train/DME/dme_train_2355.jpg,1,512x512
train,DME,/media/miglab/DATA_20TB1/OCT/archive/RetinalOCT_Dataset/RetinalOCT_Dataset/train/DME/dme_train_1983.jpg,1,512x512
train,DME,/media/miglab/DATA_20TB1/OCT/archive/RetinalOCT_Dataset/RetinalOCT_Dataset/train/DME/dme_train_2771.jpg,1,512x512
test,DME,/media/miglab/DATA_20TB1/OCT/archive/RetinalOCT_Dataset/RetinalOCT_Dataset/test/DME/dme_test_1041.jpg,1,512x512
train,DME,/media/miglab/DATA_20TB1/OCT/archive/RetinalOCT_Dataset/RetinalOCT_Dataset/train/DME/dme_train_1974.jpg,1,512x512
train,DME,/media/miglab/DATA_20TB1/OCT/archive/RetinalOCT_Dataset/RetinalOCT_Dataset/train/DME/dme_train_1470.jpg,1,512x512
train,DME,/media/miglab/DATA_20TB1/OCT/archive/RetinalOCT_Dataset/RetinalOCT_Dataset/train/DME/dme_train_2618.jpg,1,512x512
val,DME,/media/miglab/DATA_20TB1/OCT/archive/RetinalOCT_Dataset/RetinalOCT_Dataset/val/DME/dme_val_1237.jpg,1,512x512
test,DME,/media/miglab/DATA_20TB1/OCT/archive/RetinalOCT_Dataset/RetinalOCT_Dataset/test/DME/dme_test_1342.jpg,1,512x512
train,DME,/media/miglab/DATA_20TB1/OCT/archive/RetinalOCT_Dataset/RetinalOCT_Dataset/train/DME/dme_train_2821.jpg,1,512x512
train,DME,/media/miglab/DATA_20TB1/OCT/archive/RetinalOCT_Dataset/RetinalOCT_Dataset/train/DME/dme_train_2876.jpg,1,512x512
train,DME,/media/miglab/DATA_20TB1/OCT/archive/RetinalOCT_Dataset/RetinalOCT_Dataset/train/DME/dme_train_1779.jpg,1,512x512
train,DME,/media/miglab/DATA_20TB1/OCT/archive/RetinalOCT_Dataset/RetinalOCT_Dataset/train/DME/dme_train_2874.jpg,1,512x512
train,DME,/media/miglab/DATA_20TB1/OCT/archive/RetinalOCT_Dataset/RetinalOCT_Dataset/train/DME/dme_train_2379.jpg,1,512x512
train,DME,/media/miglab/DATA_20TB1/OCT/archive/RetinalOCT_Dataset/RetinalOCT_Dataset/train/DME/dme_train_2256.jpg,1,512x512
train,DME,/media/miglab/DATA_20TB1/OCT/archive/RetinalOCT_Dataset/RetinalOCT_Dataset/train/DME/dme_train_2044.jpg,1,512x512
train,DME,/media/miglab/DATA_20TB1/OCT/archive/RetinalOCT_Dataset/RetinalOCT_Dataset/train/DME/dme_train_2498.jpg,1,512x512
train,DME,/media/miglab/DATA_20TB1/OCT/archive/RetinalOCT_Dataset/RetinalOCT_Dataset/train/DME/dme_train_2245.jpg,1,512x512
train,DME,/media/miglab/DATA_20TB1/OCT/archive/RetinalOCT_Dataset/RetinalOCT_Dataset/train/DME/dme_train_2363.jpg,1,512x512
train,DME,/media/miglab/DATA_20TB1/OCT/archive/RetinalOCT_Dataset/RetinalOCT_Dataset/train/DME/dme_train_1208.jpg,1,512x512
train,DME,/media/miglab/DATA_20TB1/OCT/archive/RetinalOCT_Dataset/RetinalOCT_Dataset/train/DME/dme_train_2792.jpg,1,512x512
train,DME,/media/miglab/DATA_20TB1/OCT/archive/RetinalOCT_Dataset/RetinalOCT_Dataset/train/DME/dme_train_1117.jpg,1,512x512
train,DME,/media/miglab/DATA_20TB1/OCT/archive/RetinalOCT_Dataset/RetinalOCT_Dataset/train/DME/dme_train_3049.jpg,1,512x512
train,DME,/media/miglab/DATA_20TB1/OCT/archive/RetinalOCT_Dataset/RetinalOCT_Dataset/train/DME/dme_train_1608.jpg,1,512x512
train,DME,/media/miglab/DATA_20TB1/OCT/archive/RetinalOCT_Dataset/RetinalOCT_Dataset/train/DME/dme_train_1536.jpg,1,512x512
train,DME,/media/miglab/DATA_20TB1/OCT/archive/RetinalOCT_Dataset/RetinalOCT_Dataset/train/DME/dme_train_2582.jpg,1,512x512
train,DME,/media/miglab/DATA_20TB1/OCT/archive/RetinalOCT_Dataset/RetinalOCT_Dataset/train/DME/dme_train_1684.jpg,1,512x512
train,DME,/media/miglab/DATA_20TB1/OCT/archive/RetinalOCT_Dataset/RetinalOCT_Dataset/train/DME/dme_train_2246.jpg,1,512x512
train,DME,/media/miglab/DATA_20TB1/OCT/archive/RetinalOCT_Dataset/RetinalOCT_Dataset/train/DME/dme_train_2304.jpg,1,512x512
train,DME,/media/miglab/DATA_20TB1/OCT/archive/RetinalOCT_Dataset/RetinalOCT_Dataset/train/DME/dme_train_1653.jpg,1,512x512
train,DME,/media/miglab/DATA_20TB1/OCT/archive/RetinalOCT_Dataset/RetinalOCT_Dataset/train/DME/dme_train_1762.jpg,1,512x512
test,DME,/media/miglab/DATA_20TB1/OCT/archive/RetinalOCT_Dataset/RetinalOCT_Dataset/test/DME/dme_test_1155.jpg,1,512x512
val,DME,/media/miglab/DATA_20TB1/OCT/archive/RetinalOCT_Dataset/RetinalOCT_Dataset/val/DME/dme_val_1186.jpg,1,512x512
test,DME,/media/miglab/DATA_20TB1/OCT/archive/RetinalOCT_Dataset/RetinalOCT_Dataset/test/DME/dme_test_1339.jpg,1,512x512
train,DME,/media/miglab/DATA_20TB1/OCT/archive/RetinalOCT_Dataset/RetinalOCT_Dataset/train/DME/dme_train_1265.jpg,1,512x512
val,DME,/media/miglab/DATA_20TB1/OCT/archive/RetinalOCT_Dataset/RetinalOCT_Dataset/val/DME/dme_val_1118.jpg,1,512x512
train,DME,/media/miglab/DATA_20TB1/OCT/archive/RetinalOCT_Dataset/RetinalOCT_Dataset/train/DME/dme_train_1540.jpg,1,512x512
train,DME,/media/miglab/DATA_20TB1/OCT/archive/RetinalOCT_Dataset/RetinalOCT_Dataset/train/DME/dme_train_1245.jpg,1,512x512
train,DME,/media/miglab/DATA_20TB1/OCT/archive/RetinalOCT_Dataset/RetinalOCT_Dataset/train/DME/dme_train_2402.jpg,1,512x512
train,DME,/media/miglab/DATA_20TB1/OCT/archive/RetinalOCT_Dataset/RetinalOCT_Dataset/train/DME/dme_train_1394.jpg,1,512x512
train,DME,/media/miglab/DATA_20TB1/OCT/archive/RetinalOCT_Dataset/RetinalOCT_Dataset/train/DME/dme_train_2398.jpg,1,512x512
train,DME,/media/miglab/DATA_20TB1/OCT/archive/RetinalOCT_Dataset/RetinalOCT_Dataset/train/DME/dme_train_3251.jpg,1,512x512
train,DME,/media/miglab/DATA_20TB1/OCT/archive/RetinalOCT_Dataset/RetinalOCT_Dataset/train/DME/dme_train_1886.jpg,1,512x512
train,DME,/media/miglab/DATA_20TB1/OCT/archive/RetinalOCT_Dataset/RetinalOCT_Dataset/train/DME/dme_train_1162.jpg,1,512x512
train,DME,/media/miglab/DATA_20TB1/OCT/archive/RetinalOCT_Dataset/RetinalOCT_Dataset/train/DME/dme_train_1645.jpg,1,512x512
train,DME,/media/miglab/DATA_20TB1/OCT/archive/RetinalOCT_Dataset/RetinalOCT_Dataset/train/DME/dme_train_1913.jpg,1,512x512
train,DME,/media/miglab/DATA_20TB1/OCT/archive/RetinalOCT_Dataset/RetinalOCT_Dataset/train/DME/dme_train_1577.jpg,1,512x512
train,DME,/media/miglab/DATA_20TB1/OCT/archive/RetinalOCT_Dataset/RetinalOCT_Dataset/train/DME/dme_train_1784.jpg,1,512x512
train,DME,/media/miglab/DATA_20TB1/OCT/archive/RetinalOCT_Dataset/RetinalOCT_Dataset/train/DME/dme_train_2886.jpg,1,512x512
train,DME,/media/miglab/DATA_20TB1/OCT/archive/RetinalOCT_Dataset/RetinalOCT_Dataset/train/DME/dme_train_1486.jpg,1,512x512
train,DME,/media/miglab/DATA_20TB1/OCT/archive/RetinalOCT_Dataset/RetinalOCT_Dataset/train/DME/dme_train_2067.jpg,1,512x512
train,DME,/media/miglab/DATA_20TB1/OCT/archive/RetinalOCT_Dataset/RetinalOCT_Dataset/train/DME/dme_train_1881.jpg,1,512x512
test,DME,/media/miglab/DATA_20TB1/OCT/archive/RetinalOCT_Dataset/RetinalOCT_Dataset/test/DME/dme_test_1105.jpg,1,512x512
train,DME,/media/miglab/DATA_20TB1/OCT/archive/RetinalOCT_Dataset/RetinalOCT_Dataset/train/DME/dme_train_3023.jpg,1,512x512
train,DME,/media/miglab/DATA_20TB1/OCT/archive/RetinalOCT_Dataset/RetinalOCT_Dataset/train/DME/dme_train_2247.jpg,1,512x512
val,DME,/media/miglab/DATA_20TB1/OCT/archive/RetinalOCT_Dataset/RetinalOCT_Dataset/val/DME/dme_val_1289.jpg,1,512x512
train,DME,/media/miglab/DATA_20TB1/OCT/archive/RetinalOCT_Dataset/RetinalOCT_Dataset/train/DME/dme_train_2963.jpg,1,512x512
val,DME,/media/miglab/DATA_20TB1/OCT/archive/RetinalOCT_Dataset/RetinalOCT_Dataset/val/DME/dme_val_1030.jpg,1,512x512
train,DME,/media/miglab/DATA_20TB1/OCT/archive/RetinalOCT_Dataset/RetinalOCT_Dataset/train/DME/dme_train_2029.jpg,1,512x512
train,DME,/media/miglab/DATA_20TB1/OCT/archive/RetinalOCT_Dataset/RetinalOCT_Dataset/train/DME/dme_train_2563.jpg,1,512x512
train,DME,/media/miglab/DATA_20TB1/OCT/archive/RetinalOCT_Dataset/RetinalOCT_Dataset/train/DME/dme_train_1224.jpg,1,512x512
train,DME,/media/miglab/DATA_20TB1/OCT/archive/RetinalOCT_Dataset/RetinalOCT_Dataset/train/DME/dme_train_3129.jpg,1,512x512
train,DME,/media/miglab/DATA_20TB1/OCT/archive/RetinalOCT_Dataset/RetinalOCT_Dataset/train/DME/dme_train_1800.jpg,1,512x512
train,DME,/media/miglab/DATA_20TB1/OCT/archive/RetinalOCT_Dataset/RetinalOCT_Dataset/train/DME/dme_train_1234.jpg,1,512x512
train,DME,/media/miglab/DATA_20TB1/OCT/archive/RetinalOCT_Dataset/RetinalOCT_Dataset/train/DME/dme_train_2815.jpg,1,512x512
train,DME,/media/miglab/DATA_20TB1/OCT/archive/RetinalOCT_Dataset/RetinalOCT_Dataset/train/DME/dme_train_2400.jpg,1,512x512
train,DME,/media/miglab/DATA_20TB1/OCT/archive/RetinalOCT_Dataset/RetinalOCT_Dataset/train/DME/dme_train_2734.jpg,1,512x512
train,DME,/media/miglab/DATA_20TB1/OCT/archive/RetinalOCT_Dataset/RetinalOCT_Dataset/train/DME/dme_train_2871.jpg,1,512x512
train,DME,/media/miglab/DATA_20TB1/OCT/archive/RetinalOCT_Dataset/RetinalOCT_Dataset/train/DME/dme_train_1276.jpg,1,512x512
train,DME,/media/miglab/DATA_20TB1/OCT/archive/RetinalOCT_Dataset/RetinalOCT_Dataset/train/DME/dme_train_1017.jpg,1,512x512
train,DME,/media/miglab/DATA_20TB1/OCT/archive/RetinalOCT_Dataset/RetinalOCT_Dataset/train/DME/dme_train_1630.jpg,1,512x512
train,DME,/media/miglab/DATA_20TB1/OCT/archive/RetinalOCT_Dataset/RetinalOCT_Dataset/train/DME/dme_train_1105.jpg,1,512x512
train,DME,/media/miglab/DATA_20TB1/OCT/archive/RetinalOCT_Dataset/RetinalOCT_Dataset/train/DME/dme_train_1262.jpg,1,512x512
train,DME,/media/miglab/DATA_20TB1/OCT/archive/RetinalOCT_Dataset/RetinalOCT_Dataset/train/DME/dme_train_2784.jpg,1,512x512
train,DME,/media/miglab/DATA_20TB1/OCT/archive/RetinalOCT_Dataset/RetinalOCT_Dataset/train/DME/dme_train_2880.jpg,1,512x512
train,DME,/media/miglab/DATA_20TB1/OCT/archive/RetinalOCT_Dataset/RetinalOCT_Dataset/train/DME/dme_train_1863.jpg,1,512x512
test,DME,/media/miglab/DATA_20TB1/OCT/archive/RetinalOCT_Dataset/RetinalOCT_Dataset/test/DME/dme_test_1303.jpg,1,512x512
val,DME,/media/miglab/DATA_20TB1/OCT/archive/RetinalOCT_Dataset/RetinalOCT_Dataset/val/DME/dme_val_1002.jpg,1,512x512
train,DME,/media/miglab/DATA_20TB1/OCT/archive/RetinalOCT_Dataset/RetinalOCT_Dataset/train/DME/dme_train_2325.jpg,1,512x512
train,DME,/media/miglab/DATA_20TB1/OCT/archive/RetinalOCT_Dataset/RetinalOCT_Dataset/train/DME/dme_train_2482.jpg,1,512x512
train,DME,/media/miglab/DATA_20TB1/OCT/archive/RetinalOCT_Dataset/RetinalOCT_Dataset/train/DME/dme_train_2273.jpg,1,512x512
train,DME,/media/miglab/DATA_20TB1/OCT/archive/RetinalOCT_Dataset/RetinalOCT_Dataset/train/DME/dme_train_2761.jpg,1,512x512
val,DME,/media/miglab/DATA_20TB1/OCT/archive/RetinalOCT_Dataset/RetinalOCT_Dataset/val/DME/dme_val_1280.jpg,1,512x512
val,DME,/media/miglab/DATA_20TB1/OCT/archive/RetinalOCT_Dataset/RetinalOCT_Dataset/val/DME/dme_val_1001.jpg,1,512x512
test,DME,/media/miglab/DATA_20TB1/OCT/archive/RetinalOCT_Dataset/RetinalOCT_Dataset/test/DME/dme_test_1225.jpg,1,512x512
test,DME,/media/miglab/DATA_20TB1/OCT/archive/RetinalOCT_Dataset/RetinalOCT_Dataset/test/DME/dme_test_1156.jpg,1,512x512
train,DME,/media/miglab/DATA_20TB1/OCT/archive/RetinalOCT_Dataset/RetinalOCT_Dataset/train/DME/dme_train_2927.jpg,1,512x512
train,DME,/media/miglab/DATA_20TB1/OCT/archive/RetinalOCT_Dataset/RetinalOCT_Dataset/train/DME/dme_train_2086.jpg,1,512x512
train,DME,/media/miglab/DATA_20TB1/OCT/archive/RetinalOCT_Dataset/RetinalOCT_Dataset/train/DME/dme_train_1173.jpg,1,512x512
train,DME,/media/miglab/DATA_20TB1/OCT/archive/RetinalOCT_Dataset/RetinalOCT_Dataset/train/DME/dme_train_2911.jpg,1,512x512
train,DME,/media/miglab/DATA_20TB1/OCT/archive/RetinalOCT_Dataset/RetinalOCT_Dataset/train/DME/dme_train_3052.jpg,1,512x512
test,DME,/media/miglab/DATA_20TB1/OCT/archive/RetinalOCT_Dataset/RetinalOCT_Dataset/test/DME/dme_test_1118.jpg,1,512x512
train,DME,/media/miglab/DATA_20TB1/OCT/archive/RetinalOCT_Dataset/RetinalOCT_Dataset/train/DME/dme_train_1953.jpg,1,512x512
train,DME,/media/miglab/DATA_20TB1/OCT/archive/RetinalOCT_Dataset/RetinalOCT_Dataset/train/DME/dme_train_2352.jpg,1,512x512
train,DME,/media/miglab/DATA_20TB1/OCT/archive/RetinalOCT_Dataset/RetinalOCT_Dataset/train/DME/dme_train_1894.jpg,1,512x512
train,DME,/media/miglab/DATA_20TB1/OCT/archive/RetinalOCT_Dataset/RetinalOCT_Dataset/train/DME/dme_train_1305.jpg,1,512x512
val,DME,/media/miglab/DATA_20TB1/OCT/archive/RetinalOCT_Dataset/RetinalOCT_Dataset/val/DME/dme_val_1277.jpg,1,512x512
test,DME,/media/miglab/DATA_20TB1/OCT/archive/RetinalOCT_Dataset/RetinalOCT_Dataset/test/DME/dme_test_1116.jpg,1,512x512
train,DME,/media/miglab/DATA_20TB1/OCT/archive/RetinalOCT_Dataset/RetinalOCT_Dataset/train/DME/dme_train_1216.jpg,1,512x512
val,DME,/media/miglab/DATA_20TB1/OCT/archive/RetinalOCT_Dataset/RetinalOCT_Dataset/val/DME/dme_val_1027.jpg,1,512x512
train,DME,/media/miglab/DATA_20TB1/OCT/archive/RetinalOCT_Dataset/RetinalOCT_Dataset/train/DME/dme_train_2631.jpg,1,512x512
train,DME,/media/miglab/DATA_20TB1/OCT/archive/RetinalOCT_Dataset/RetinalOCT_Dataset/train/DME/dme_train_3044.jpg,1,512x512
train,DME,/media/miglab/DATA_20TB1/OCT/archive/RetinalOCT_Dataset/RetinalOCT_Dataset/train/DME/dme_train_2601.jpg,1,512x512
train,DME,/media/miglab/DATA_20TB1/OCT/archive/RetinalOCT_Dataset/RetinalOCT_Dataset/train/DME/dme_train_3231.jpg,1,512x512
test,DME,/media/miglab/DATA_20TB1/OCT/archive/RetinalOCT_Dataset/RetinalOCT_Dataset/test/DME/dme_test_1241.jpg,1,512x512
train,DME,/media/miglab/DATA_20TB1/OCT/archive/RetinalOCT_Dataset/RetinalOCT_Dataset/train/DME/dme_train_2526.jpg,1,512x512
val,DME,/media/miglab/DATA_20TB1/OCT/archive/RetinalOCT_Dataset/RetinalOCT_Dataset/val/DME/dme_val_1283.jpg,1,512x512
val,DME,/media/miglab/DATA_20TB1/OCT/archive/RetinalOCT_Dataset/RetinalOCT_Dataset/val/DME/dme_val_1319.jpg,1,512x512
train,DME,/media/miglab/DATA_20TB1/OCT/archive/RetinalOCT_Dataset/RetinalOCT_Dataset/train/DME/dme_train_2001.jpg,1,512x512
train,DME,/media/miglab/DATA_20TB1/OCT/archive/RetinalOCT_Dataset/RetinalOCT_Dataset/train/DME/dme_train_2242.jpg,1,512x512
train,DME,/media/miglab/DATA_20TB1/OCT/archive/RetinalOCT_Dataset/RetinalOCT_Dataset/train/DME/dme_train_3261.jpg,1,512x512
train,DME,/media/miglab/DATA_20TB1/OCT/archive/RetinalOCT_Dataset/RetinalOCT_Dataset/train/DME/dme_train_2949.jpg,1,512x512
train,DME,/media/miglab/DATA_20TB1/OCT/archive/RetinalOCT_Dataset/RetinalOCT_Dataset/train/DME/dme_train_2643.jpg,1,512x512
train,DME,/media/miglab/DATA_20TB1/OCT/archive/RetinalOCT_Dataset/RetinalOCT_Dataset/train/DME/dme_train_2639.jpg,1,512x512
train,DME,/media/miglab/DATA_20TB1/OCT/archive/RetinalOCT_Dataset/RetinalOCT_Dataset/train/DME/dme_train_2522.jpg,1,512x512
train,DME,/media/miglab/DATA_20TB1/OCT/archive/RetinalOCT_Dataset/RetinalOCT_Dataset/train/DME/dme_train_2466.jpg,1,512x512
train,DME,/media/miglab/DATA_20TB1/OCT/archive/RetinalOCT_Dataset/RetinalOCT_Dataset/train/DME/dme_train_2492.jpg,1,512x512
train,DME,/media/miglab/DATA_20TB1/OCT/archive/RetinalOCT_Dataset/RetinalOCT_Dataset/train/DME/dme_train_1904.jpg,1,512x512
train,DME,/media/miglab/DATA_20TB1/OCT/archive/RetinalOCT_Dataset/RetinalOCT_Dataset/train/DME/dme_train_1174.jpg,1,512x512
train,DME,/media/miglab/DATA_20TB1/OCT/archive/RetinalOCT_Dataset/RetinalOCT_Dataset/train/DME/dme_train_2794.jpg,1,512x512
train,DME,/media/miglab/DATA_20TB1/OCT/archive/RetinalOCT_Dataset/RetinalOCT_Dataset/train/DME/dme_train_1182.jpg,1,512x512
train,DME,/media/miglab/DATA_20TB1/OCT/archive/RetinalOCT_Dataset/RetinalOCT_Dataset/train/DME/dme_train_2704.jpg,1,512x512
test,DME,/media/miglab/DATA_20TB1/OCT/archive/RetinalOCT_Dataset/RetinalOCT_Dataset/test/DME/dme_test_1257.jpg,1,512x512
train,DME,/media/miglab/DATA_20TB1/OCT/archive/RetinalOCT_Dataset/RetinalOCT_Dataset/train/DME/dme_train_1248.jpg,1,512x512
test,DME,/media/miglab/DATA_20TB1/OCT/archive/RetinalOCT_Dataset/RetinalOCT_Dataset/test/DME/dme_test_1030.jpg,1,512x512
train,DME,/media/miglab/DATA_20TB1/OCT/archive/RetinalOCT_Dataset/RetinalOCT_Dataset/train/DME/dme_train_1821.jpg,1,512x512
train,DME,/media/miglab/DATA_20TB1/OCT/archive/RetinalOCT_Dataset/RetinalOCT_Dataset/train/DME/dme_train_1027.jpg,1,512x512
test,DME,/media/miglab/DATA_20TB1/OCT/archive/RetinalOCT_Dataset/RetinalOCT_Dataset/test/DME/dme_test_1003.jpg,1,512x512
train,DME,/media/miglab/DATA_20TB1/OCT/archive/RetinalOCT_Dataset/RetinalOCT_Dataset/train/DME/dme_train_2012.jpg,1,512x512
train,DME,/media/miglab/DATA_20TB1/OCT/archive/RetinalOCT_Dataset/RetinalOCT_Dataset/train/DME/dme_train_1243.jpg,1,512x512
train,DME,/media/miglab/DATA_20TB1/OCT/archive/RetinalOCT_Dataset/RetinalOCT_Dataset/train/DME/dme_train_1908.jpg,1,512x512
train,DME,/media/miglab/DATA_20TB1/OCT/archive/RetinalOCT_Dataset/RetinalOCT_Dataset/train/DME/dme_train_1925.jpg,1,512x512
train,DME,/media/miglab/DATA_20TB1/OCT/archive/RetinalOCT_Dataset/RetinalOCT_Dataset/train/DME/dme_train_1585.jpg,1,512x512
test,DME,/media/miglab/DATA_20TB1/OCT/archive/RetinalOCT_Dataset/RetinalOCT_Dataset/test/DME/dme_test_1208.jpg,1,512x512
test,DME,/media/miglab/DATA_20TB1/OCT/archive/RetinalOCT_Dataset/RetinalOCT_Dataset/test/DME/dme_test_1198.jpg,1,512x512
val,DME,/media/miglab/DATA_20TB1/OCT/archive/RetinalOCT_Dataset/RetinalOCT_Dataset/val/DME/dme_val_1191.jpg,1,512x512
train,DME,/media/miglab/DATA_20TB1/OCT/archive/RetinalOCT_Dataset/RetinalOCT_Dataset/train/DME/dme_train_2777.jpg,1,512x512
train,DME,/media/miglab/DATA_20TB1/OCT/archive/RetinalOCT_Dataset/RetinalOCT_Dataset/train/DME/dme_train_1584.jpg,1,512x512
train,DME,/media/miglab/DATA_20TB1/OCT/archive/RetinalOCT_Dataset/RetinalOCT_Dataset/train/DME/dme_train_1196.jpg,1,512x512
val,DME,/media/miglab/DATA_20TB1/OCT/archive/RetinalOCT_Dataset/RetinalOCT_Dataset/val/DME/dme_val_1082.jpg,1,512x512
train,DME,/media/miglab/DATA_20TB1/OCT/archive/RetinalOCT_Dataset/RetinalOCT_Dataset/train/DME/dme_train_1729.jpg,1,512x512
test,DME,/media/miglab/DATA_20TB1/OCT/archive/RetinalOCT_Dataset/RetinalOCT_Dataset/test/DME/dme_test_1286.jpg,1,512x512
train,DME,/media/miglab/DATA_20TB1/OCT/archive/RetinalOCT_Dataset/RetinalOCT_Dataset/train/DME/dme_train_3051.jpg,1,512x512
train,DME,/media/miglab/DATA_20TB1/OCT/archive/RetinalOCT_Dataset/RetinalOCT_Dataset/train/DME/dme_train_1322.jpg,1,512x512
train,DME,/media/miglab/DATA_20TB1/OCT/archive/RetinalOCT_Dataset/RetinalOCT_Dataset/train/DME/dme_train_1924.jpg,1,512x512
train,DME,/media/miglab/DATA_20TB1/OCT/archive/RetinalOCT_Dataset/RetinalOCT_Dataset/train/DME/dme_train_1247.jpg,1,512x512
train,DME,/media/miglab/DATA_20TB1/OCT/archive/RetinalOCT_Dataset/RetinalOCT_Dataset/train/DME/dme_train_1065.jpg,1,512x512
train,DME,/media/miglab/DATA_20TB1/OCT/archive/RetinalOCT_Dataset/RetinalOCT_Dataset/train/DME/dme_train_2774.jpg,1,512x512
train,DME,/media/miglab/DATA_20TB1/OCT/archive/RetinalOCT_Dataset/RetinalOCT_Dataset/train/DME/dme_train_2788.jpg,1,512x512
train,DME,/media/miglab/DATA_20TB1/OCT/archive/RetinalOCT_Dataset/RetinalOCT_Dataset/train/DME/dme_train_2626.jpg,1,512x512
test,DME,/media/miglab/DATA_20TB1/OCT/archive/RetinalOCT_Dataset/RetinalOCT_Dataset/test/DME/dme_test_1112.jpg,1,512x512
test,DME,/media/miglab/DATA_20TB1/OCT/archive/RetinalOCT_Dataset/RetinalOCT_Dataset/test/DME/dme_test_1143.jpg,1,512x512
val,DME,/media/miglab/DATA_20TB1/OCT/archive/RetinalOCT_Dataset/RetinalOCT_Dataset/val/DME/dme_val_1032.jpg,1,512x512
train,DME,/media/miglab/DATA_20TB1/OCT/archive/RetinalOCT_Dataset/RetinalOCT_Dataset/train/DME/dme_train_2962.jpg,1,512x512
val,DME,/media/miglab/DATA_20TB1/OCT/archive/RetinalOCT_Dataset/RetinalOCT_Dataset/val/DME/dme_val_1270.jpg,1,512x512
train,DME,/media/miglab/DATA_20TB1/OCT/archive/RetinalOCT_Dataset/RetinalOCT_Dataset/train/DME/dme_train_1360.jpg,1,512x512
train,DME,/media/miglab/DATA_20TB1/OCT/archive/RetinalOCT_Dataset/RetinalOCT_Dataset/train/DME/dme_train_1124.jpg,1,512x512
train,DME,/media/miglab/DATA_20TB1/OCT/archive/RetinalOCT_Dataset/RetinalOCT_Dataset/train/DME/dme_train_2933.jpg,1,512x512
train,DME,/media/miglab/DATA_20TB1/OCT/archive/RetinalOCT_Dataset/RetinalOCT_Dataset/train/DME/dme_train_2233.jpg,1,512x512
train,DME,/media/miglab/DATA_20TB1/OCT/archive/RetinalOCT_Dataset/RetinalOCT_Dataset/train/DME/dme_train_1782.jpg,1,512x512
train,DME,/media/miglab/DATA_20TB1/OCT/archive/RetinalOCT_Dataset/RetinalOCT_Dataset/train/DME/dme_train_1106.jpg,1,512x512
train,DME,/media/miglab/DATA_20TB1/OCT/archive/RetinalOCT_Dataset/RetinalOCT_Dataset/train/DME/dme_train_2929.jpg,1,512x512
train,DME,/media/miglab/DATA_20TB1/OCT/archive/RetinalOCT_Dataset/RetinalOCT_Dataset/train/DME/dme_train_1680.jpg,1,512x512
val,DME,/media/miglab/DATA_20TB1/OCT/archive/RetinalOCT_Dataset/RetinalOCT_Dataset/val/DME/dme_val_1036.jpg,1,512x512
train,DME,/media/miglab/DATA_20TB1/OCT/archive/RetinalOCT_Dataset/RetinalOCT_Dataset/train/DME/dme_train_2603.jpg,1,512x512
train,DME,/media/miglab/DATA_20TB1/OCT/archive/RetinalOCT_Dataset/RetinalOCT_Dataset/train/DME/dme_train_1468.jpg,1,512x512
train,DME,/media/miglab/DATA_20TB1/OCT/archive/RetinalOCT_Dataset/RetinalOCT_Dataset/train/DME/dme_train_3277.jpg,1,512x512
train,DME,/media/miglab/DATA_20TB1/OCT/archive/RetinalOCT_Dataset/RetinalOCT_Dataset/train/DME/dme_train_2688.jpg,1,512x512
test,DME,/media/miglab/DATA_20TB1/OCT/archive/RetinalOCT_Dataset/RetinalOCT_Dataset/test/DME/dme_test_1228.jpg,1,512x512
test,DME,/media/miglab/DATA_20TB1/OCT/archive/RetinalOCT_Dataset/RetinalOCT_Dataset/test/DME/dme_test_1347.jpg,1,512x512
test,DME,/media/miglab/DATA_20TB1/OCT/archive/RetinalOCT_Dataset/RetinalOCT_Dataset/test/DME/dme_test_1263.jpg,1,512x512
test,DME,/media/miglab/DATA_20TB1/OCT/archive/RetinalOCT_Dataset/RetinalOCT_Dataset/test/DME/dme_test_1253.jpg,1,512x512
train,DME,/media/miglab/DATA_20TB1/OCT/archive/RetinalOCT_Dataset/RetinalOCT_Dataset/train/DME/dme_train_3250.jpg,1,512x512
train,DME,/media/miglab/DATA_20TB1/OCT/archive/RetinalOCT_Dataset/RetinalOCT_Dataset/train/DME/dme_train_2896.jpg,1,512x512
train,DME,/media/miglab/DATA_20TB1/OCT/archive/RetinalOCT_Dataset/RetinalOCT_Dataset/train/DME/dme_train_1597.jpg,1,512x512
train,DME,/media/miglab/DATA_20TB1/OCT/archive/RetinalOCT_Dataset/RetinalOCT_Dataset/train/DME/dme_train_2752.jpg,1,512x512
train,DME,/media/miglab/DATA_20TB1/OCT/archive/RetinalOCT_Dataset/RetinalOCT_Dataset/train/DME/dme_train_2763.jpg,1,512x512
train,DME,/media/miglab/DATA_20TB1/OCT/archive/RetinalOCT_Dataset/RetinalOCT_Dataset/train/DME/dme_train_1665.jpg,1,512x512
train,DME,/media/miglab/DATA_20TB1/OCT/archive/RetinalOCT_Dataset/RetinalOCT_Dataset/train/DME/dme_train_1638.jpg,1,512x512
train,DME,/media/miglab/DATA_20TB1/OCT/archive/RetinalOCT_Dataset/RetinalOCT_Dataset/train/DME/dme_train_2210.jpg,1,512x512
train,DME,/media/miglab/DATA_20TB1/OCT/archive/RetinalOCT_Dataset/RetinalOCT_Dataset/train/DME/dme_train_1756.jpg,1,512x512
train,DME,/media/miglab/DATA_20TB1/OCT/archive/RetinalOCT_Dataset/RetinalOCT_Dataset/train/DME/dme_train_2913.jpg,1,512x512
train,DME,/media/miglab/DATA_20TB1/OCT/archive/RetinalOCT_Dataset/RetinalOCT_Dataset/train/DME/dme_train_2848.jpg,1,512x512
train,DME,/media/miglab/DATA_20TB1/OCT/archive/RetinalOCT_Dataset/RetinalOCT_Dataset/train/DME/dme_train_1697.jpg,1,512x512
train,DME,/media/miglab/DATA_20TB1/OCT/archive/RetinalOCT_Dataset/RetinalOCT_Dataset/train/DME/dme_train_1699.jpg,1,512x512
train,DME,/media/miglab/DATA_20TB1/OCT/archive/RetinalOCT_Dataset/RetinalOCT_Dataset/train/DME/dme_train_1293.jpg,1,512x512
train,DME,/media/miglab/DATA_20TB1/OCT/archive/RetinalOCT_Dataset/RetinalOCT_Dataset/train/DME/dme_train_2278.jpg,1,512x512
train,DME,/media/miglab/DATA_20TB1/OCT/archive/RetinalOCT_Dataset/RetinalOCT_Dataset/train/DME/dme_train_1471.jpg,1,512x512
train,DME,/media/miglab/DATA_20TB1/OCT/archive/RetinalOCT_Dataset/RetinalOCT_Dataset/train/DME/dme_train_1189.jpg,1,512x512
train,DME,/media/miglab/DATA_20TB1/OCT/archive/RetinalOCT_Dataset/RetinalOCT_Dataset/train/DME/dme_train_1611.jpg,1,512x512
train,DME,/media/miglab/DATA_20TB1/OCT/archive/RetinalOCT_Dataset/RetinalOCT_Dataset/train/DME/dme_train_2339.jpg,1,512x512
test,DME,/media/miglab/DATA_20TB1/OCT/archive/RetinalOCT_Dataset/RetinalOCT_Dataset/test/DME/dme_test_1343.jpg,1,512x512
train,DME,/media/miglab/DATA_20TB1/OCT/archive/RetinalOCT_Dataset/RetinalOCT_Dataset/train/DME/dme_train_2483.jpg,1,512x512
train,DME,/media/miglab/DATA_20TB1/OCT/archive/RetinalOCT_Dataset/RetinalOCT_Dataset/train/DME/dme_train_2053.jpg,1,512x512
val,DME,/media/miglab/DATA_20TB1/OCT/archive/RetinalOCT_Dataset/RetinalOCT_Dataset/val/DME/dme_val_1092.jpg,1,512x512
train,DME,/media/miglab/DATA_20TB1/OCT/archive/RetinalOCT_Dataset/RetinalOCT_Dataset/train/DME/dme_train_2622.jpg,1,512x512
train,DME,/media/miglab/DATA_20TB1/OCT/archive/RetinalOCT_Dataset/RetinalOCT_Dataset/train/DME/dme_train_1687.jpg,1,512x512
train,DME,/media/miglab/DATA_20TB1/OCT/archive/RetinalOCT_Dataset/RetinalOCT_Dataset/train/DME/dme_train_3226.jpg,1,512x512
train,DME,/media/miglab/DATA_20TB1/OCT/archive/RetinalOCT_Dataset/RetinalOCT_Dataset/train/DME/dme_train_1714.jpg,1,512x512
train,DME,/media/miglab/DATA_20TB1/OCT/archive/RetinalOCT_Dataset/RetinalOCT_Dataset/train/DME/dme_train_1541.jpg,1,512x512
train,DME,/media/miglab/DATA_20TB1/OCT/archive/RetinalOCT_Dataset/RetinalOCT_Dataset/train/DME/dme_train_2147.jpg,1,512x512
train,DME,/media/miglab/DATA_20TB1/OCT/archive/RetinalOCT_Dataset/RetinalOCT_Dataset/train/DME/dme_train_1938.jpg,1,512x512
train,DME,/media/miglab/DATA_20TB1/OCT/archive/RetinalOCT_Dataset/RetinalOCT_Dataset/train/DME/dme_train_1270.jpg,1,512x512
train,DME,/media/miglab/DATA_20TB1/OCT/archive/RetinalOCT_Dataset/RetinalOCT_Dataset/train/DME/dme_train_1973.jpg,1,512x512
train,DME,/media/miglab/DATA_20TB1/OCT/archive/RetinalOCT_Dataset/RetinalOCT_Dataset/train/DME/dme_train_2271.jpg,1,512x512
train,DME,/media/miglab/DATA_20TB1/OCT/archive/RetinalOCT_Dataset/RetinalOCT_Dataset/train/DME/dme_train_2323.jpg,1,512x512
train,DME,/media/miglab/DATA_20TB1/OCT/archive/RetinalOCT_Dataset/RetinalOCT_Dataset/train/DME/dme_train_2308.jpg,1,512x512
val,DME,/media/miglab/DATA_20TB1/OCT/archive/RetinalOCT_Dataset/RetinalOCT_Dataset/val/DME/dme_val_1234.jpg,1,512x512
val,DME,/media/miglab/DATA_20TB1/OCT/archive/RetinalOCT_Dataset/RetinalOCT_Dataset/val/DME/dme_val_1100.jpg,1,512x512
train,DME,/media/miglab/DATA_20TB1/OCT/archive/RetinalOCT_Dataset/RetinalOCT_Dataset/train/DME/dme_train_1139.jpg,1,512x512
train,DME,/media/miglab/DATA_20TB1/OCT/archive/RetinalOCT_Dataset/RetinalOCT_Dataset/train/DME/dme_train_2487.jpg,1,512x512
train,DME,/media/miglab/DATA_20TB1/OCT/archive/RetinalOCT_Dataset/RetinalOCT_Dataset/train/DME/dme_train_2489.jpg,1,512x512
train,DME,/media/miglab/DATA_20TB1/OCT/archive/RetinalOCT_Dataset/RetinalOCT_Dataset/train/DME/dme_train_1626.jpg,1,512x512
train,DME,/media/miglab/DATA_20TB1/OCT/archive/RetinalOCT_Dataset/RetinalOCT_Dataset/train/DME/dme_train_2797.jpg,1,512x512
train,DME,/media/miglab/DATA_20TB1/OCT/archive/RetinalOCT_Dataset/RetinalOCT_Dataset/train/DME/dme_train_1316.jpg,1,512x512
train,DME,/media/miglab/DATA_20TB1/OCT/archive/RetinalOCT_Dataset/RetinalOCT_Dataset/train/DME/dme_train_2354.jpg,1,512x512
test,DME,/media/miglab/DATA_20TB1/OCT/archive/RetinalOCT_Dataset/RetinalOCT_Dataset/test/DME/dme_test_1073.jpg,1,512x512
train,DME,/media/miglab/DATA_20TB1/OCT/archive/RetinalOCT_Dataset/RetinalOCT_Dataset/train/DME/dme_train_3266.jpg,1,512x512
train,DME,/media/miglab/DATA_20TB1/OCT/archive/RetinalOCT_Dataset/RetinalOCT_Dataset/train/DME/dme_train_1112.jpg,1,512x512
train,DME,/media/miglab/DATA_20TB1/OCT/archive/RetinalOCT_Dataset/RetinalOCT_Dataset/train/DME/dme_train_2659.jpg,1,512x512
val,DME,/media/miglab/DATA_20TB1/OCT/archive/RetinalOCT_Dataset/RetinalOCT_Dataset/val/DME/dme_val_1150.jpg,1,512x512
train,DME,/media/miglab/DATA_20TB1/OCT/archive/RetinalOCT_Dataset/RetinalOCT_Dataset/train/DME/dme_train_2532.jpg,1,512x512
val,DME,/media/miglab/DATA_20TB1/OCT/archive/RetinalOCT_Dataset/RetinalOCT_Dataset/val/DME/dme_val_1116.jpg,1,512x512
train,DME,/media/miglab/DATA_20TB1/OCT/archive/RetinalOCT_Dataset/RetinalOCT_Dataset/train/DME/dme_train_2129.jpg,1,512x512
train,DME,/media/miglab/DATA_20TB1/OCT/archive/RetinalOCT_Dataset/RetinalOCT_Dataset/train/DME/dme_train_1077.jpg,1,512x512
train,DME,/media/miglab/DATA_20TB1/OCT/archive/RetinalOCT_Dataset/RetinalOCT_Dataset/train/DME/dme_train_2031.jpg,1,512x512
train,DME,/media/miglab/DATA_20TB1/OCT/archive/RetinalOCT_Dataset/RetinalOCT_Dataset/train/DME/dme_train_3139.jpg,1,512x512
train,DME,/media/miglab/DATA_20TB1/OCT/archive/RetinalOCT_Dataset/RetinalOCT_Dataset/train/DME/dme_train_2387.jpg,1,512x512
train,DME,/media/miglab/DATA_20TB1/OCT/archive/RetinalOCT_Dataset/RetinalOCT_Dataset/train/DME/dme_train_2862.jpg,1,512x512
train,DME,/media/miglab/DATA_20TB1/OCT/archive/RetinalOCT_Dataset/RetinalOCT_Dataset/train/DME/dme_train_1720.jpg,1,512x512
test,DME,/media/miglab/DATA_20TB1/OCT/archive/RetinalOCT_Dataset/RetinalOCT_Dataset/test/DME/dme_test_1244.jpg,1,512x512
train,DME,/media/miglab/DATA_20TB1/OCT/archive/RetinalOCT_Dataset/RetinalOCT_Dataset/train/DME/dme_train_2591.jpg,1,512x512
train,DME,/media/miglab/DATA_20TB1/OCT/archive/RetinalOCT_Dataset/RetinalOCT_Dataset/train/DME/dme_train_1251.jpg,1,512x512
train,DME,/media/miglab/DATA_20TB1/OCT/archive/RetinalOCT_Dataset/RetinalOCT_Dataset/train/DME/dme_train_1544.jpg,1,512x512
train,DME,/media/miglab/DATA_20TB1/OCT/archive/RetinalOCT_Dataset/RetinalOCT_Dataset/train/DME/dme_train_3048.jpg,1,512x512
val,DME,/media/miglab/DATA_20TB1/OCT/archive/RetinalOCT_Dataset/RetinalOCT_Dataset/val/DME/dme_val_1317.jpg,1,512x512
train,DME,/media/miglab/DATA_20TB1/OCT/archive/RetinalOCT_Dataset/RetinalOCT_Dataset/train/DME/dme_train_2126.jpg,1,512x512
train,DME,/media/miglab/DATA_20TB1/OCT/archive/RetinalOCT_Dataset/RetinalOCT_Dataset/train/DME/dme_train_3238.jpg,1,512x512
val,DME,/media/miglab/DATA_20TB1/OCT/archive/RetinalOCT_Dataset/RetinalOCT_Dataset/val/DME/dme_val_1282.jpg,1,512x512
test,DME,/media/miglab/DATA_20TB1/OCT/archive/RetinalOCT_Dataset/RetinalOCT_Dataset/test/DME/dme_test_1135.jpg,1,512x512
train,DME,/media/miglab/DATA_20TB1/OCT/archive/RetinalOCT_Dataset/RetinalOCT_Dataset/train/DME/dme_train_1382.jpg,1,512x512
train,DME,/media/miglab/DATA_20TB1/OCT/archive/RetinalOCT_Dataset/RetinalOCT_Dataset/train/DME/dme_train_2834.jpg,1,512x512
train,DME,/media/miglab/DATA_20TB1/OCT/archive/RetinalOCT_Dataset/RetinalOCT_Dataset/train/DME/dme_train_1891.jpg,1,512x512
train,DME,/media/miglab/DATA_20TB1/OCT/archive/RetinalOCT_Dataset/RetinalOCT_Dataset/train/DME/dme_train_1423.jpg,1,512x512
train,DME,/media/miglab/DATA_20TB1/OCT/archive/RetinalOCT_Dataset/RetinalOCT_Dataset/train/DME/dme_train_2802.jpg,1,512x512
train,DME,/media/miglab/DATA_20TB1/OCT/archive/RetinalOCT_Dataset/RetinalOCT_Dataset/train/DME/dme_train_2376.jpg,1,512x512
train,DME,/media/miglab/DATA_20TB1/OCT/archive/RetinalOCT_Dataset/RetinalOCT_Dataset/train/DME/dme_train_1977.jpg,1,512x512
train,DME,/media/miglab/DATA_20TB1/OCT/archive/RetinalOCT_Dataset/RetinalOCT_Dataset/train/DME/dme_train_2757.jpg,1,512x512
train,DME,/media/miglab/DATA_20TB1/OCT/archive/RetinalOCT_Dataset/RetinalOCT_Dataset/train/DME/dme_train_2930.jpg,1,512x512
train,DME,/media/miglab/DATA_20TB1/OCT/archive/RetinalOCT_Dataset/RetinalOCT_Dataset/train/DME/dme_train_2549.jpg,1,512x512
test,DME,/media/miglab/DATA_20TB1/OCT/archive/RetinalOCT_Dataset/RetinalOCT_Dataset/test/DME/dme_test_1292.jpg,1,512x512
train,DME,/media/miglab/DATA_20TB1/OCT/archive/RetinalOCT_Dataset/RetinalOCT_Dataset/train/DME/dme_train_2079.jpg,1,512x512
test,DME,/media/miglab/DATA_20TB1/OCT/archive/RetinalOCT_Dataset/RetinalOCT_Dataset/test/DME/dme_test_1016.jpg,1,512x512
train,DME,/media/miglab/DATA_20TB1/OCT/archive/RetinalOCT_Dataset/RetinalOCT_Dataset/train/DME/dme_train_2751.jpg,1,512x512
train,DME,/media/miglab/DATA_20TB1/OCT/archive/RetinalOCT_Dataset/RetinalOCT_Dataset/train/DME/dme_train_2390.jpg,1,512x512
train,DME,/media/miglab/DATA_20TB1/OCT/archive/RetinalOCT_Dataset/RetinalOCT_Dataset/train/DME/dme_train_2850.jpg,1,512x512
train,DME,/media/miglab/DATA_20TB1/OCT/archive/RetinalOCT_Dataset/RetinalOCT_Dataset/train/DME/dme_train_1703.jpg,1,512x512
train,DME,/media/miglab/DATA_20TB1/OCT/archive/RetinalOCT_Dataset/RetinalOCT_Dataset/train/DME/dme_train_2524.jpg,1,512x512
train,DME,/media/miglab/DATA_20TB1/OCT/archive/RetinalOCT_Dataset/RetinalOCT_Dataset/train/DME/dme_train_2706.jpg,1,512x512
train,DME,/media/miglab/DATA_20TB1/OCT/archive/RetinalOCT_Dataset/RetinalOCT_Dataset/train/DME/dme_train_2696.jpg,1,512x512
train,DME,/media/miglab/DATA_20TB1/OCT/archive/RetinalOCT_Dataset/RetinalOCT_Dataset/train/DME/dme_train_2518.jpg,1,512x512
train,DME,/media/miglab/DATA_20TB1/OCT/archive/RetinalOCT_Dataset/RetinalOCT_Dataset/train/DME/dme_train_2634.jpg,1,512x512
train,DME,/media/miglab/DATA_20TB1/OCT/archive/RetinalOCT_Dataset/RetinalOCT_Dataset/train/DME/dme_train_1632.jpg,1,512x512
train,DME,/media/miglab/DATA_20TB1/OCT/archive/RetinalOCT_Dataset/RetinalOCT_Dataset/train/DME/dme_train_1569.jpg,1,512x512
train,DME,/media/miglab/DATA_20TB1/OCT/archive/RetinalOCT_Dataset/RetinalOCT_Dataset/train/DME/dme_train_2327.jpg,1,512x512
train,DME,/media/miglab/DATA_20TB1/OCT/archive/RetinalOCT_Dataset/RetinalOCT_Dataset/train/DME/dme_train_2528.jpg,1,512x512
train,DME,/media/miglab/DATA_20TB1/OCT/archive/RetinalOCT_Dataset/RetinalOCT_Dataset/train/DME/dme_train_1037.jpg,1,512x512
val,DME,/media/miglab/DATA_20TB1/OCT/archive/RetinalOCT_Dataset/RetinalOCT_Dataset/val/DME/dme_val_1016.jpg,1,512x512
train,DME,/media/miglab/DATA_20TB1/OCT/archive/RetinalOCT_Dataset/RetinalOCT_Dataset/train/DME/dme_train_2362.jpg,1,512x512
train,DME,/media/miglab/DATA_20TB1/OCT/archive/RetinalOCT_Dataset/RetinalOCT_Dataset/train/DME/dme_train_1219.jpg,1,512x512
train,DME,/media/miglab/DATA_20TB1/OCT/archive/RetinalOCT_Dataset/RetinalOCT_Dataset/train/DME/dme_train_2110.jpg,1,512x512
train,DME,/media/miglab/DATA_20TB1/OCT/archive/RetinalOCT_Dataset/RetinalOCT_Dataset/train/DME/dme_train_2992.jpg,1,512x512
train,DME,/media/miglab/DATA_20TB1/OCT/archive/RetinalOCT_Dataset/RetinalOCT_Dataset/train/DME/dme_train_2385.jpg,1,512x512
train,DME,/media/miglab/DATA_20TB1/OCT/archive/RetinalOCT_Dataset/RetinalOCT_Dataset/train/DME/dme_train_1043.jpg,1,512x512
train,DME,/media/miglab/DATA_20TB1/OCT/archive/RetinalOCT_Dataset/RetinalOCT_Dataset/train/DME/dme_train_2786.jpg,1,512x512
train,DME,/media/miglab/DATA_20TB1/OCT/archive/RetinalOCT_Dataset/RetinalOCT_Dataset/train/DME/dme_train_2672.jpg,1,512x512
train,DME,/media/miglab/DATA_20TB1/OCT/archive/RetinalOCT_Dataset/RetinalOCT_Dataset/train/DME/dme_train_2359.jpg,1,512x512
train,DME,/media/miglab/DATA_20TB1/OCT/archive/RetinalOCT_Dataset/RetinalOCT_Dataset/train/DME/dme_train_1763.jpg,1,512x512
val,DME,/media/miglab/DATA_20TB1/OCT/archive/RetinalOCT_Dataset/RetinalOCT_Dataset/val/DME/dme_val_1265.jpg,1,512x512
train,DME,/media/miglab/DATA_20TB1/OCT/archive/RetinalOCT_Dataset/RetinalOCT_Dataset/train/DME/dme_train_2350.jpg,1,512x512
train,DME,/media/miglab/DATA_20TB1/OCT/archive/RetinalOCT_Dataset/RetinalOCT_Dataset/train/DME/dme_train_1424.jpg,1,512x512
test,DME,/media/miglab/DATA_20TB1/OCT/archive/RetinalOCT_Dataset/RetinalOCT_Dataset/test/DME/dme_test_1192.jpg,1,512x512
train,DME,/media/miglab/DATA_20TB1/OCT/archive/RetinalOCT_Dataset/RetinalOCT_Dataset/train/DME/dme_train_1685.jpg,1,512x512
test,DME,/media/miglab/DATA_20TB1/OCT/archive/RetinalOCT_Dataset/RetinalOCT_Dataset/test/DME/dme_test_1314.jpg,1,512x512
train,DME,/media/miglab/DATA_20TB1/OCT/archive/RetinalOCT_Dataset/RetinalOCT_Dataset/train/DME/dme_train_2859.jpg,1,512x512
train,DME,/media/miglab/DATA_20TB1/OCT/archive/RetinalOCT_Dataset/RetinalOCT_Dataset/train/DME/dme_train_1516.jpg,1,512x512
train,DME,/media/miglab/DATA_20TB1/OCT/archive/RetinalOCT_Dataset/RetinalOCT_Dataset/train/DME/dme_train_2936.jpg,1,512x512
train,DME,/media/miglab/DATA_20TB1/OCT/archive/RetinalOCT_Dataset/RetinalOCT_Dataset/train/DME/dme_train_2262.jpg,1,512x512
train,DME,/media/miglab/DATA_20TB1/OCT/archive/RetinalOCT_Dataset/RetinalOCT_Dataset/train/DME/dme_train_1309.jpg,1,512x512
train,DME,/media/miglab/DATA_20TB1/OCT/archive/RetinalOCT_Dataset/RetinalOCT_Dataset/train/DME/dme_train_1701.jpg,1,512x512
train,DME,/media/miglab/DATA_20TB1/OCT/archive/RetinalOCT_Dataset/RetinalOCT_Dataset/train/DME/dme_train_1717.jpg,1,512x512
train,DME,/media/miglab/DATA_20TB1/OCT/archive/RetinalOCT_Dataset/RetinalOCT_Dataset/train/DME/dme_train_1956.jpg,1,512x512
train,DME,/media/miglab/DATA_20TB1/OCT/archive/RetinalOCT_Dataset/RetinalOCT_Dataset/train/DME/dme_train_2958.jpg,1,512x512
train,DME,/media/miglab/DATA_20TB1/OCT/archive/RetinalOCT_Dataset/RetinalOCT_Dataset/train/DME/dme_train_1331.jpg,1,512x512
val,DME,/media/miglab/DATA_20TB1/OCT/archive/RetinalOCT_Dataset/RetinalOCT_Dataset/val/DME/dme_val_1162.jpg,1,512x512
test,DME,/media/miglab/DATA_20TB1/OCT/archive/RetinalOCT_Dataset/RetinalOCT_Dataset/test/DME/dme_test_1277.jpg,1,512x512
val,DME,/media/miglab/DATA_20TB1/OCT/archive/RetinalOCT_Dataset/RetinalOCT_Dataset/val/DME/dme_val_1285.jpg,1,512x512
train,DME,/media/miglab/DATA_20TB1/OCT/archive/RetinalOCT_Dataset/RetinalOCT_Dataset/train/DME/dme_train_1443.jpg,1,512x512
train,DME,/media/miglab/DATA_20TB1/OCT/archive/RetinalOCT_Dataset/RetinalOCT_Dataset/train/DME/dme_train_2692.jpg,1,512x512
train,DME,/media/miglab/DATA_20TB1/OCT/archive/RetinalOCT_Dataset/RetinalOCT_Dataset/train/DME/dme_train_2733.jpg,1,512x512
train,DME,/media/miglab/DATA_20TB1/OCT/archive/RetinalOCT_Dataset/RetinalOCT_Dataset/train/DME/dme_train_2384.jpg,1,512x512
train,DME,/media/miglab/DATA_20TB1/OCT/archive/RetinalOCT_Dataset/RetinalOCT_Dataset/train/DME/dme_train_2275.jpg,1,512x512
train,DME,/media/miglab/DATA_20TB1/OCT/archive/RetinalOCT_Dataset/RetinalOCT_Dataset/train/DME/dme_train_2395.jpg,1,512x512
train,DME,/media/miglab/DATA_20TB1/OCT/archive/RetinalOCT_Dataset/RetinalOCT_Dataset/train/DME/dme_train_1458.jpg,1,512x512
train,DME,/media/miglab/DATA_20TB1/OCT/archive/RetinalOCT_Dataset/RetinalOCT_Dataset/train/DME/dme_train_1376.jpg,1,512x512
train,DME,/media/miglab/DATA_20TB1/OCT/archive/RetinalOCT_Dataset/RetinalOCT_Dataset/train/DME/dme_train_2254.jpg,1,512x512
train,DME,/media/miglab/DATA_20TB1/OCT/archive/RetinalOCT_Dataset/RetinalOCT_Dataset/train/DME/dme_train_1783.jpg,1,512x512
train,DME,/media/miglab/DATA_20TB1/OCT/archive/RetinalOCT_Dataset/RetinalOCT_Dataset/train/DME/dme_train_1887.jpg,1,512x512
train,DME,/media/miglab/DATA_20TB1/OCT/archive/RetinalOCT_Dataset/RetinalOCT_Dataset/train/DME/dme_train_1804.jpg,1,512x512
train,DME,/media/miglab/DATA_20TB1/OCT/archive/RetinalOCT_Dataset/RetinalOCT_Dataset/train/DME/dme_train_1678.jpg,1,512x512
test,DME,/media/miglab/DATA_20TB1/OCT/archive/RetinalOCT_Dataset/RetinalOCT_Dataset/test/DME/dme_test_1238.jpg,1,512x512
train,DME,/media/miglab/DATA_20TB1/OCT/archive/RetinalOCT_Dataset/RetinalOCT_Dataset/train/DME/dme_train_2660.jpg,1,512x512
train,DME,/media/miglab/DATA_20TB1/OCT/archive/RetinalOCT_Dataset/RetinalOCT_Dataset/train/DME/dme_train_1230.jpg,1,512x512
train,DME,/media/miglab/DATA_20TB1/OCT/archive/RetinalOCT_Dataset/RetinalOCT_Dataset/train/DME/dme_train_1244.jpg,1,512x512
train,DME,/media/miglab/DATA_20TB1/OCT/archive/RetinalOCT_Dataset/RetinalOCT_Dataset/train/DME/dme_train_1798.jpg,1,512x512
val,DME,/media/miglab/DATA_20TB1/OCT/archive/RetinalOCT_Dataset/RetinalOCT_Dataset/val/DME/dme_val_1084.jpg,1,512x512
train,DME,/media/miglab/DATA_20TB1/OCT/archive/RetinalOCT_Dataset/RetinalOCT_Dataset/train/DME/dme_train_1378.jpg,1,512x512
train,DME,/media/miglab/DATA_20TB1/OCT/archive/RetinalOCT_Dataset/RetinalOCT_Dataset/train/DME/dme_train_2536.jpg,1,512x512
train,DME,/media/miglab/DATA_20TB1/OCT/archive/RetinalOCT_Dataset/RetinalOCT_Dataset/train/DME/dme_train_2348.jpg,1,512x512
train,DME,/media/miglab/DATA_20TB1/OCT/archive/RetinalOCT_Dataset/RetinalOCT_Dataset/train/DME/dme_train_2305.jpg,1,512x512
train,DME,/media/miglab/DATA_20TB1/OCT/archive/RetinalOCT_Dataset/RetinalOCT_Dataset/train/DME/dme_train_2356.jpg,1,512x512
val,DME,/media/miglab/DATA_20TB1/OCT/archive/RetinalOCT_Dataset/RetinalOCT_Dataset/val/DME/dme_val_1106.jpg,1,512x512
train,DME,/media/miglab/DATA_20TB1/OCT/archive/RetinalOCT_Dataset/RetinalOCT_Dataset/train/DME/dme_train_1332.jpg,1,512x512
val,DME,/media/miglab/DATA_20TB1/OCT/archive/RetinalOCT_Dataset/RetinalOCT_Dataset/val/DME/dme_val_1347.jpg,1,512x512
train,DME,/media/miglab/DATA_20TB1/OCT/archive/RetinalOCT_Dataset/RetinalOCT_Dataset/train/DME/dme_train_3009.jpg,1,512x512
test,DME,/media/miglab/DATA_20TB1/OCT/archive/RetinalOCT_Dataset/RetinalOCT_Dataset/test/DME/dme_test_1095.jpg,1,512x512
train,DME,/media/miglab/DATA_20TB1/OCT/archive/RetinalOCT_Dataset/RetinalOCT_Dataset/train/DME/dme_train_2800.jpg,1,512x512
test,DME,/media/miglab/DATA_20TB1/OCT/archive/RetinalOCT_Dataset/RetinalOCT_Dataset/test/DME/dme_test_1265.jpg,1,512x512
train,DME,/media/miglab/DATA_20TB1/OCT/archive/RetinalOCT_Dataset/RetinalOCT_Dataset/train/DME/dme_train_2050.jpg,1,512x512
train,DME,/media/miglab/DATA_20TB1/OCT/archive/RetinalOCT_Dataset/RetinalOCT_Dataset/train/DME/dme_train_2064.jpg,1,512x512
test,DME,/media/miglab/DATA_20TB1/OCT/archive/RetinalOCT_Dataset/RetinalOCT_Dataset/test/DME/dme_test_1200.jpg,1,512x512
train,DME,/media/miglab/DATA_20TB1/OCT/archive/RetinalOCT_Dataset/RetinalOCT_Dataset/train/DME/dme_train_1463.jpg,1,512x512
test,DME,/media/miglab/DATA_20TB1/OCT/archive/RetinalOCT_Dataset/RetinalOCT_Dataset/test/DME/dme_test_1132.jpg,1,512x512
train,DME,/media/miglab/DATA_20TB1/OCT/archive/RetinalOCT_Dataset/RetinalOCT_Dataset/train/DME/dme_train_2261.jpg,1,512x512
val,DME,/media/miglab/DATA_20TB1/OCT/archive/RetinalOCT_Dataset/RetinalOCT_Dataset/val/DME/dme_val_1042.jpg,1,512x512
test,DME,/media/miglab/DATA_20TB1/OCT/archive/RetinalOCT_Dataset/RetinalOCT_Dataset/test/DME/dme_test_1115.jpg,1,512x512
train,DME,/media/miglab/DATA_20TB1/OCT/archive/RetinalOCT_Dataset/RetinalOCT_Dataset/train/DME/dme_train_2538.jpg,1,512x512
val,DME,/media/miglab/DATA_20TB1/OCT/archive/RetinalOCT_Dataset/RetinalOCT_Dataset/val/DME/dme_val_1315.jpg,1,512x512
test,DME,/media/miglab/DATA_20TB1/OCT/archive/RetinalOCT_Dataset/RetinalOCT_Dataset/test/DME/dme_test_1207.jpg,1,512x512
train,DME,/media/miglab/DATA_20TB1/OCT/archive/RetinalOCT_Dataset/RetinalOCT_Dataset/train/DME/dme_train_2926.jpg,1,512x512
train,DME,/media/miglab/DATA_20TB1/OCT/archive/RetinalOCT_Dataset/RetinalOCT_Dataset/train/DME/dme_train_1941.jpg,1,512x512
train,DME,/media/miglab/DATA_20TB1/OCT/archive/RetinalOCT_Dataset/RetinalOCT_Dataset/train/DME/dme_train_2368.jpg,1,512x512
test,DME,/media/miglab/DATA_20TB1/OCT/archive/RetinalOCT_Dataset/RetinalOCT_Dataset/test/DME/dme_test_1250.jpg,1,512x512
train,DME,/media/miglab/DATA_20TB1/OCT/archive/RetinalOCT_Dataset/RetinalOCT_Dataset/train/DME/dme_train_3137.jpg,1,512x512
test,DME,/media/miglab/DATA_20TB1/OCT/archive/RetinalOCT_Dataset/RetinalOCT_Dataset/test/DME/dme_test_1090.jpg,1,512x512
train,DME,/media/miglab/DATA_20TB1/OCT/archive/RetinalOCT_Dataset/RetinalOCT_Dataset/train/DME/dme_train_1252.jpg,1,512x512
train,DME,/media/miglab/DATA_20TB1/OCT/archive/RetinalOCT_Dataset/RetinalOCT_Dataset/train/DME/dme_train_2764.jpg,1,512x512
train,DME,/media/miglab/DATA_20TB1/OCT/archive/RetinalOCT_Dataset/RetinalOCT_Dataset/train/DME/dme_train_2835.jpg,1,512x512
val,DME,/media/miglab/DATA_20TB1/OCT/archive/RetinalOCT_Dataset/RetinalOCT_Dataset/val/DME/dme_val_1043.jpg,1,512x512
train,DME,/media/miglab/DATA_20TB1/OCT/archive/RetinalOCT_Dataset/RetinalOCT_Dataset/train/DME/dme_train_1171.jpg,1,512x512
train,DME,/media/miglab/DATA_20TB1/OCT/archive/RetinalOCT_Dataset/RetinalOCT_Dataset/train/DME/dme_train_2739.jpg,1,512x512
train,DME,/media/miglab/DATA_20TB1/OCT/archive/RetinalOCT_Dataset/RetinalOCT_Dataset/train/DME/dme_train_2574.jpg,1,512x512
train,DME,/media/miglab/DATA_20TB1/OCT/archive/RetinalOCT_Dataset/RetinalOCT_Dataset/train/DME/dme_train_1942.jpg,1,512x512
train,DME,/media/miglab/DATA_20TB1/OCT/archive/RetinalOCT_Dataset/RetinalOCT_Dataset/train/DME/dme_train_2670.jpg,1,512x512
test,DME,/media/miglab/DATA_20TB1/OCT/archive/RetinalOCT_Dataset/RetinalOCT_Dataset/test/DME/dme_test_1070.jpg,1,512x512
train,DME,/media/miglab/DATA_20TB1/OCT/archive/RetinalOCT_Dataset/RetinalOCT_Dataset/train/DME/dme_train_1289.jpg,1,512x512
train,DME,/media/miglab/DATA_20TB1/OCT/archive/RetinalOCT_Dataset/RetinalOCT_Dataset/train/DME/dme_train_1944.jpg,1,512x512
train,DME,/media/miglab/DATA_20TB1/OCT/archive/RetinalOCT_Dataset/RetinalOCT_Dataset/train/DME/dme_train_3248.jpg,1,512x512
train,DME,/media/miglab/DATA_20TB1/OCT/archive/RetinalOCT_Dataset/RetinalOCT_Dataset/train/DME/dme_train_1138.jpg,1,512x512
train,DME,/media/miglab/DATA_20TB1/OCT/archive/RetinalOCT_Dataset/RetinalOCT_Dataset/train/DME/dme_train_3030.jpg,1,512x512
train,DME,/media/miglab/DATA_20TB1/OCT/archive/RetinalOCT_Dataset/RetinalOCT_Dataset/train/DME/dme_train_2585.jpg,1,512x512
val,DME,/media/miglab/DATA_20TB1/OCT/archive/RetinalOCT_Dataset/RetinalOCT_Dataset/val/DME/dme_val_1226.jpg,1,512x512
val,DME,/media/miglab/DATA_20TB1/OCT/archive/RetinalOCT_Dataset/RetinalOCT_Dataset/val/DME/dme_val_1304.jpg,1,512x512
train,DME,/media/miglab/DATA_20TB1/OCT/archive/RetinalOCT_Dataset/RetinalOCT_Dataset/train/DME/dme_train_2782.jpg,1,512x512
train,DME,/media/miglab/DATA_20TB1/OCT/archive/RetinalOCT_Dataset/RetinalOCT_Dataset/train/DME/dme_train_2456.jpg,1,512x512
val,DME,/media/miglab/DATA_20TB1/OCT/archive/RetinalOCT_Dataset/RetinalOCT_Dataset/val/DME/dme_val_1083.jpg,1,512x512
train,DME,/media/miglab/DATA_20TB1/OCT/archive/RetinalOCT_Dataset/RetinalOCT_Dataset/train/DME/dme_train_2715.jpg,1,512x512
train,DME,/media/miglab/DATA_20TB1/OCT/archive/RetinalOCT_Dataset/RetinalOCT_Dataset/train/DME/dme_train_2504.jpg,1,512x512
val,DME,/media/miglab/DATA_20TB1/OCT/archive/RetinalOCT_Dataset/RetinalOCT_Dataset/val/DME/dme_val_1308.jpg,1,512x512
train,DME,/media/miglab/DATA_20TB1/OCT/archive/RetinalOCT_Dataset/RetinalOCT_Dataset/train/DME/dme_train_1738.jpg,1,512x512
val,DME,/media/miglab/DATA_20TB1/OCT/archive/RetinalOCT_Dataset/RetinalOCT_Dataset/val/DME/dme_val_1140.jpg,1,512x512
train,DME,/media/miglab/DATA_20TB1/OCT/archive/RetinalOCT_Dataset/RetinalOCT_Dataset/train/DME/dme_train_3275.jpg,1,512x512
train,DME,/media/miglab/DATA_20TB1/OCT/archive/RetinalOCT_Dataset/RetinalOCT_Dataset/train/DME/dme_train_2328.jpg,1,512x512
val,DME,/media/miglab/DATA_20TB1/OCT/archive/RetinalOCT_Dataset/RetinalOCT_Dataset/val/DME/dme_val_1255.jpg,1,512x512
train,DME,/media/miglab/DATA_20TB1/OCT/archive/RetinalOCT_Dataset/RetinalOCT_Dataset/train/DME/dme_train_1313.jpg,1,512x512
val,DME,/media/miglab/DATA_20TB1/OCT/archive/RetinalOCT_Dataset/RetinalOCT_Dataset/val/DME/dme_val_1197.jpg,1,512x512
train,DME,/media/miglab/DATA_20TB1/OCT/archive/RetinalOCT_Dataset/RetinalOCT_Dataset/train/DME/dme_train_1721.jpg,1,512x512
train,DME,/media/miglab/DATA_20TB1/OCT/archive/RetinalOCT_Dataset/RetinalOCT_Dataset/train/DME/dme_train_1563.jpg,1,512x512
test,DME,/media/miglab/DATA_20TB1/OCT/archive/RetinalOCT_Dataset/RetinalOCT_Dataset/test/DME/dme_test_1142.jpg,1,512x512
val,DME,/media/miglab/DATA_20TB1/OCT/archive/RetinalOCT_Dataset/RetinalOCT_Dataset/val/DME/dme_val_1305.jpg,1,512x512
train,DME,/media/miglab/DATA_20TB1/OCT/archive/RetinalOCT_Dataset/RetinalOCT_Dataset/train/DME/dme_train_1191.jpg,1,512x512
val,DME,/media/miglab/DATA_20TB1/OCT/archive/RetinalOCT_Dataset/RetinalOCT_Dataset/val/DME/dme_val_1259.jpg,1,512x512
train,DME,/media/miglab/DATA_20TB1/OCT/archive/RetinalOCT_Dataset/RetinalOCT_Dataset/train/DME/dme_train_1971.jpg,1,512x512
train,DME,/media/miglab/DATA_20TB1/OCT/archive/RetinalOCT_Dataset/RetinalOCT_Dataset/train/DME/dme_train_2258.jpg,1,512x512
train,DME,/media/miglab/DATA_20TB1/OCT/archive/RetinalOCT_Dataset/RetinalOCT_Dataset/train/DME/dme_train_2810.jpg,1,512x512
train,DME,/media/miglab/DATA_20TB1/OCT/archive/RetinalOCT_Dataset/RetinalOCT_Dataset/train/DME/dme_train_2827.jpg,1,512x512
train,DME,/media/miglab/DATA_20TB1/OCT/archive/RetinalOCT_Dataset/RetinalOCT_Dataset/train/DME/dme_train_1073.jpg,1,512x512
train,DME,/media/miglab/DATA_20TB1/OCT/archive/RetinalOCT_Dataset/RetinalOCT_Dataset/train/DME/dme_train_2102.jpg,1,512x512
train,DME,/media/miglab/DATA_20TB1/OCT/archive/RetinalOCT_Dataset/RetinalOCT_Dataset/train/DME/dme_train_1618.jpg,1,512x512
train,DME,/media/miglab/DATA_20TB1/OCT/archive/RetinalOCT_Dataset/RetinalOCT_Dataset/train/DME/dme_train_3263.jpg,1,512x512
train,DME,/media/miglab/DATA_20TB1/OCT/archive/RetinalOCT_Dataset/RetinalOCT_Dataset/train/DME/dme_train_1726.jpg,1,512x512
train,DME,/media/miglab/DATA_20TB1/OCT/archive/RetinalOCT_Dataset/RetinalOCT_Dataset/train/DME/dme_train_2295.jpg,1,512x512
train,DME,/media/miglab/DATA_20TB1/OCT/archive/RetinalOCT_Dataset/RetinalOCT_Dataset/train/DME/dme_train_1530.jpg,1,512x512
train,DME,/media/miglab/DATA_20TB1/OCT/archive/RetinalOCT_Dataset/RetinalOCT_Dataset/train/DME/dme_train_1220.jpg,1,512x512
train,DME,/media/miglab/DATA_20TB1/OCT/archive/RetinalOCT_Dataset/RetinalOCT_Dataset/train/DME/dme_train_2330.jpg,1,512x512
train,DME,/media/miglab/DATA_20TB1/OCT/archive/RetinalOCT_Dataset/RetinalOCT_Dataset/train/DME/dme_train_1166.jpg,1,512x512
val,DME,/media/miglab/DATA_20TB1/OCT/archive/RetinalOCT_Dataset/RetinalOCT_Dataset/val/DME/dme_val_1228.jpg,1,512x512
test,DME,/media/miglab/DATA_20TB1/OCT/archive/RetinalOCT_Dataset/RetinalOCT_Dataset/test/DME/dme_test_1261.jpg,1,512x512
train,DME,/media/miglab/DATA_20TB1/OCT/archive/RetinalOCT_Dataset/RetinalOCT_Dataset/train/DME/dme_train_2391.jpg,1,512x512
train,DME,/media/miglab/DATA_20TB1/OCT/archive/RetinalOCT_Dataset/RetinalOCT_Dataset/train/DME/dme_train_1675.jpg,1,512x512
train,DME,/media/miglab/DATA_20TB1/OCT/archive/RetinalOCT_Dataset/RetinalOCT_Dataset/train/DME/dme_train_2614.jpg,1,512x512
train,DME,/media/miglab/DATA_20TB1/OCT/archive/RetinalOCT_Dataset/RetinalOCT_Dataset/train/DME/dme_train_2521.jpg,1,512x512
train,DME,/media/miglab/DATA_20TB1/OCT/archive/RetinalOCT_Dataset/RetinalOCT_Dataset/train/DME/dme_train_1987.jpg,1,512x512
train,DME,/media/miglab/DATA_20TB1/OCT/archive/RetinalOCT_Dataset/RetinalOCT_Dataset/train/DME/dme_train_2033.jpg,1,512x512
train,DME,/media/miglab/DATA_20TB1/OCT/archive/RetinalOCT_Dataset/RetinalOCT_Dataset/train/DME/dme_train_2471.jpg,1,512x512
val,DME,/media/miglab/DATA_20TB1/OCT/archive/RetinalOCT_Dataset/RetinalOCT_Dataset/val/DME/dme_val_1296.jpg,1,512x512
train,DME,/media/miglab/DATA_20TB1/OCT/archive/RetinalOCT_Dataset/RetinalOCT_Dataset/train/DME/dme_train_2545.jpg,1,512x512
train,DME,/media/miglab/DATA_20TB1/OCT/archive/RetinalOCT_Dataset/RetinalOCT_Dataset/train/DME/dme_train_1232.jpg,1,512x512
train,DME,/media/miglab/DATA_20TB1/OCT/archive/RetinalOCT_Dataset/RetinalOCT_Dataset/train/DME/dme_train_1923.jpg,1,512x512
train,DME,/media/miglab/DATA_20TB1/OCT/archive/RetinalOCT_Dataset/RetinalOCT_Dataset/train/DME/dme_train_2914.jpg,1,512x512
train,DME,/media/miglab/DATA_20TB1/OCT/archive/RetinalOCT_Dataset/RetinalOCT_Dataset/train/DME/dme_train_2813.jpg,1,512x512
train,DME,/media/miglab/DATA_20TB1/OCT/archive/RetinalOCT_Dataset/RetinalOCT_Dataset/train/DME/dme_train_1609.jpg,1,512x512
train,DME,/media/miglab/DATA_20TB1/OCT/archive/RetinalOCT_Dataset/RetinalOCT_Dataset/train/DME/dme_train_3272.jpg,1,512x512
val,DME,/media/miglab/DATA_20TB1/OCT/archive/RetinalOCT_Dataset/RetinalOCT_Dataset/val/DME/dme_val_1102.jpg,1,512x512
train,DME,/media/miglab/DATA_20TB1/OCT/archive/RetinalOCT_Dataset/RetinalOCT_Dataset/train/DME/dme_train_1765.jpg,1,512x512
train,DME,/media/miglab/DATA_20TB1/OCT/archive/RetinalOCT_Dataset/RetinalOCT_Dataset/train/DME/dme_train_3041.jpg,1,512x512
train,DME,/media/miglab/DATA_20TB1/OCT/archive/RetinalOCT_Dataset/RetinalOCT_Dataset/train/DME/dme_train_1712.jpg,1,512x512
train,DME,/media/miglab/DATA_20TB1/OCT/archive/RetinalOCT_Dataset/RetinalOCT_Dataset/train/DME/dme_train_1871.jpg,1,512x512
train,DME,/media/miglab/DATA_20TB1/OCT/archive/RetinalOCT_Dataset/RetinalOCT_Dataset/train/DME/dme_train_1695.jpg,1,512x512
train,DME,/media/miglab/DATA_20TB1/OCT/archive/RetinalOCT_Dataset/RetinalOCT_Dataset/train/DME/dme_train_1980.jpg,1,512x512
train,DME,/media/miglab/DATA_20TB1/OCT/archive/RetinalOCT_Dataset/RetinalOCT_Dataset/train/DME/dme_train_2723.jpg,1,512x512
train,DME,/media/miglab/DATA_20TB1/OCT/archive/RetinalOCT_Dataset/RetinalOCT_Dataset/train/DME/dme_train_2080.jpg,1,512x512
train,DME,/media/miglab/DATA_20TB1/OCT/archive/RetinalOCT_Dataset/RetinalOCT_Dataset/train/DME/dme_train_1542.jpg,1,512x512
train,DME,/media/miglab/DATA_20TB1/OCT/archive/RetinalOCT_Dataset/RetinalOCT_Dataset/train/DME/dme_train_1893.jpg,1,512x512
train,DME,/media/miglab/DATA_20TB1/OCT/archive/RetinalOCT_Dataset/RetinalOCT_Dataset/train/DME/dme_train_3019.jpg,1,512x512
test,DME,/media/miglab/DATA_20TB1/OCT/archive/RetinalOCT_Dataset/RetinalOCT_Dataset/test/DME/dme_test_1022.jpg,1,512x512
val,DME,/media/miglab/DATA_20TB1/OCT/archive/RetinalOCT_Dataset/RetinalOCT_Dataset/val/DME/dme_val_1212.jpg,1,512x512
test,DME,/media/miglab/DATA_20TB1/OCT/archive/RetinalOCT_Dataset/RetinalOCT_Dataset/test/DME/dme_test_1248.jpg,1,512x512
train,DME,/media/miglab/DATA_20TB1/OCT/archive/RetinalOCT_Dataset/RetinalOCT_Dataset/train/DME/dme_train_1490.jpg,1,512x512
test,DME,/media/miglab/DATA_20TB1/OCT/archive/RetinalOCT_Dataset/RetinalOCT_Dataset/test/DME/dme_test_1032.jpg,1,512x512
train,DME,/media/miglab/DATA_20TB1/OCT/archive/RetinalOCT_Dataset/RetinalOCT_Dataset/train/DME/dme_train_2535.jpg,1,512x512
train,DME,/media/miglab/DATA_20TB1/OCT/archive/RetinalOCT_Dataset/RetinalOCT_Dataset/train/DME/dme_train_1657.jpg,1,512x512
train,DME,/media/miglab/DATA_20TB1/OCT/archive/RetinalOCT_Dataset/RetinalOCT_Dataset/train/DME/dme_train_1725.jpg,1,512x512
train,DME,/media/miglab/DATA_20TB1/OCT/archive/RetinalOCT_Dataset/RetinalOCT_Dataset/train/DME/dme_train_1395.jpg,1,512x512
val,DME,/media/miglab/DATA_20TB1/OCT/archive/RetinalOCT_Dataset/RetinalOCT_Dataset/val/DME/dme_val_1147.jpg,1,512x512
train,DME,/media/miglab/DATA_20TB1/OCT/archive/RetinalOCT_Dataset/RetinalOCT_Dataset/train/DME/dme_train_2527.jpg,1,512x512
val,DME,/media/miglab/DATA_20TB1/OCT/archive/RetinalOCT_Dataset/RetinalOCT_Dataset/val/DME/dme_val_1110.jpg,1,512x512
train,DME,/media/miglab/DATA_20TB1/OCT/archive/RetinalOCT_Dataset/RetinalOCT_Dataset/train/DME/dme_train_2462.jpg,1,512x512
train,DME,/media/miglab/DATA_20TB1/OCT/archive/RetinalOCT_Dataset/RetinalOCT_Dataset/train/DME/dme_train_2371.jpg,1,512x512
train,DME,/media/miglab/DATA_20TB1/OCT/archive/RetinalOCT_Dataset/RetinalOCT_Dataset/train/DME/dme_train_1012.jpg,1,512x512
train,DME,/media/miglab/DATA_20TB1/OCT/archive/RetinalOCT_Dataset/RetinalOCT_Dataset/train/DME/dme_train_1312.jpg,1,512x512
train,DME,/media/miglab/DATA_20TB1/OCT/archive/RetinalOCT_Dataset/RetinalOCT_Dataset/train/DME/dme_train_1659.jpg,1,512x512
train,DME,/media/miglab/DATA_20TB1/OCT/archive/RetinalOCT_Dataset/RetinalOCT_Dataset/train/DME/dme_train_1716.jpg,1,512x512
train,DME,/media/miglab/DATA_20TB1/OCT/archive/RetinalOCT_Dataset/RetinalOCT_Dataset/train/DME/dme_train_1287.jpg,1,512x512
train,DME,/media/miglab/DATA_20TB1/OCT/archive/RetinalOCT_Dataset/RetinalOCT_Dataset/train/DME/dme_train_2925.jpg,1,512x512
test,DME,/media/miglab/DATA_20TB1/OCT/archive/RetinalOCT_Dataset/RetinalOCT_Dataset/test/DME/dme_test_1307.jpg,1,512x512
train,DME,/media/miglab/DATA_20TB1/OCT/archive/RetinalOCT_Dataset/RetinalOCT_Dataset/train/DME/dme_train_2799.jpg,1,512x512
train,DME,/media/miglab/DATA_20TB1/OCT/archive/RetinalOCT_Dataset/RetinalOCT_Dataset/train/DME/dme_train_1975.jpg,1,512x512
train,DME,/media/miglab/DATA_20TB1/OCT/archive/RetinalOCT_Dataset/RetinalOCT_Dataset/train/DME/dme_train_1264.jpg,1,512x512
train,DME,/media/miglab/DATA_20TB1/OCT/archive/RetinalOCT_Dataset/RetinalOCT_Dataset/train/DME/dme_train_2543.jpg,1,512x512
val,DME,/media/miglab/DATA_20TB1/OCT/archive/RetinalOCT_Dataset/RetinalOCT_Dataset/val/DME/dme_val_1218.jpg,1,512x512
train,DME,/media/miglab/DATA_20TB1/OCT/archive/RetinalOCT_Dataset/RetinalOCT_Dataset/train/DME/dme_train_2509.jpg,1,512x512
train,DME,/media/miglab/DATA_20TB1/OCT/archive/RetinalOCT_Dataset/RetinalOCT_Dataset/train/DME/dme_train_2816.jpg,1,512x512
train,DME,/media/miglab/DATA_20TB1/OCT/archive/RetinalOCT_Dataset/RetinalOCT_Dataset/train/DME/dme_train_2594.jpg,1,512x512
train,DME,/media/miglab/DATA_20TB1/OCT/archive/RetinalOCT_Dataset/RetinalOCT_Dataset/train/DME/dme_train_2283.jpg,1,512x512
test,DME,/media/miglab/DATA_20TB1/OCT/archive/RetinalOCT_Dataset/RetinalOCT_Dataset/test/DME/dme_test_1165.jpg,1,512x512
val,DME,/media/miglab/DATA_20TB1/OCT/archive/RetinalOCT_Dataset/RetinalOCT_Dataset/val/DME/dme_val_1097.jpg,1,512x512
train,DME,/media/miglab/DATA_20TB1/OCT/archive/RetinalOCT_Dataset/RetinalOCT_Dataset/train/DME/dme_train_2337.jpg,1,512x512
val,DME,/media/miglab/DATA_20TB1/OCT/archive/RetinalOCT_Dataset/RetinalOCT_Dataset/val/DME/dme_val_1295.jpg,1,512x512
train,DME,/media/miglab/DATA_20TB1/OCT/archive/RetinalOCT_Dataset/RetinalOCT_Dataset/train/DME/dme_train_3239.jpg,1,512x512
train,DME,/media/miglab/DATA_20TB1/OCT/archive/RetinalOCT_Dataset/RetinalOCT_Dataset/train/DME/dme_train_1901.jpg,1,512x512
train,DME,/media/miglab/DATA_20TB1/OCT/archive/RetinalOCT_Dataset/RetinalOCT_Dataset/train/DME/dme_train_2403.jpg,1,512x512
train,DME,/media/miglab/DATA_20TB1/OCT/archive/RetinalOCT_Dataset/RetinalOCT_Dataset/train/DME/dme_train_1586.jpg,1,512x512
train,DME,/media/miglab/DATA_20TB1/OCT/archive/RetinalOCT_Dataset/RetinalOCT_Dataset/train/DME/dme_train_2909.jpg,1,512x512
test,DME,/media/miglab/DATA_20TB1/OCT/archive/RetinalOCT_Dataset/RetinalOCT_Dataset/test/DME/dme_test_1023.jpg,1,512x512
train,DME,/media/miglab/DATA_20TB1/OCT/archive/RetinalOCT_Dataset/RetinalOCT_Dataset/train/DME/dme_train_2832.jpg,1,512x512
train,DME,/media/miglab/DATA_20TB1/OCT/archive/RetinalOCT_Dataset/RetinalOCT_Dataset/train/DME/dme_train_1066.jpg,1,512x512
train,DME,/media/miglab/DATA_20TB1/OCT/archive/RetinalOCT_Dataset/RetinalOCT_Dataset/train/DME/dme_train_3246.jpg,1,512x512
train,DME,/media/miglab/DATA_20TB1/OCT/archive/RetinalOCT_Dataset/RetinalOCT_Dataset/train/DME/dme_train_2613.jpg,1,512x512
train,DME,/media/miglab/DATA_20TB1/OCT/archive/RetinalOCT_Dataset/RetinalOCT_Dataset/train/DME/dme_train_2879.jpg,1,512x512
val,DME,/media/miglab/DATA_20TB1/OCT/archive/RetinalOCT_Dataset/RetinalOCT_Dataset/val/DME/dme_val_1294.jpg,1,512x512
train,DME,/media/miglab/DATA_20TB1/OCT/archive/RetinalOCT_Dataset/RetinalOCT_Dataset/train/DME/dme_train_1116.jpg,1,512x512
train,DME,/media/miglab/DATA_20TB1/OCT/archive/RetinalOCT_Dataset/RetinalOCT_Dataset/train/DME/dme_train_2572.jpg,1,512x512
train,DME,/media/miglab/DATA_20TB1/OCT/archive/RetinalOCT_Dataset/RetinalOCT_Dataset/train/DME/dme_train_2349.jpg,1,512x512
train,DME,/media/miglab/DATA_20TB1/OCT/archive/RetinalOCT_Dataset/RetinalOCT_Dataset/train/DME/dme_train_1903.jpg,1,512x512
train,DME,/media/miglab/DATA_20TB1/OCT/archive/RetinalOCT_Dataset/RetinalOCT_Dataset/train/DME/dme_train_3230.jpg,1,512x512
train,DME,/media/miglab/DATA_20TB1/OCT/archive/RetinalOCT_Dataset/RetinalOCT_Dataset/train/DME/dme_train_3243.jpg,1,512x512
val,DME,/media/miglab/DATA_20TB1/OCT/archive/RetinalOCT_Dataset/RetinalOCT_Dataset/val/DME/dme_val_1329.jpg,1,512x512
train,DME,/media/miglab/DATA_20TB1/OCT/archive/RetinalOCT_Dataset/RetinalOCT_Dataset/train/DME/dme_train_2312.jpg,1,512x512
train,DME,/media/miglab/DATA_20TB1/OCT/archive/RetinalOCT_Dataset/RetinalOCT_Dataset/train/DME/dme_train_2720.jpg,1,512x512
train,DME,/media/miglab/DATA_20TB1/OCT/archive/RetinalOCT_Dataset/RetinalOCT_Dataset/train/DME/dme_train_1510.jpg,1,512x512
train,DME,/media/miglab/DATA_20TB1/OCT/archive/RetinalOCT_Dataset/RetinalOCT_Dataset/train/DME/dme_train_2286.jpg,1,512x512
train,DME,/media/miglab/DATA_20TB1/OCT/archive/RetinalOCT_Dataset/RetinalOCT_Dataset/train/DME/dme_train_2882.jpg,1,512x512
val,DME,/media/miglab/DATA_20TB1/OCT/archive/RetinalOCT_Dataset/RetinalOCT_Dataset/val/DME/dme_val_1156.jpg,1,512x512
train,DME,/media/miglab/DATA_20TB1/OCT/archive/RetinalOCT_Dataset/RetinalOCT_Dataset/train/DME/dme_train_1259.jpg,1,512x512
train,DME,/media/miglab/DATA_20TB1/OCT/archive/RetinalOCT_Dataset/RetinalOCT_Dataset/train/DME/dme_train_3047.jpg,1,512x512
train,DME,/media/miglab/DATA_20TB1/OCT/archive/RetinalOCT_Dataset/RetinalOCT_Dataset/train/DME/dme_train_2382.jpg,1,512x512
train,DME,/media/miglab/DATA_20TB1/OCT/archive/RetinalOCT_Dataset/RetinalOCT_Dataset/train/DME/dme_train_1023.jpg,1,512x512
train,DME,/media/miglab/DATA_20TB1/OCT/archive/RetinalOCT_Dataset/RetinalOCT_Dataset/train/DME/dme_train_1636.jpg,1,512x512
train,DME,/media/miglab/DATA_20TB1/OCT/archive/RetinalOCT_Dataset/RetinalOCT_Dataset/train/DME/dme_train_1806.jpg,1,512x512
train,DME,/media/miglab/DATA_20TB1/OCT/archive/RetinalOCT_Dataset/RetinalOCT_Dataset/train/DME/dme_train_3279.jpg,1,512x512
train,DME,/media/miglab/DATA_20TB1/OCT/archive/RetinalOCT_Dataset/RetinalOCT_Dataset/train/DME/dme_train_3276.jpg,1,512x512
test,DME,/media/miglab/DATA_20TB1/OCT/archive/RetinalOCT_Dataset/RetinalOCT_Dataset/test/DME/dme_test_1137.jpg,1,512x512
val,DME,/media/miglab/DATA_20TB1/OCT/archive/RetinalOCT_Dataset/RetinalOCT_Dataset/val/DME/dme_val_1210.jpg,1,512x512
train,DME,/media/miglab/DATA_20TB1/OCT/archive/RetinalOCT_Dataset/RetinalOCT_Dataset/train/DME/dme_train_1950.jpg,1,512x512
val,DME,/media/miglab/DATA_20TB1/OCT/archive/RetinalOCT_Dataset/RetinalOCT_Dataset/val/DME/dme_val_1225.jpg,1,512x512
test,DME,/media/miglab/DATA_20TB1/OCT/archive/RetinalOCT_Dataset/RetinalOCT_Dataset/test/DME/dme_test_1134.jpg,1,512x512
train,DME,/media/miglab/DATA_20TB1/OCT/archive/RetinalOCT_Dataset/RetinalOCT_Dataset/train/DME/dme_train_2105.jpg,1,512x512
train,DME,/media/miglab/DATA_20TB1/OCT/archive/RetinalOCT_Dataset/RetinalOCT_Dataset/train/DME/dme_train_2241.jpg,1,512x512
train,DME,/media/miglab/DATA_20TB1/OCT/archive/RetinalOCT_Dataset/RetinalOCT_Dataset/train/DME/dme_train_1258.jpg,1,512x512
train,DME,/media/miglab/DATA_20TB1/OCT/archive/RetinalOCT_Dataset/RetinalOCT_Dataset/train/DME/dme_train_1895.jpg,1,512x512
train,DME,/media/miglab/DATA_20TB1/OCT/archive/RetinalOCT_Dataset/RetinalOCT_Dataset/train/DME/dme_train_3029.jpg,1,512x512
train,DME,/media/miglab/DATA_20TB1/OCT/archive/RetinalOCT_Dataset/RetinalOCT_Dataset/train/DME/dme_train_2956.jpg,1,512x512
test,DME,/media/miglab/DATA_20TB1/OCT/archive/RetinalOCT_Dataset/RetinalOCT_Dataset/test/DME/dme_test_1325.jpg,1,512x512
train,DME,/media/miglab/DATA_20TB1/OCT/archive/RetinalOCT_Dataset/RetinalOCT_Dataset/train/DME/dme_train_2049.jpg,1,512x512
train,DME,/media/miglab/DATA_20TB1/OCT/archive/RetinalOCT_Dataset/RetinalOCT_Dataset/train/DME/dme_train_2259.jpg,1,512x512
train,DME,/media/miglab/DATA_20TB1/OCT/archive/RetinalOCT_Dataset/RetinalOCT_Dataset/train/DME/dme_train_2610.jpg,1,512x512
test,DME,/media/miglab/DATA_20TB1/OCT/archive/RetinalOCT_Dataset/RetinalOCT_Dataset/test/DME/dme_test_1205.jpg,1,512x512
train,DME,/media/miglab/DATA_20TB1/OCT/archive/RetinalOCT_Dataset/RetinalOCT_Dataset/train/DME/dme_train_2830.jpg,1,512x512
train,DME,/media/miglab/DATA_20TB1/OCT/archive/RetinalOCT_Dataset/RetinalOCT_Dataset/train/DME/dme_train_1747.jpg,1,512x512
train,DME,/media/miglab/DATA_20TB1/OCT/archive/RetinalOCT_Dataset/RetinalOCT_Dataset/train/DME/dme_train_2961.jpg,1,512x512
val,DME,/media/miglab/DATA_20TB1/OCT/archive/RetinalOCT_Dataset/RetinalOCT_Dataset/val/DME/dme_val_1005.jpg,1,512x512
train,DME,/media/miglab/DATA_20TB1/OCT/archive/RetinalOCT_Dataset/RetinalOCT_Dataset/train/DME/dme_train_1210.jpg,1,512x512
train,DME,/media/miglab/DATA_20TB1/OCT/archive/RetinalOCT_Dataset/RetinalOCT_Dataset/train/DME/dme_train_1769.jpg,1,512x512
train,DME,/media/miglab/DATA_20TB1/OCT/archive/RetinalOCT_Dataset/RetinalOCT_Dataset/train/DME/dme_train_2281.jpg,1,512x512
train,DME,/media/miglab/DATA_20TB1/OCT/archive/RetinalOCT_Dataset/RetinalOCT_Dataset/train/DME/dme_train_1986.jpg,1,512x512
train,DME,/media/miglab/DATA_20TB1/OCT/archive/RetinalOCT_Dataset/RetinalOCT_Dataset/train/DME/dme_train_1882.jpg,1,512x512
train,DME,/media/miglab/DATA_20TB1/OCT/archive/RetinalOCT_Dataset/RetinalOCT_Dataset/train/DME/dme_train_2633.jpg,1,512x512
train,DME,/media/miglab/DATA_20TB1/OCT/archive/RetinalOCT_Dataset/RetinalOCT_Dataset/train/DME/dme_train_2895.jpg,1,512x512
train,DME,/media/miglab/DATA_20TB1/OCT/archive/RetinalOCT_Dataset/RetinalOCT_Dataset/train/DME/dme_train_1283.jpg,1,512x512
train,DME,/media/miglab/DATA_20TB1/OCT/archive/RetinalOCT_Dataset/RetinalOCT_Dataset/train/DME/dme_train_1255.jpg,1,512x512
train,DME,/media/miglab/DATA_20TB1/OCT/archive/RetinalOCT_Dataset/RetinalOCT_Dataset/train/DME/dme_train_2875.jpg,1,512x512
train,DME,/media/miglab/DATA_20TB1/OCT/archive/RetinalOCT_Dataset/RetinalOCT_Dataset/train/DME/dme_train_1301.jpg,1,512x512
val,DME,/media/miglab/DATA_20TB1/OCT/archive/RetinalOCT_Dataset/RetinalOCT_Dataset/val/DME/dme_val_1208.jpg,1,512x512
val,DME,/media/miglab/DATA_20TB1/OCT/archive/RetinalOCT_Dataset/RetinalOCT_Dataset/val/DME/dme_val_1229.jpg,1,512x512
train,DME,/media/miglab/DATA_20TB1/OCT/archive/RetinalOCT_Dataset/RetinalOCT_Dataset/train/DME/dme_train_2306.jpg,1,512x512
train,DME,/media/miglab/DATA_20TB1/OCT/archive/RetinalOCT_Dataset/RetinalOCT_Dataset/train/DME/dme_train_1064.jpg,1,512x512
val,DME,/media/miglab/DATA_20TB1/OCT/archive/RetinalOCT_Dataset/RetinalOCT_Dataset/val/DME/dme_val_1141.jpg,1,512x512
train,DME,/media/miglab/DATA_20TB1/OCT/archive/RetinalOCT_Dataset/RetinalOCT_Dataset/train/DME/dme_train_2094.jpg,1,512x512
train,DME,/media/miglab/DATA_20TB1/OCT/archive/RetinalOCT_Dataset/RetinalOCT_Dataset/train/DME/dme_train_3034.jpg,1,512x512
train,DME,/media/miglab/DATA_20TB1/OCT/archive/RetinalOCT_Dataset/RetinalOCT_Dataset/train/DME/dme_train_1499.jpg,1,512x512
train,DME,/media/miglab/DATA_20TB1/OCT/archive/RetinalOCT_Dataset/RetinalOCT_Dataset/train/DME/dme_train_1524.jpg,1,512x512
train,DME,/media/miglab/DATA_20TB1/OCT/archive/RetinalOCT_Dataset/RetinalOCT_Dataset/train/DME/dme_train_3043.jpg,1,512x512
test,DME,/media/miglab/DATA_20TB1/OCT/archive/RetinalOCT_Dataset/RetinalOCT_Dataset/test/DME/dme_test_1340.jpg,1,512x512
train,DME,/media/miglab/DATA_20TB1/OCT/archive/RetinalOCT_Dataset/RetinalOCT_Dataset/train/DME/dme_train_1030.jpg,1,512x512
train,DME,/media/miglab/DATA_20TB1/OCT/archive/RetinalOCT_Dataset/RetinalOCT_Dataset/train/DME/dme_train_2655.jpg,1,512x512
test,DME,/media/miglab/DATA_20TB1/OCT/archive/RetinalOCT_Dataset/RetinalOCT_Dataset/test/DME/dme_test_1295.jpg,1,512x512
train,DME,/media/miglab/DATA_20TB1/OCT/archive/RetinalOCT_Dataset/RetinalOCT_Dataset/train/DME/dme_train_2516.jpg,1,512x512
train,DME,/media/miglab/DATA_20TB1/OCT/archive/RetinalOCT_Dataset/RetinalOCT_Dataset/train/DME/dme_train_3232.jpg,1,512x512
train,DME,/media/miglab/DATA_20TB1/OCT/archive/RetinalOCT_Dataset/RetinalOCT_Dataset/train/DME/dme_train_2052.jpg,1,512x512
train,DME,/media/miglab/DATA_20TB1/OCT/archive/RetinalOCT_Dataset/RetinalOCT_Dataset/train/DME/dme_train_3132.jpg,1,512x512
train,DME,/media/miglab/DATA_20TB1/OCT/archive/RetinalOCT_Dataset/RetinalOCT_Dataset/train/DME/dme_train_1917.jpg,1,512x512
train,DME,/media/miglab/DATA_20TB1/OCT/archive/RetinalOCT_Dataset/RetinalOCT_Dataset/train/DME/dme_train_2011.jpg,1,512x512
train,DME,/media/miglab/DATA_20TB1/OCT/archive/RetinalOCT_Dataset/RetinalOCT_Dataset/train/DME/dme_train_1410.jpg,1,512x512
train,DME,/media/miglab/DATA_20TB1/OCT/archive/RetinalOCT_Dataset/RetinalOCT_Dataset/train/DME/dme_train_2016.jpg,1,512x512
train,DME,/media/miglab/DATA_20TB1/OCT/archive/RetinalOCT_Dataset/RetinalOCT_Dataset/train/DME/dme_train_1771.jpg,1,512x512
train,DME,/media/miglab/DATA_20TB1/OCT/archive/RetinalOCT_Dataset/RetinalOCT_Dataset/train/DME/dme_train_2776.jpg,1,512x512
train,DME,/media/miglab/DATA_20TB1/OCT/archive/RetinalOCT_Dataset/RetinalOCT_Dataset/train/DME/dme_train_2046.jpg,1,512x512
train,DME,/media/miglab/DATA_20TB1/OCT/archive/RetinalOCT_Dataset/RetinalOCT_Dataset/train/DME/dme_train_1168.jpg,1,512x512
train,DME,/media/miglab/DATA_20TB1/OCT/archive/RetinalOCT_Dataset/RetinalOCT_Dataset/train/DME/dme_train_1820.jpg,1,512x512
train,DME,/media/miglab/DATA_20TB1/OCT/archive/RetinalOCT_Dataset/RetinalOCT_Dataset/train/DME/dme_train_3273.jpg,1,512x512
train,DME,/media/miglab/DATA_20TB1/OCT/archive/RetinalOCT_Dataset/RetinalOCT_Dataset/train/DME/dme_train_2735.jpg,1,512x512
train,DME,/media/miglab/DATA_20TB1/OCT/archive/RetinalOCT_Dataset/RetinalOCT_Dataset/train/DME/dme_train_2808.jpg,1,512x512
train,DME,/media/miglab/DATA_20TB1/OCT/archive/RetinalOCT_Dataset/RetinalOCT_Dataset/train/DME/dme_train_2335.jpg,1,512x512
train,DME,/media/miglab/DATA_20TB1/OCT/archive/RetinalOCT_Dataset/RetinalOCT_Dataset/train/DME/dme_train_1999.jpg,1,512x512
train,DME,/media/miglab/DATA_20TB1/OCT/archive/RetinalOCT_Dataset/RetinalOCT_Dataset/train/DME/dme_train_2484.jpg,1,512x512
train,DME,/media/miglab/DATA_20TB1/OCT/archive/RetinalOCT_Dataset/RetinalOCT_Dataset/train/DME/dme_train_1284.jpg,1,512x512
train,DME,/media/miglab/DATA_20TB1/OCT/archive/RetinalOCT_Dataset/RetinalOCT_Dataset/train/DME/dme_train_1211.jpg,1,512x512
train,DME,/media/miglab/DATA_20TB1/OCT/archive/RetinalOCT_Dataset/RetinalOCT_Dataset/train/DME/dme_train_1869.jpg,1,512x512
test,DME,/media/miglab/DATA_20TB1/OCT/archive/RetinalOCT_Dataset/RetinalOCT_Dataset/test/DME/dme_test_1157.jpg,1,512x512
test,DME,/media/miglab/DATA_20TB1/OCT/archive/RetinalOCT_Dataset/RetinalOCT_Dataset/test/DME/dme_test_1074.jpg,1,512x512
val,DME,/media/miglab/DATA_20TB1/OCT/archive/RetinalOCT_Dataset/RetinalOCT_Dataset/val/DME/dme_val_1254.jpg,1,512x512
train,DME,/media/miglab/DATA_20TB1/OCT/archive/RetinalOCT_Dataset/RetinalOCT_Dataset/train/DME/dme_train_3281.jpg,1,512x512
test,DME,/media/miglab/DATA_20TB1/OCT/archive/RetinalOCT_Dataset/RetinalOCT_Dataset/test/DME/dme_test_1209.jpg,1,512x512
train,DME,/media/miglab/DATA_20TB1/OCT/archive/RetinalOCT_Dataset/RetinalOCT_Dataset/train/DME/dme_train_1121.jpg,1,512x512
train,DME,/media/miglab/DATA_20TB1/OCT/archive/RetinalOCT_Dataset/RetinalOCT_Dataset/train/DME/dme_train_1183.jpg,1,512x512
val,DME,/media/miglab/DATA_20TB1/OCT/archive/RetinalOCT_Dataset/RetinalOCT_Dataset/val/DME/dme_val_1070.jpg,1,512x512
train,DME,/media/miglab/DATA_20TB1/OCT/archive/RetinalOCT_Dataset/RetinalOCT_Dataset/train/DME/dme_train_1910.jpg,1,512x512
train,DME,/media/miglab/DATA_20TB1/OCT/archive/RetinalOCT_Dataset/RetinalOCT_Dataset/train/DME/dme_train_2768.jpg,1,512x512
train,DME,/media/miglab/DATA_20TB1/OCT/archive/RetinalOCT_Dataset/RetinalOCT_Dataset/train/DME/dme_train_2557.jpg,1,512x512
train,DME,/media/miglab/DATA_20TB1/OCT/archive/RetinalOCT_Dataset/RetinalOCT_Dataset/train/DME/dme_train_1954.jpg,1,512x512
test,DME,/media/miglab/DATA_20TB1/OCT/archive/RetinalOCT_Dataset/RetinalOCT_Dataset/test/DME/dme_test_1242.jpg,1,512x512
train,DME,/media/miglab/DATA_20TB1/OCT/archive/RetinalOCT_Dataset/RetinalOCT_Dataset/train/DME/dme_train_2212.jpg,1,512x512
train,DME,/media/miglab/DATA_20TB1/OCT/archive/RetinalOCT_Dataset/RetinalOCT_Dataset/train/DME/dme_train_3286.jpg,1,512x512
train,DME,/media/miglab/DATA_20TB1/OCT/archive/RetinalOCT_Dataset/RetinalOCT_Dataset/train/DME/dme_train_2235.jpg,1,512x512
train,DME,/media/miglab/DATA_20TB1/OCT/archive/RetinalOCT_Dataset/RetinalOCT_Dataset/train/DME/dme_train_2165.jpg,1,512x512
train,DME,/media/miglab/DATA_20TB1/OCT/archive/RetinalOCT_Dataset/RetinalOCT_Dataset/train/DME/dme_train_2089.jpg,1,512x512
train,DME,/media/miglab/DATA_20TB1/OCT/archive/RetinalOCT_Dataset/RetinalOCT_Dataset/train/DME/dme_train_2030.jpg,1,512x512
val,DME,/media/miglab/DATA_20TB1/OCT/archive/RetinalOCT_Dataset/RetinalOCT_Dataset/val/DME/dme_val_1161.jpg,1,512x512
train,DME,/media/miglab/DATA_20TB1/OCT/archive/RetinalOCT_Dataset/RetinalOCT_Dataset/train/DME/dme_train_1610.jpg,1,512x512
train,DME,/media/miglab/DATA_20TB1/OCT/archive/RetinalOCT_Dataset/RetinalOCT_Dataset/train/DME/dme_train_1582.jpg,1,512x512
train,DME,/media/miglab/DATA_20TB1/OCT/archive/RetinalOCT_Dataset/RetinalOCT_Dataset/train/DME/dme_train_2106.jpg,1,512x512
train,DME,/media/miglab/DATA_20TB1/OCT/archive/RetinalOCT_Dataset/RetinalOCT_Dataset/train/DME/dme_train_2708.jpg,1,512x512
train,DME,/media/miglab/DATA_20TB1/OCT/archive/RetinalOCT_Dataset/RetinalOCT_Dataset/train/DME/dme_train_1802.jpg,1,512x512
train,DME,/media/miglab/DATA_20TB1/OCT/archive/RetinalOCT_Dataset/RetinalOCT_Dataset/train/DME/dme_train_2485.jpg,1,512x512
train,DME,/media/miglab/DATA_20TB1/OCT/archive/RetinalOCT_Dataset/RetinalOCT_Dataset/train/DME/dme_train_1409.jpg,1,512x512
train,DME,/media/miglab/DATA_20TB1/OCT/archive/RetinalOCT_Dataset/RetinalOCT_Dataset/train/DME/dme_train_1188.jpg,1,512x512
train,DME,/media/miglab/DATA_20TB1/OCT/archive/RetinalOCT_Dataset/RetinalOCT_Dataset/train/DME/dme_train_2690.jpg,1,512x512
train,DME,/media/miglab/DATA_20TB1/OCT/archive/RetinalOCT_Dataset/RetinalOCT_Dataset/train/DME/dme_train_2770.jpg,1,512x512
train,DME,/media/miglab/DATA_20TB1/OCT/archive/RetinalOCT_Dataset/RetinalOCT_Dataset/train/DME/dme_train_1548.jpg,1,512x512
train,DME,/media/miglab/DATA_20TB1/OCT/archive/RetinalOCT_Dataset/RetinalOCT_Dataset/train/DME/dme_train_2833.jpg,1,512x512
train,DME,/media/miglab/DATA_20TB1/OCT/archive/RetinalOCT_Dataset/RetinalOCT_Dataset/train/DME/dme_train_1209.jpg,1,512x512
train,DME,/media/miglab/DATA_20TB1/OCT/archive/RetinalOCT_Dataset/RetinalOCT_Dataset/train/DME/dme_train_2334.jpg,1,512x512
val,DME,/media/miglab/DATA_20TB1/OCT/archive/RetinalOCT_Dataset/RetinalOCT_Dataset/val/DME/dme_val_1149.jpg,1,512x512
train,DME,/media/miglab/DATA_20TB1/OCT/archive/RetinalOCT_Dataset/RetinalOCT_Dataset/train/DME/dme_train_1167.jpg,1,512x512
train,DME,/media/miglab/DATA_20TB1/OCT/archive/RetinalOCT_Dataset/RetinalOCT_Dataset/train/DME/dme_train_2329.jpg,1,512x512
train,DME,/media/miglab/DATA_20TB1/OCT/archive/RetinalOCT_Dataset/RetinalOCT_Dataset/train/DME/dme_train_1511.jpg,1,512x512
train,DME,/media/miglab/DATA_20TB1/OCT/archive/RetinalOCT_Dataset/RetinalOCT_Dataset/train/DME/dme_train_1872.jpg,1,512x512
train,DME,/media/miglab/DATA_20TB1/OCT/archive/RetinalOCT_Dataset/RetinalOCT_Dataset/train/DME/dme_train_1627.jpg,1,512x512
train,DME,/media/miglab/DATA_20TB1/OCT/archive/RetinalOCT_Dataset/RetinalOCT_Dataset/train/DME/dme_train_1777.jpg,1,512x512
train,DME,/media/miglab/DATA_20TB1/OCT/archive/RetinalOCT_Dataset/RetinalOCT_Dataset/train/DME/dme_train_2890.jpg,1,512x512
train,DME,/media/miglab/DATA_20TB1/OCT/archive/RetinalOCT_Dataset/RetinalOCT_Dataset/train/DME/dme_train_2716.jpg,1,512x512
train,DME,/media/miglab/DATA_20TB1/OCT/archive/RetinalOCT_Dataset/RetinalOCT_Dataset/train/DME/dme_train_2263.jpg,1,512x512
train,DME,/media/miglab/DATA_20TB1/OCT/archive/RetinalOCT_Dataset/RetinalOCT_Dataset/train/DME/dme_train_2503.jpg,1,512x512
test,DME,/media/miglab/DATA_20TB1/OCT/archive/RetinalOCT_Dataset/RetinalOCT_Dataset/test/DME/dme_test_1117.jpg,1,512x512
val,DME,/media/miglab/DATA_20TB1/OCT/archive/RetinalOCT_Dataset/RetinalOCT_Dataset/val/DME/dme_val_1076.jpg,1,512x512
test,DME,/media/miglab/DATA_20TB1/OCT/archive/RetinalOCT_Dataset/RetinalOCT_Dataset/test/DME/dme_test_1046.jpg,1,512x512
train,DME,/media/miglab/DATA_20TB1/OCT/archive/RetinalOCT_Dataset/RetinalOCT_Dataset/train/DME/dme_train_3229.jpg,1,512x512
train,DME,/media/miglab/DATA_20TB1/OCT/archive/RetinalOCT_Dataset/RetinalOCT_Dataset/train/DME/dme_train_2855.jpg,1,512x512
train,DME,/media/miglab/DATA_20TB1/OCT/archive/RetinalOCT_Dataset/RetinalOCT_Dataset/train/DME/dme_train_2814.jpg,1,512x512
train,DME,/media/miglab/DATA_20TB1/OCT/archive/RetinalOCT_Dataset/RetinalOCT_Dataset/train/DME/dme_train_1039.jpg,1,512x512
val,DME,/media/miglab/DATA_20TB1/OCT/archive/RetinalOCT_Dataset/RetinalOCT_Dataset/val/DME/dme_val_1199.jpg,1,512x512
train,DME,/media/miglab/DATA_20TB1/OCT/archive/RetinalOCT_Dataset/RetinalOCT_Dataset/train/DME/dme_train_2369.jpg,1,512x512
train,DME,/media/miglab/DATA_20TB1/OCT/archive/RetinalOCT_Dataset/RetinalOCT_Dataset/train/DME/dme_train_2454.jpg,1,512x512
val,DME,/media/miglab/DATA_20TB1/OCT/archive/RetinalOCT_Dataset/RetinalOCT_Dataset/val/DME/dme_val_1066.jpg,1,512x512
train,DME,/media/miglab/DATA_20TB1/OCT/archive/RetinalOCT_Dataset/RetinalOCT_Dataset/train/DME/dme_train_2628.jpg,1,512x512
train,DME,/media/miglab/DATA_20TB1/OCT/archive/RetinalOCT_Dataset/RetinalOCT_Dataset/train/DME/dme_train_1436.jpg,1,512x512
train,DME,/media/miglab/DATA_20TB1/OCT/archive/RetinalOCT_Dataset/RetinalOCT_Dataset/train/DME/dme_train_2707.jpg,1,512x512
train,DME,/media/miglab/DATA_20TB1/OCT/archive/RetinalOCT_Dataset/RetinalOCT_Dataset/train/DME/dme_train_2042.jpg,1,512x512
test,DME,/media/miglab/DATA_20TB1/OCT/archive/RetinalOCT_Dataset/RetinalOCT_Dataset/test/DME/dme_test_1059.jpg,1,512x512
train,DME,/media/miglab/DATA_20TB1/OCT/archive/RetinalOCT_Dataset/RetinalOCT_Dataset/train/DME/dme_train_2617.jpg,1,512x512
train,DME,/media/miglab/DATA_20TB1/OCT/archive/RetinalOCT_Dataset/RetinalOCT_Dataset/train/DME/dme_train_2938.jpg,1,512x512
train,DME,/media/miglab/DATA_20TB1/OCT/archive/RetinalOCT_Dataset/RetinalOCT_Dataset/train/DME/dme_train_1648.jpg,1,512x512
train,DME,/media/miglab/DATA_20TB1/OCT/archive/RetinalOCT_Dataset/RetinalOCT_Dataset/train/DME/dme_train_1026.jpg,1,512x512
val,DME,/media/miglab/DATA_20TB1/OCT/archive/RetinalOCT_Dataset/RetinalOCT_Dataset/val/DME/dme_val_1081.jpg,1,512x512
test,DME,/media/miglab/DATA_20TB1/OCT/archive/RetinalOCT_Dataset/RetinalOCT_Dataset/test/DME/dme_test_1138.jpg,1,512x512
train,DME,/media/miglab/DATA_20TB1/OCT/archive/RetinalOCT_Dataset/RetinalOCT_Dataset/train/DME/dme_train_1572.jpg,1,512x512
train,DME,/media/miglab/DATA_20TB1/OCT/archive/RetinalOCT_Dataset/RetinalOCT_Dataset/train/DME/dme_train_1272.jpg,1,512x512
train,DME,/media/miglab/DATA_20TB1/OCT/archive/RetinalOCT_Dataset/RetinalOCT_Dataset/train/DME/dme_train_2701.jpg,1,512x512
train,DME,/media/miglab/DATA_20TB1/OCT/archive/RetinalOCT_Dataset/RetinalOCT_Dataset/train/DME/dme_train_2253.jpg,1,512x512
train,DME,/media/miglab/DATA_20TB1/OCT/archive/RetinalOCT_Dataset/RetinalOCT_Dataset/train/DME/dme_train_1607.jpg,1,512x512
val,DME,/media/miglab/DATA_20TB1/OCT/archive/RetinalOCT_Dataset/RetinalOCT_Dataset/val/DME/dme_val_1327.jpg,1,512x512
train,DME,/media/miglab/DATA_20TB1/OCT/archive/RetinalOCT_Dataset/RetinalOCT_Dataset/train/DME/dme_train_1746.jpg,1,512x512
train,DME,/media/miglab/DATA_20TB1/OCT/archive/RetinalOCT_Dataset/RetinalOCT_Dataset/train/DME/dme_train_2314.jpg,1,512x512
val,DME,/media/miglab/DATA_20TB1/OCT/archive/RetinalOCT_Dataset/RetinalOCT_Dataset/val/DME/dme_val_1056.jpg,1,512x512
train,DME,/media/miglab/DATA_20TB1/OCT/archive/RetinalOCT_Dataset/RetinalOCT_Dataset/train/DME/dme_train_2787.jpg,1,512x512
train,DME,/media/miglab/DATA_20TB1/OCT/archive/RetinalOCT_Dataset/RetinalOCT_Dataset/train/DME/dme_train_1733.jpg,1,512x512
train,DME,/media/miglab/DATA_20TB1/OCT/archive/RetinalOCT_Dataset/RetinalOCT_Dataset/train/DME/dme_train_1773.jpg,1,512x512
train,DME,/media/miglab/DATA_20TB1/OCT/archive/RetinalOCT_Dataset/RetinalOCT_Dataset/train/DME/dme_train_1926.jpg,1,512x512
train,DME,/media/miglab/DATA_20TB1/OCT/archive/RetinalOCT_Dataset/RetinalOCT_Dataset/train/DME/dme_train_2292.jpg,1,512x512
train,DME,/media/miglab/DATA_20TB1/OCT/archive/RetinalOCT_Dataset/RetinalOCT_Dataset/train/DME/dme_train_1058.jpg,1,512x512
train,DME,/media/miglab/DATA_20TB1/OCT/archive/RetinalOCT_Dataset/RetinalOCT_Dataset/train/DME/dme_train_1960.jpg,1,512x512
train,DME,/media/miglab/DATA_20TB1/OCT/archive/RetinalOCT_Dataset/RetinalOCT_Dataset/train/DME/dme_train_2783.jpg,1,512x512
val,DME,/media/miglab/DATA_20TB1/OCT/archive/RetinalOCT_Dataset/RetinalOCT_Dataset/val/DME/dme_val_1163.jpg,1,512x512
train,DME,/media/miglab/DATA_20TB1/OCT/archive/RetinalOCT_Dataset/RetinalOCT_Dataset/train/DME/dme_train_2746.jpg,1,512x512
train,DME,/media/miglab/DATA_20TB1/OCT/archive/RetinalOCT_Dataset/RetinalOCT_Dataset/train/DME/dme_train_1757.jpg,1,512x512
train,DME,/media/miglab/DATA_20TB1/OCT/archive/RetinalOCT_Dataset/RetinalOCT_Dataset/train/DME/dme_train_2318.jpg,1,512x512
train,DME,/media/miglab/DATA_20TB1/OCT/archive/RetinalOCT_Dataset/RetinalOCT_Dataset/train/DME/dme_train_1459.jpg,1,512x512
train,DME,/media/miglab/DATA_20TB1/OCT/archive/RetinalOCT_Dataset/RetinalOCT_Dataset/train/DME/dme_train_1179.jpg,1,512x512
train,DME,/media/miglab/DATA_20TB1/OCT/archive/RetinalOCT_Dataset/RetinalOCT_Dataset/train/DME/dme_train_1641.jpg,1,512x512
train,DME,/media/miglab/DATA_20TB1/OCT/archive/RetinalOCT_Dataset/RetinalOCT_Dataset/train/DME/dme_train_3269.jpg,1,512x512
train,DME,/media/miglab/DATA_20TB1/OCT/archive/RetinalOCT_Dataset/RetinalOCT_Dataset/train/DME/dme_train_2600.jpg,1,512x512
val,DME,/media/miglab/DATA_20TB1/OCT/archive/RetinalOCT_Dataset/RetinalOCT_Dataset/val/DME/dme_val_1026.jpg,1,512x512
val,DME,/media/miglab/DATA_20TB1/OCT/archive/RetinalOCT_Dataset/RetinalOCT_Dataset/val/DME/dme_val_1159.jpg,1,512x512
train,DME,/media/miglab/DATA_20TB1/OCT/archive/RetinalOCT_Dataset/RetinalOCT_Dataset/train/DME/dme_train_1111.jpg,1,512x512
train,DME,/media/miglab/DATA_20TB1/OCT/archive/RetinalOCT_Dataset/RetinalOCT_Dataset/train/DME/dme_train_2721.jpg,1,512x512
test,DME,/media/miglab/DATA_20TB1/OCT/archive/RetinalOCT_Dataset/RetinalOCT_Dataset/test/DME/dme_test_1024.jpg,1,512x512
train,DME,/media/miglab/DATA_20TB1/OCT/archive/RetinalOCT_Dataset/RetinalOCT_Dataset/train/DME/dme_train_1649.jpg,1,512x512
train,DME,/media/miglab/DATA_20TB1/OCT/archive/RetinalOCT_Dataset/RetinalOCT_Dataset/train/DME/dme_train_1982.jpg,1,512x512
train,DME,/media/miglab/DATA_20TB1/OCT/archive/RetinalOCT_Dataset/RetinalOCT_Dataset/train/DME/dme_train_1596.jpg,1,512x512
train,DME,/media/miglab/DATA_20TB1/OCT/archive/RetinalOCT_Dataset/RetinalOCT_Dataset/train/DME/dme_train_2674.jpg,1,512x512
train,DME,/media/miglab/DATA_20TB1/OCT/archive/RetinalOCT_Dataset/RetinalOCT_Dataset/train/DME/dme_train_2364.jpg,1,512x512
train,DME,/media/miglab/DATA_20TB1/OCT/archive/RetinalOCT_Dataset/RetinalOCT_Dataset/train/DME/dme_train_2324.jpg,1,512x512
train,DME,/media/miglab/DATA_20TB1/OCT/archive/RetinalOCT_Dataset/RetinalOCT_Dataset/train/DME/dme_train_2297.jpg,1,512x512
train,DME,/media/miglab/DATA_20TB1/OCT/archive/RetinalOCT_Dataset/RetinalOCT_Dataset/train/DME/dme_train_2798.jpg,1,512x512
val,DME,/media/miglab/DATA_20TB1/OCT/archive/RetinalOCT_Dataset/RetinalOCT_Dataset/val/DME/dme_val_1154.jpg,1,512x512
train,DME,/media/miglab/DATA_20TB1/OCT/archive/RetinalOCT_Dataset/RetinalOCT_Dataset/train/DME/dme_train_1928.jpg,1,512x512
train,DME,/media/miglab/DATA_20TB1/OCT/archive/RetinalOCT_Dataset/RetinalOCT_Dataset/train/DME/dme_train_2470.jpg,1,512x512
train,DME,/media/miglab/DATA_20TB1/OCT/archive/RetinalOCT_Dataset/RetinalOCT_Dataset/train/DME/dme_train_2677.jpg,1,512x512
train,DME,/media/miglab/DATA_20TB1/OCT/archive/RetinalOCT_Dataset/RetinalOCT_Dataset/train/DME/dme_train_2461.jpg,1,512x512
train,DME,/media/miglab/DATA_20TB1/OCT/archive/RetinalOCT_Dataset/RetinalOCT_Dataset/train/DME/dme_train_3241.jpg,1,512x512
train,DME,/media/miglab/DATA_20TB1/OCT/archive/RetinalOCT_Dataset/RetinalOCT_Dataset/train/DME/dme_train_2718.jpg,1,512x512
train,DME,/media/miglab/DATA_20TB1/OCT/archive/RetinalOCT_Dataset/RetinalOCT_Dataset/train/DME/dme_train_1416.jpg,1,512x512
train,DME,/media/miglab/DATA_20TB1/OCT/archive/RetinalOCT_Dataset/RetinalOCT_Dataset/train/DME/dme_train_1865.jpg,1,512x512
train,DME,/media/miglab/DATA_20TB1/OCT/archive/RetinalOCT_Dataset/RetinalOCT_Dataset/train/DME/dme_train_2499.jpg,1,512x512
train,DME,/media/miglab/DATA_20TB1/OCT/archive/RetinalOCT_Dataset/RetinalOCT_Dataset/train/DME/dme_train_3125.jpg,1,512x512
train,DME,/media/miglab/DATA_20TB1/OCT/archive/RetinalOCT_Dataset/RetinalOCT_Dataset/train/DME/dme_train_2843.jpg,1,512x512
train,DME,/media/miglab/DATA_20TB1/OCT/archive/RetinalOCT_Dataset/RetinalOCT_Dataset/train/DME/dme_train_1790.jpg,1,512x512
train,DME,/media/miglab/DATA_20TB1/OCT/archive/RetinalOCT_Dataset/RetinalOCT_Dataset/train/DME/dme_train_2755.jpg,1,512x512
train,DME,/media/miglab/DATA_20TB1/OCT/archive/RetinalOCT_Dataset/RetinalOCT_Dataset/train/DME/dme_train_1967.jpg,1,512x512
train,DME,/media/miglab/DATA_20TB1/OCT/archive/RetinalOCT_Dataset/RetinalOCT_Dataset/train/DME/dme_train_3300.jpg,1,512x512
test,DME,/media/miglab/DATA_20TB1/OCT/archive/RetinalOCT_Dataset/RetinalOCT_Dataset/test/DME/dme_test_1076.jpg,1,512x512
train,NORMAL,/media/miglab/DATA_20TB1/OCT/archive/RetinalOCT_Dataset/RetinalOCT_Dataset/train/NORMAL/normal_train_2476.jpg,0,496x512
train,NORMAL,/media/miglab/DATA_20TB1/OCT/archive/RetinalOCT_Dataset/RetinalOCT_Dataset/train/NORMAL/normal_train_2914.jpg,0,496x512
train,NORMAL,/media/miglab/DATA_20TB1/OCT/archive/RetinalOCT_Dataset/RetinalOCT_Dataset/train/NORMAL/normal_train_2551.jpg,0,496x512
train,NORMAL,/media/miglab/DATA_20TB1/OCT/archive/RetinalOCT_Dataset/RetinalOCT_Dataset/train/NORMAL/normal_train_2900.jpg,0,496x768
train,NORMAL,/media/miglab/DATA_20TB1/OCT/archive/RetinalOCT_Dataset/RetinalOCT_Dataset/train/NORMAL/normal_train_2567.jpg,0,496x768
train,NORMAL,/media/miglab/DATA_20TB1/OCT/archive/RetinalOCT_Dataset/RetinalOCT_Dataset/train/NORMAL/normal_train_1190.jpg,0,496x512
train,NORMAL,/media/miglab/DATA_20TB1/OCT/archive/RetinalOCT_Dataset/RetinalOCT_Dataset/train/NORMAL/normal_train_2569.jpg,0,496x512
train,NORMAL,/media/miglab/DATA_20TB1/OCT/archive/RetinalOCT_Dataset/RetinalOCT_Dataset/train/NORMAL/normal_train_1436.jpg,0,496x512
train,NORMAL,/media/miglab/DATA_20TB1/OCT/archive/RetinalOCT_Dataset/RetinalOCT_Dataset/train/NORMAL/normal_train_1911.jpg,0,496x512
train,NORMAL,/media/miglab/DATA_20TB1/OCT/archive/RetinalOCT_Dataset/RetinalOCT_Dataset/train/NORMAL/normal_train_2801.jpg,0,496x768
train,NORMAL,/media/miglab/DATA_20TB1/OCT/archive/RetinalOCT_Dataset/RetinalOCT_Dataset/train/NORMAL/normal_train_2597.jpg,0,512x512
train,NORMAL,/media/miglab/DATA_20TB1/OCT/archive/RetinalOCT_Dataset/RetinalOCT_Dataset/train/NORMAL/normal_train_1608.jpg,0,496x512
train,NORMAL,/media/miglab/DATA_20TB1/OCT/archive/RetinalOCT_Dataset/RetinalOCT_Dataset/train/NORMAL/normal_train_1455.jpg,0,496x512
train,NORMAL,/media/miglab/DATA_20TB1/OCT/archive/RetinalOCT_Dataset/RetinalOCT_Dataset/train/NORMAL/normal_train_1862.jpg,0,496x768
train,NORMAL,/media/miglab/DATA_20TB1/OCT/archive/RetinalOCT_Dataset/RetinalOCT_Dataset/train/NORMAL/normal_train_2304.jpg,0,496x768
train,NORMAL,/media/miglab/DATA_20TB1/OCT/archive/RetinalOCT_Dataset/RetinalOCT_Dataset/train/NORMAL/normal_train_2525.jpg,0,496x768
train,NORMAL,/media/miglab/DATA_20TB1/OCT/archive/RetinalOCT_Dataset/RetinalOCT_Dataset/train/NORMAL/normal_train_2295.jpg,0,496x512
train,NORMAL,/media/miglab/DATA_20TB1/OCT/archive/RetinalOCT_Dataset/RetinalOCT_Dataset/train/NORMAL/normal_train_1941.jpg,0,496x512
train,NORMAL,/media/miglab/DATA_20TB1/OCT/archive/RetinalOCT_Dataset/RetinalOCT_Dataset/train/NORMAL/normal_train_2097.jpg,0,496x768
train,NORMAL,/media/miglab/DATA_20TB1/OCT/archive/RetinalOCT_Dataset/RetinalOCT_Dataset/train/NORMAL/normal_train_1200.jpg,0,512x512
train,NORMAL,/media/miglab/DATA_20TB1/OCT/archive/RetinalOCT_Dataset/RetinalOCT_Dataset/train/NORMAL/normal_train_1808.jpg,0,496x768
train,NORMAL,/media/miglab/DATA_20TB1/OCT/archive/RetinalOCT_Dataset/RetinalOCT_Dataset/train/NORMAL/normal_train_2968.jpg,0,512x512
train,NORMAL,/media/miglab/DATA_20TB1/OCT/archive/RetinalOCT_Dataset/RetinalOCT_Dataset/train/NORMAL/normal_train_1676.jpg,0,512x512
train,NORMAL,/media/miglab/DATA_20TB1/OCT/archive/RetinalOCT_Dataset/RetinalOCT_Dataset/train/NORMAL/normal_train_1425.jpg,0,496x512
train,NORMAL,/media/miglab/DATA_20TB1/OCT/archive/RetinalOCT_Dataset/RetinalOCT_Dataset/train/NORMAL/normal_train_3134.jpg,0,496x768
train,NORMAL,/media/miglab/DATA_20TB1/OCT/archive/RetinalOCT_Dataset/RetinalOCT_Dataset/train/NORMAL/normal_train_2266.jpg,0,496x512
train,NORMAL,/media/miglab/DATA_20TB1/OCT/archive/RetinalOCT_Dataset/RetinalOCT_Dataset/train/NORMAL/normal_train_1873.jpg,0,496x512
train,NORMAL,/media/miglab/DATA_20TB1/OCT/archive/RetinalOCT_Dataset/RetinalOCT_Dataset/train/NORMAL/normal_train_3162.jpg,0,496x512
train,NORMAL,/media/miglab/DATA_20TB1/OCT/archive/RetinalOCT_Dataset/RetinalOCT_Dataset/train/NORMAL/normal_train_2554.jpg,0,496x768
train,NORMAL,/media/miglab/DATA_20TB1/OCT/archive/RetinalOCT_Dataset/RetinalOCT_Dataset/train/NORMAL/normal_train_2459.jpg,0,496x512
train,NORMAL,/media/miglab/DATA_20TB1/OCT/archive/RetinalOCT_Dataset/RetinalOCT_Dataset/train/NORMAL/normal_train_1884.jpg,0,496x512
train,NORMAL,/media/miglab/DATA_20TB1/OCT/archive/RetinalOCT_Dataset/RetinalOCT_Dataset/train/NORMAL/normal_train_1034.jpg,0,496x512
train,NORMAL,/media/miglab/DATA_20TB1/OCT/archive/RetinalOCT_Dataset/RetinalOCT_Dataset/train/NORMAL/normal_train_3211.jpg,0,496x512
train,NORMAL,/media/miglab/DATA_20TB1/OCT/archive/RetinalOCT_Dataset/RetinalOCT_Dataset/train/NORMAL/normal_train_2579.jpg,0,496x768
train,NORMAL,/media/miglab/DATA_20TB1/OCT/archive/RetinalOCT_Dataset/RetinalOCT_Dataset/train/NORMAL/normal_train_2793.jpg,0,496x512
train,NORMAL,/media/miglab/DATA_20TB1/OCT/archive/RetinalOCT_Dataset/RetinalOCT_Dataset/train/NORMAL/normal_train_2390.jpg,0,512x512
train,NORMAL,/media/miglab/DATA_20TB1/OCT/archive/RetinalOCT_Dataset/RetinalOCT_Dataset/train/NORMAL/normal_train_1322.jpg,0,496x768
train,NORMAL,/media/miglab/DATA_20TB1/OCT/archive/RetinalOCT_Dataset/RetinalOCT_Dataset/train/NORMAL/normal_train_2505.jpg,0,496x512
train,NORMAL,/media/miglab/DATA_20TB1/OCT/archive/RetinalOCT_Dataset/RetinalOCT_Dataset/train/NORMAL/normal_train_3016.jpg,0,496x768
train,NORMAL,/media/miglab/DATA_20TB1/OCT/archive/RetinalOCT_Dataset/RetinalOCT_Dataset/train/NORMAL/normal_train_3093.jpg,0,496x512
train,NORMAL,/media/miglab/DATA_20TB1/OCT/archive/RetinalOCT_Dataset/RetinalOCT_Dataset/train/NORMAL/normal_train_1956.jpg,0,496x512
train,NORMAL,/media/miglab/DATA_20TB1/OCT/archive/RetinalOCT_Dataset/RetinalOCT_Dataset/train/NORMAL/normal_train_1553.jpg,0,496x768
train,NORMAL,/media/miglab/DATA_20TB1/OCT/archive/RetinalOCT_Dataset/RetinalOCT_Dataset/train/NORMAL/normal_train_2628.jpg,0,512x512
train,NORMAL,/media/miglab/DATA_20TB1/OCT/archive/RetinalOCT_Dataset/RetinalOCT_Dataset/train/NORMAL/normal_train_3113.jpg,0,496x512
train,NORMAL,/media/miglab/DATA_20TB1/OCT/archive/RetinalOCT_Dataset/RetinalOCT_Dataset/train/NORMAL/normal_train_2028.jpg,0,496x512
train,NORMAL,/media/miglab/DATA_20TB1/OCT/archive/RetinalOCT_Dataset/RetinalOCT_Dataset/train/NORMAL/normal_train_2300.jpg,0,496x512
train,NORMAL,/media/miglab/DATA_20TB1/OCT/archive/RetinalOCT_Dataset/RetinalOCT_Dataset/train/NORMAL/normal_train_1803.jpg,0,496x512
train,NORMAL,/media/miglab/DATA_20TB1/OCT/archive/RetinalOCT_Dataset/RetinalOCT_Dataset/train/NORMAL/normal_train_1209.jpg,0,496x512
train,NORMAL,/media/miglab/DATA_20TB1/OCT/archive/RetinalOCT_Dataset/RetinalOCT_Dataset/train/NORMAL/normal_train_2197.jpg,0,496x512
train,NORMAL,/media/miglab/DATA_20TB1/OCT/archive/RetinalOCT_Dataset/RetinalOCT_Dataset/train/NORMAL/normal_train_2911.jpg,0,496x768
train,NORMAL,/media/miglab/DATA_20TB1/OCT/archive/RetinalOCT_Dataset/RetinalOCT_Dataset/train/NORMAL/normal_train_1129.jpg,0,512x512
train,NORMAL,/media/miglab/DATA_20TB1/OCT/archive/RetinalOCT_Dataset/RetinalOCT_Dataset/train/NORMAL/normal_train_2850.jpg,0,496x512
train,NORMAL,/media/miglab/DATA_20TB1/OCT/archive/RetinalOCT_Dataset/RetinalOCT_Dataset/train/NORMAL/normal_train_1095.jpg,0,512x512
train,NORMAL,/media/miglab/DATA_20TB1/OCT/archive/RetinalOCT_Dataset/RetinalOCT_Dataset/train/NORMAL/normal_train_1771.jpg,0,496x512
train,NORMAL,/media/miglab/DATA_20TB1/OCT/archive/RetinalOCT_Dataset/RetinalOCT_Dataset/train/NORMAL/normal_train_1175.jpg,0,512x512
train,NORMAL,/media/miglab/DATA_20TB1/OCT/archive/RetinalOCT_Dataset/RetinalOCT_Dataset/train/NORMAL/normal_train_3014.jpg,0,496x768
train,NORMAL,/media/miglab/DATA_20TB1/OCT/archive/RetinalOCT_Dataset/RetinalOCT_Dataset/train/NORMAL/normal_train_1593.jpg,0,496x768
train,NORMAL,/media/miglab/DATA_20TB1/OCT/archive/RetinalOCT_Dataset/RetinalOCT_Dataset/train/NORMAL/normal_train_2739.jpg,0,496x512
train,NORMAL,/media/miglab/DATA_20TB1/OCT/archive/RetinalOCT_Dataset/RetinalOCT_Dataset/train/NORMAL/normal_train_2802.jpg,0,496x512
train,NORMAL,/media/miglab/DATA_20TB1/OCT/archive/RetinalOCT_Dataset/RetinalOCT_Dataset/train/NORMAL/normal_train_1346.jpg,0,496x512
train,NORMAL,/media/miglab/DATA_20TB1/OCT/archive/RetinalOCT_Dataset/RetinalOCT_Dataset/train/NORMAL/normal_train_1376.jpg,0,496x768
train,NORMAL,/media/miglab/DATA_20TB1/OCT/archive/RetinalOCT_Dataset/RetinalOCT_Dataset/train/NORMAL/normal_train_1480.jpg,0,496x768
train,NORMAL,/media/miglab/DATA_20TB1/OCT/archive/RetinalOCT_Dataset/RetinalOCT_Dataset/train/NORMAL/normal_train_2203.jpg,0,496x768
train,NORMAL,/media/miglab/DATA_20TB1/OCT/archive/RetinalOCT_Dataset/RetinalOCT_Dataset/train/NORMAL/normal_train_2418.jpg,0,512x512
train,NORMAL,/media/miglab/DATA_20TB1/OCT/archive/RetinalOCT_Dataset/RetinalOCT_Dataset/train/NORMAL/normal_train_2600.jpg,0,496x768
train,NORMAL,/media/miglab/DATA_20TB1/OCT/archive/RetinalOCT_Dataset/RetinalOCT_Dataset/train/NORMAL/normal_train_2619.jpg,0,496x512
train,NORMAL,/media/miglab/DATA_20TB1/OCT/archive/RetinalOCT_Dataset/RetinalOCT_Dataset/train/NORMAL/normal_train_1670.jpg,0,512x512
train,NORMAL,/media/miglab/DATA_20TB1/OCT/archive/RetinalOCT_Dataset/RetinalOCT_Dataset/train/NORMAL/normal_train_1534.jpg,0,496x512
train,NORMAL,/media/miglab/DATA_20TB1/OCT/archive/RetinalOCT_Dataset/RetinalOCT_Dataset/train/NORMAL/normal_train_2577.jpg,0,496x768
train,NORMAL,/media/miglab/DATA_20TB1/OCT/archive/RetinalOCT_Dataset/RetinalOCT_Dataset/train/NORMAL/normal_train_3216.jpg,0,512x512
train,NORMAL,/media/miglab/DATA_20TB1/OCT/archive/RetinalOCT_Dataset/RetinalOCT_Dataset/train/NORMAL/normal_train_2270.jpg,0,512x512
train,NORMAL,/media/miglab/DATA_20TB1/OCT/archive/RetinalOCT_Dataset/RetinalOCT_Dataset/train/NORMAL/normal_train_1779.jpg,0,496x512
train,NORMAL,/media/miglab/DATA_20TB1/OCT/archive/RetinalOCT_Dataset/RetinalOCT_Dataset/train/NORMAL/normal_train_1349.jpg,0,496x512
train,NORMAL,/media/miglab/DATA_20TB1/OCT/archive/RetinalOCT_Dataset/RetinalOCT_Dataset/train/NORMAL/normal_train_1176.jpg,0,496x768
train,NORMAL,/media/miglab/DATA_20TB1/OCT/archive/RetinalOCT_Dataset/RetinalOCT_Dataset/train/NORMAL/normal_train_1794.jpg,0,496x512
train,NORMAL,/media/miglab/DATA_20TB1/OCT/archive/RetinalOCT_Dataset/RetinalOCT_Dataset/train/NORMAL/normal_train_1056.jpg,0,496x512
train,NORMAL,/media/miglab/DATA_20TB1/OCT/archive/RetinalOCT_Dataset/RetinalOCT_Dataset/train/NORMAL/normal_train_2312.jpg,0,496x768
train,NORMAL,/media/miglab/DATA_20TB1/OCT/archive/RetinalOCT_Dataset/RetinalOCT_Dataset/train/NORMAL/normal_train_2106.jpg,0,512x512
train,NORMAL,/media/miglab/DATA_20TB1/OCT/archive/RetinalOCT_Dataset/RetinalOCT_Dataset/train/NORMAL/normal_train_2853.jpg,0,496x768
train,NORMAL,/media/miglab/DATA_20TB1/OCT/archive/RetinalOCT_Dataset/RetinalOCT_Dataset/train/NORMAL/normal_train_1298.jpg,0,496x512
train,NORMAL,/media/miglab/DATA_20TB1/OCT/archive/RetinalOCT_Dataset/RetinalOCT_Dataset/train/NORMAL/normal_train_2183.jpg,0,496x768
train,NORMAL,/media/miglab/DATA_20TB1/OCT/archive/RetinalOCT_Dataset/RetinalOCT_Dataset/train/NORMAL/normal_train_2368.jpg,0,496x512
train,NORMAL,/media/miglab/DATA_20TB1/OCT/archive/RetinalOCT_Dataset/RetinalOCT_Dataset/train/NORMAL/normal_train_2681.jpg,0,496x512
train,NORMAL,/media/miglab/DATA_20TB1/OCT/archive/RetinalOCT_Dataset/RetinalOCT_Dataset/train/NORMAL/normal_train_1764.jpg,0,512x512
train,NORMAL,/media/miglab/DATA_20TB1/OCT/archive/RetinalOCT_Dataset/RetinalOCT_Dataset/train/NORMAL/normal_train_2427.jpg,0,512x512
train,NORMAL,/media/miglab/DATA_20TB1/OCT/archive/RetinalOCT_Dataset/RetinalOCT_Dataset/train/NORMAL/normal_train_2044.jpg,0,512x512
train,NORMAL,/media/miglab/DATA_20TB1/OCT/archive/RetinalOCT_Dataset/RetinalOCT_Dataset/train/NORMAL/normal_train_1183.jpg,0,512x512
train,NORMAL,/media/miglab/DATA_20TB1/OCT/archive/RetinalOCT_Dataset/RetinalOCT_Dataset/train/NORMAL/normal_train_2160.jpg,0,496x768
train,NORMAL,/media/miglab/DATA_20TB1/OCT/archive/RetinalOCT_Dataset/RetinalOCT_Dataset/train/NORMAL/normal_train_2170.jpg,0,496x512
train,NORMAL,/media/miglab/DATA_20TB1/OCT/archive/RetinalOCT_Dataset/RetinalOCT_Dataset/train/NORMAL/normal_train_3089.jpg,0,496x512
train,NORMAL,/media/miglab/DATA_20TB1/OCT/archive/RetinalOCT_Dataset/RetinalOCT_Dataset/train/NORMAL/normal_train_2179.jpg,0,496x512
train,NORMAL,/media/miglab/DATA_20TB1/OCT/archive/RetinalOCT_Dataset/RetinalOCT_Dataset/train/NORMAL/normal_train_2925.jpg,0,512x512
train,NORMAL,/media/miglab/DATA_20TB1/OCT/archive/RetinalOCT_Dataset/RetinalOCT_Dataset/train/NORMAL/normal_train_3106.jpg,0,512x512
train,NORMAL,/media/miglab/DATA_20TB1/OCT/archive/RetinalOCT_Dataset/RetinalOCT_Dataset/train/NORMAL/normal_train_2663.jpg,0,496x512
train,NORMAL,/media/miglab/DATA_20TB1/OCT/archive/RetinalOCT_Dataset/RetinalOCT_Dataset/train/NORMAL/normal_train_1491.jpg,0,496x512
train,NORMAL,/media/miglab/DATA_20TB1/OCT/archive/RetinalOCT_Dataset/RetinalOCT_Dataset/train/NORMAL/normal_train_1384.jpg,0,496x512
train,NORMAL,/media/miglab/DATA_20TB1/OCT/archive/RetinalOCT_Dataset/RetinalOCT_Dataset/train/NORMAL/normal_train_1326.jpg,0,496x512
train,NORMAL,/media/miglab/DATA_20TB1/OCT/archive/RetinalOCT_Dataset/RetinalOCT_Dataset/train/NORMAL/normal_train_2277.jpg,0,512x512
train,NORMAL,/media/miglab/DATA_20TB1/OCT/archive/RetinalOCT_Dataset/RetinalOCT_Dataset/train/NORMAL/normal_train_1187.jpg,0,512x512
train,NORMAL,/media/miglab/DATA_20TB1/OCT/archive/RetinalOCT_Dataset/RetinalOCT_Dataset/train/NORMAL/normal_train_1310.jpg,0,496x512
train,NORMAL,/media/miglab/DATA_20TB1/OCT/archive/RetinalOCT_Dataset/RetinalOCT_Dataset/train/NORMAL/normal_train_1567.jpg,0,512x512
train,NORMAL,/media/miglab/DATA_20TB1/OCT/archive/RetinalOCT_Dataset/RetinalOCT_Dataset/train/NORMAL/normal_train_1401.jpg,0,496x512
train,NORMAL,/media/miglab/DATA_20TB1/OCT/archive/RetinalOCT_Dataset/RetinalOCT_Dataset/train/NORMAL/normal_train_3144.jpg,0,512x512
train,NORMAL,/media/miglab/DATA_20TB1/OCT/archive/RetinalOCT_Dataset/RetinalOCT_Dataset/train/NORMAL/normal_train_2972.jpg,0,512x512
train,NORMAL,/media/miglab/DATA_20TB1/OCT/archive/RetinalOCT_Dataset/RetinalOCT_Dataset/train/NORMAL/normal_train_2876.jpg,0,496x512
train,NORMAL,/media/miglab/DATA_20TB1/OCT/archive/RetinalOCT_Dataset/RetinalOCT_Dataset/train/NORMAL/normal_train_2941.jpg,0,512x512
train,NORMAL,/media/miglab/DATA_20TB1/OCT/archive/RetinalOCT_Dataset/RetinalOCT_Dataset/train/NORMAL/normal_train_1636.jpg,0,496x512
train,NORMAL,/media/miglab/DATA_20TB1/OCT/archive/RetinalOCT_Dataset/RetinalOCT_Dataset/train/NORMAL/normal_train_1264.jpg,0,496x768
train,NORMAL,/media/miglab/DATA_20TB1/OCT/archive/RetinalOCT_Dataset/RetinalOCT_Dataset/train/NORMAL/normal_train_1735.jpg,0,512x512
train,NORMAL,/media/miglab/DATA_20TB1/OCT/archive/RetinalOCT_Dataset/RetinalOCT_Dataset/train/NORMAL/normal_train_3219.jpg,0,496x512
train,NORMAL,/media/miglab/DATA_20TB1/OCT/archive/RetinalOCT_Dataset/RetinalOCT_Dataset/train/NORMAL/normal_train_2149.jpg,0,496x768
train,NORMAL,/media/miglab/DATA_20TB1/OCT/archive/RetinalOCT_Dataset/RetinalOCT_Dataset/train/NORMAL/normal_train_1151.jpg,0,496x768
train,NORMAL,/media/miglab/DATA_20TB1/OCT/archive/RetinalOCT_Dataset/RetinalOCT_Dataset/train/NORMAL/normal_train_1337.jpg,0,496x768
train,NORMAL,/media/miglab/DATA_20TB1/OCT/archive/RetinalOCT_Dataset/RetinalOCT_Dataset/train/NORMAL/normal_train_1629.jpg,0,496x768
train,NORMAL,/media/miglab/DATA_20TB1/OCT/archive/RetinalOCT_Dataset/RetinalOCT_Dataset/train/NORMAL/normal_train_2145.jpg,0,512x512
train,NORMAL,/media/miglab/DATA_20TB1/OCT/archive/RetinalOCT_Dataset/RetinalOCT_Dataset/train/NORMAL/normal_train_1861.jpg,0,496x512
train,NORMAL,/media/miglab/DATA_20TB1/OCT/archive/RetinalOCT_Dataset/RetinalOCT_Dataset/train/NORMAL/normal_train_2188.jpg,0,496x768
train,NORMAL,/media/miglab/DATA_20TB1/OCT/archive/RetinalOCT_Dataset/RetinalOCT_Dataset/train/NORMAL/normal_train_1374.jpg,0,496x512
train,NORMAL,/media/miglab/DATA_20TB1/OCT/archive/RetinalOCT_Dataset/RetinalOCT_Dataset/train/NORMAL/normal_train_2478.jpg,0,496x512
train,NORMAL,/media/miglab/DATA_20TB1/OCT/archive/RetinalOCT_Dataset/RetinalOCT_Dataset/train/NORMAL/normal_train_1115.jpg,0,512x512
train,NORMAL,/media/miglab/DATA_20TB1/OCT/archive/RetinalOCT_Dataset/RetinalOCT_Dataset/train/NORMAL/normal_train_2795.jpg,0,496x512
train,NORMAL,/media/miglab/DATA_20TB1/OCT/archive/RetinalOCT_Dataset/RetinalOCT_Dataset/train/NORMAL/normal_train_2546.jpg,0,512x512
train,NORMAL,/media/miglab/DATA_20TB1/OCT/archive/RetinalOCT_Dataset/RetinalOCT_Dataset/train/NORMAL/normal_train_2092.jpg,0,512x512
train,NORMAL,/media/miglab/DATA_20TB1/OCT/archive/RetinalOCT_Dataset/RetinalOCT_Dataset/train/NORMAL/normal_train_2455.jpg,0,512x512
train,NORMAL,/media/miglab/DATA_20TB1/OCT/archive/RetinalOCT_Dataset/RetinalOCT_Dataset/train/NORMAL/normal_train_3033.jpg,0,496x768
train,NORMAL,/media/miglab/DATA_20TB1/OCT/archive/RetinalOCT_Dataset/RetinalOCT_Dataset/train/NORMAL/normal_train_1933.jpg,0,496x512
train,NORMAL,/media/miglab/DATA_20TB1/OCT/archive/RetinalOCT_Dataset/RetinalOCT_Dataset/train/NORMAL/normal_train_1023.jpg,0,496x512
train,NORMAL,/media/miglab/DATA_20TB1/OCT/archive/RetinalOCT_Dataset/RetinalOCT_Dataset/train/NORMAL/normal_train_2999.jpg,0,496x512
train,NORMAL,/media/miglab/DATA_20TB1/OCT/archive/RetinalOCT_Dataset/RetinalOCT_Dataset/train/NORMAL/normal_train_1722.jpg,0,512x512
train,NORMAL,/media/miglab/DATA_20TB1/OCT/archive/RetinalOCT_Dataset/RetinalOCT_Dataset/train/NORMAL/normal_train_2878.jpg,0,496x512
train,NORMAL,/media/miglab/DATA_20TB1/OCT/archive/RetinalOCT_Dataset/RetinalOCT_Dataset/train/NORMAL/normal_train_3087.jpg,0,496x512
train,NORMAL,/media/miglab/DATA_20TB1/OCT/archive/RetinalOCT_Dataset/RetinalOCT_Dataset/train/NORMAL/normal_train_1453.jpg,0,496x512
train,NORMAL,/media/miglab/DATA_20TB1/OCT/archive/RetinalOCT_Dataset/RetinalOCT_Dataset/train/NORMAL/normal_train_2806.jpg,0,496x512
train,NORMAL,/media/miglab/DATA_20TB1/OCT/archive/RetinalOCT_Dataset/RetinalOCT_Dataset/train/NORMAL/normal_train_1798.jpg,0,496x512
train,NORMAL,/media/miglab/DATA_20TB1/OCT/archive/RetinalOCT_Dataset/RetinalOCT_Dataset/train/NORMAL/normal_train_1077.jpg,0,512x512
train,NORMAL,/media/miglab/DATA_20TB1/OCT/archive/RetinalOCT_Dataset/RetinalOCT_Dataset/train/NORMAL/normal_train_2249.jpg,0,496x512
train,NORMAL,/media/miglab/DATA_20TB1/OCT/archive/RetinalOCT_Dataset/RetinalOCT_Dataset/train/NORMAL/normal_train_2896.jpg,0,496x512
train,NORMAL,/media/miglab/DATA_20TB1/OCT/archive/RetinalOCT_Dataset/RetinalOCT_Dataset/train/NORMAL/normal_train_2724.jpg,0,496x512
train,NORMAL,/media/miglab/DATA_20TB1/OCT/archive/RetinalOCT_Dataset/RetinalOCT_Dataset/train/NORMAL/normal_train_1949.jpg,0,496x512
train,NORMAL,/media/miglab/DATA_20TB1/OCT/archive/RetinalOCT_Dataset/RetinalOCT_Dataset/train/NORMAL/normal_train_1156.jpg,0,512x512
train,NORMAL,/media/miglab/DATA_20TB1/OCT/archive/RetinalOCT_Dataset/RetinalOCT_Dataset/train/NORMAL/normal_train_2789.jpg,0,496x512
train,NORMAL,/media/miglab/DATA_20TB1/OCT/archive/RetinalOCT_Dataset/RetinalOCT_Dataset/train/NORMAL/normal_train_3290.jpg,0,512x512
train,NORMAL,/media/miglab/DATA_20TB1/OCT/archive/RetinalOCT_Dataset/RetinalOCT_Dataset/train/NORMAL/normal_train_1639.jpg,0,496x512
train,NORMAL,/media/miglab/DATA_20TB1/OCT/archive/RetinalOCT_Dataset/RetinalOCT_Dataset/train/NORMAL/normal_train_1236.jpg,0,496x512
train,NORMAL,/media/miglab/DATA_20TB1/OCT/archive/RetinalOCT_Dataset/RetinalOCT_Dataset/train/NORMAL/normal_train_2586.jpg,0,496x512
train,NORMAL,/media/miglab/DATA_20TB1/OCT/archive/RetinalOCT_Dataset/RetinalOCT_Dataset/train/NORMAL/normal_train_2314.jpg,0,496x512
train,NORMAL,/media/miglab/DATA_20TB1/OCT/archive/RetinalOCT_Dataset/RetinalOCT_Dataset/train/NORMAL/normal_train_1560.jpg,0,496x768
train,NORMAL,/media/miglab/DATA_20TB1/OCT/archive/RetinalOCT_Dataset/RetinalOCT_Dataset/train/NORMAL/normal_train_1537.jpg,0,496x768
train,NORMAL,/media/miglab/DATA_20TB1/OCT/archive/RetinalOCT_Dataset/RetinalOCT_Dataset/train/NORMAL/normal_train_3267.jpg,0,512x512
train,NORMAL,/media/miglab/DATA_20TB1/OCT/archive/RetinalOCT_Dataset/RetinalOCT_Dataset/train/NORMAL/normal_train_2766.jpg,0,512x512
train,NORMAL,/media/miglab/DATA_20TB1/OCT/archive/RetinalOCT_Dataset/RetinalOCT_Dataset/train/NORMAL/normal_train_1203.jpg,0,512x512
train,NORMAL,/media/miglab/DATA_20TB1/OCT/archive/RetinalOCT_Dataset/RetinalOCT_Dataset/train/NORMAL/normal_train_1261.jpg,0,512x512
train,NORMAL,/media/miglab/DATA_20TB1/OCT/archive/RetinalOCT_Dataset/RetinalOCT_Dataset/train/NORMAL/normal_train_2738.jpg,0,496x512
train,NORMAL,/media/miglab/DATA_20TB1/OCT/archive/RetinalOCT_Dataset/RetinalOCT_Dataset/train/NORMAL/normal_train_3297.jpg,0,496x768
train,NORMAL,/media/miglab/DATA_20TB1/OCT/archive/RetinalOCT_Dataset/RetinalOCT_Dataset/train/NORMAL/normal_train_2502.jpg,0,496x512
train,NORMAL,/media/miglab/DATA_20TB1/OCT/archive/RetinalOCT_Dataset/RetinalOCT_Dataset/train/NORMAL/normal_train_2445.jpg,0,496x512
train,NORMAL,/media/miglab/DATA_20TB1/OCT/archive/RetinalOCT_Dataset/RetinalOCT_Dataset/train/NORMAL/normal_train_1178.jpg,0,496x512
train,NORMAL,/media/miglab/DATA_20TB1/OCT/archive/RetinalOCT_Dataset/RetinalOCT_Dataset/train/NORMAL/normal_train_3119.jpg,0,512x512
train,NORMAL,/media/miglab/DATA_20TB1/OCT/archive/RetinalOCT_Dataset/RetinalOCT_Dataset/train/NORMAL/normal_train_1134.jpg,0,512x512
train,NORMAL,/media/miglab/DATA_20TB1/OCT/archive/RetinalOCT_Dataset/RetinalOCT_Dataset/train/NORMAL/normal_train_1710.jpg,0,512x512
train,NORMAL,/media/miglab/DATA_20TB1/OCT/archive/RetinalOCT_Dataset/RetinalOCT_Dataset/train/NORMAL/normal_train_2583.jpg,0,496x512
train,NORMAL,/media/miglab/DATA_20TB1/OCT/archive/RetinalOCT_Dataset/RetinalOCT_Dataset/train/NORMAL/normal_train_2961.jpg,0,512x512
train,NORMAL,/media/miglab/DATA_20TB1/OCT/archive/RetinalOCT_Dataset/RetinalOCT_Dataset/train/NORMAL/normal_train_2403.jpg,0,512x512
train,NORMAL,/media/miglab/DATA_20TB1/OCT/archive/RetinalOCT_Dataset/RetinalOCT_Dataset/train/NORMAL/normal_train_2707.jpg,0,496x512
train,NORMAL,/media/miglab/DATA_20TB1/OCT/archive/RetinalOCT_Dataset/RetinalOCT_Dataset/train/NORMAL/normal_train_2185.jpg,0,496x512
train,NORMAL,/media/miglab/DATA_20TB1/OCT/archive/RetinalOCT_Dataset/RetinalOCT_Dataset/train/NORMAL/normal_train_2353.jpg,0,512x512
train,NORMAL,/media/miglab/DATA_20TB1/OCT/archive/RetinalOCT_Dataset/RetinalOCT_Dataset/train/NORMAL/normal_train_2058.jpg,0,496x512
train,NORMAL,/media/miglab/DATA_20TB1/OCT/archive/RetinalOCT_Dataset/RetinalOCT_Dataset/train/NORMAL/normal_train_1925.jpg,0,496x768
train,NORMAL,/media/miglab/DATA_20TB1/OCT/archive/RetinalOCT_Dataset/RetinalOCT_Dataset/train/NORMAL/normal_train_1585.jpg,0,512x512
train,NORMAL,/media/miglab/DATA_20TB1/OCT/archive/RetinalOCT_Dataset/RetinalOCT_Dataset/train/NORMAL/normal_train_2574.jpg,0,496x512
train,NORMAL,/media/miglab/DATA_20TB1/OCT/archive/RetinalOCT_Dataset/RetinalOCT_Dataset/train/NORMAL/normal_train_2732.jpg,0,496x768
train,NORMAL,/media/miglab/DATA_20TB1/OCT/archive/RetinalOCT_Dataset/RetinalOCT_Dataset/train/NORMAL/normal_train_1972.jpg,0,496x768
train,NORMAL,/media/miglab/DATA_20TB1/OCT/archive/RetinalOCT_Dataset/RetinalOCT_Dataset/train/NORMAL/normal_train_1030.jpg,0,496x768
train,NORMAL,/media/miglab/DATA_20TB1/OCT/archive/RetinalOCT_Dataset/RetinalOCT_Dataset/train/NORMAL/normal_train_3082.jpg,0,496x768
train,NORMAL,/media/miglab/DATA_20TB1/OCT/archive/RetinalOCT_Dataset/RetinalOCT_Dataset/train/NORMAL/normal_train_1782.jpg,0,496x768
train,NORMAL,/media/miglab/DATA_20TB1/OCT/archive/RetinalOCT_Dataset/RetinalOCT_Dataset/train/NORMAL/normal_train_2742.jpg,0,496x512
train,NORMAL,/media/miglab/DATA_20TB1/OCT/archive/RetinalOCT_Dataset/RetinalOCT_Dataset/train/NORMAL/normal_train_1059.jpg,0,496x768
train,NORMAL,/media/miglab/DATA_20TB1/OCT/archive/RetinalOCT_Dataset/RetinalOCT_Dataset/train/NORMAL/normal_train_2647.jpg,0,512x512
train,NORMAL,/media/miglab/DATA_20TB1/OCT/archive/RetinalOCT_Dataset/RetinalOCT_Dataset/train/NORMAL/normal_train_2671.jpg,0,496x512
train,NORMAL,/media/miglab/DATA_20TB1/OCT/archive/RetinalOCT_Dataset/RetinalOCT_Dataset/train/NORMAL/normal_train_1477.jpg,0,496x512
train,NORMAL,/media/miglab/DATA_20TB1/OCT/archive/RetinalOCT_Dataset/RetinalOCT_Dataset/train/NORMAL/normal_train_1920.jpg,0,496x512
train,NORMAL,/media/miglab/DATA_20TB1/OCT/archive/RetinalOCT_Dataset/RetinalOCT_Dataset/train/NORMAL/normal_train_2461.jpg,0,496x512
train,NORMAL,/media/miglab/DATA_20TB1/OCT/archive/RetinalOCT_Dataset/RetinalOCT_Dataset/train/NORMAL/normal_train_1170.jpg,0,496x512
train,NORMAL,/media/miglab/DATA_20TB1/OCT/archive/RetinalOCT_Dataset/RetinalOCT_Dataset/train/NORMAL/normal_train_2019.jpg,0,512x512
train,NORMAL,/media/miglab/DATA_20TB1/OCT/archive/RetinalOCT_Dataset/RetinalOCT_Dataset/train/NORMAL/normal_train_2626.jpg,0,496x512
train,NORMAL,/media/miglab/DATA_20TB1/OCT/archive/RetinalOCT_Dataset/RetinalOCT_Dataset/train/NORMAL/normal_train_3091.jpg,0,496x512
train,NORMAL,/media/miglab/DATA_20TB1/OCT/archive/RetinalOCT_Dataset/RetinalOCT_Dataset/train/NORMAL/normal_train_1476.jpg,0,496x768
train,NORMAL,/media/miglab/DATA_20TB1/OCT/archive/RetinalOCT_Dataset/RetinalOCT_Dataset/train/NORMAL/normal_train_1188.jpg,0,512x512
train,NORMAL,/media/miglab/DATA_20TB1/OCT/archive/RetinalOCT_Dataset/RetinalOCT_Dataset/train/NORMAL/normal_train_1452.jpg,0,496x768
train,NORMAL,/media/miglab/DATA_20TB1/OCT/archive/RetinalOCT_Dataset/RetinalOCT_Dataset/train/NORMAL/normal_train_1971.jpg,0,496x768
train,NORMAL,/media/miglab/DATA_20TB1/OCT/archive/RetinalOCT_Dataset/RetinalOCT_Dataset/train/NORMAL/normal_train_2385.jpg,0,512x512
train,NORMAL,/media/miglab/DATA_20TB1/OCT/archive/RetinalOCT_Dataset/RetinalOCT_Dataset/train/NORMAL/normal_train_1230.jpg,0,496x512
train,NORMAL,/media/miglab/DATA_20TB1/OCT/archive/RetinalOCT_Dataset/RetinalOCT_Dataset/train/NORMAL/normal_train_3234.jpg,0,512x512
train,NORMAL,/media/miglab/DATA_20TB1/OCT/archive/RetinalOCT_Dataset/RetinalOCT_Dataset/train/NORMAL/normal_train_2366.jpg,0,496x768
train,NORMAL,/media/miglab/DATA_20TB1/OCT/archive/RetinalOCT_Dataset/RetinalOCT_Dataset/train/NORMAL/normal_train_1328.jpg,0,496x512
train,NORMAL,/media/miglab/DATA_20TB1/OCT/archive/RetinalOCT_Dataset/RetinalOCT_Dataset/train/NORMAL/normal_train_2086.jpg,0,496x768
train,NORMAL,/media/miglab/DATA_20TB1/OCT/archive/RetinalOCT_Dataset/RetinalOCT_Dataset/train/NORMAL/normal_train_2556.jpg,0,496x768
train,NORMAL,/media/miglab/DATA_20TB1/OCT/archive/RetinalOCT_Dataset/RetinalOCT_Dataset/train/NORMAL/normal_train_1642.jpg,0,496x768
train,NORMAL,/media/miglab/DATA_20TB1/OCT/archive/RetinalOCT_Dataset/RetinalOCT_Dataset/train/NORMAL/normal_train_2887.jpg,0,496x512
train,NORMAL,/media/miglab/DATA_20TB1/OCT/archive/RetinalOCT_Dataset/RetinalOCT_Dataset/train/NORMAL/normal_train_2317.jpg,0,496x512
train,NORMAL,/media/miglab/DATA_20TB1/OCT/archive/RetinalOCT_Dataset/RetinalOCT_Dataset/train/NORMAL/normal_train_2526.jpg,0,496x768
train,NORMAL,/media/miglab/DATA_20TB1/OCT/archive/RetinalOCT_Dataset/RetinalOCT_Dataset/train/NORMAL/normal_train_1848.jpg,0,496x768
train,NORMAL,/media/miglab/DATA_20TB1/OCT/archive/RetinalOCT_Dataset/RetinalOCT_Dataset/train/NORMAL/normal_train_1946.jpg,0,496x768
train,NORMAL,/media/miglab/DATA_20TB1/OCT/archive/RetinalOCT_Dataset/RetinalOCT_Dataset/train/NORMAL/normal_train_1916.jpg,0,496x512
train,NORMAL,/media/miglab/DATA_20TB1/OCT/archive/RetinalOCT_Dataset/RetinalOCT_Dataset/train/NORMAL/normal_train_1265.jpg,0,496x512
train,NORMAL,/media/miglab/DATA_20TB1/OCT/archive/RetinalOCT_Dataset/RetinalOCT_Dataset/train/NORMAL/normal_train_3036.jpg,0,496x768
train,NORMAL,/media/miglab/DATA_20TB1/OCT/archive/RetinalOCT_Dataset/RetinalOCT_Dataset/train/NORMAL/normal_train_1556.jpg,0,496x512
train,NORMAL,/media/miglab/DATA_20TB1/OCT/archive/RetinalOCT_Dataset/RetinalOCT_Dataset/train/NORMAL/normal_train_1174.jpg,0,496x768
train,NORMAL,/media/miglab/DATA_20TB1/OCT/archive/RetinalOCT_Dataset/RetinalOCT_Dataset/train/NORMAL/normal_train_2683.jpg,0,496x512
train,NORMAL,/media/miglab/DATA_20TB1/OCT/archive/RetinalOCT_Dataset/RetinalOCT_Dataset/train/NORMAL/normal_train_1973.jpg,0,496x512
train,NORMAL,/media/miglab/DATA_20TB1/OCT/archive/RetinalOCT_Dataset/RetinalOCT_Dataset/train/NORMAL/normal_train_1539.jpg,0,496x512
train,NORMAL,/media/miglab/DATA_20TB1/OCT/archive/RetinalOCT_Dataset/RetinalOCT_Dataset/train/NORMAL/normal_train_1781.jpg,0,496x512
train,NORMAL,/media/miglab/DATA_20TB1/OCT/archive/RetinalOCT_Dataset/RetinalOCT_Dataset/train/NORMAL/normal_train_1558.jpg,0,496x512
train,NORMAL,/media/miglab/DATA_20TB1/OCT/archive/RetinalOCT_Dataset/RetinalOCT_Dataset/train/NORMAL/normal_train_2978.jpg,0,512x512
train,NORMAL,/media/miglab/DATA_20TB1/OCT/archive/RetinalOCT_Dataset/RetinalOCT_Dataset/train/NORMAL/normal_train_2706.jpg,0,496x512
train,NORMAL,/media/miglab/DATA_20TB1/OCT/archive/RetinalOCT_Dataset/RetinalOCT_Dataset/train/NORMAL/normal_train_1318.jpg,0,496x512
train,NORMAL,/media/miglab/DATA_20TB1/OCT/archive/RetinalOCT_Dataset/RetinalOCT_Dataset/train/NORMAL/normal_train_3228.jpg,0,496x512
train,NORMAL,/media/miglab/DATA_20TB1/OCT/archive/RetinalOCT_Dataset/RetinalOCT_Dataset/train/NORMAL/normal_train_2642.jpg,0,512x512
train,NORMAL,/media/miglab/DATA_20TB1/OCT/archive/RetinalOCT_Dataset/RetinalOCT_Dataset/train/NORMAL/normal_train_3100.jpg,0,496x512
train,NORMAL,/media/miglab/DATA_20TB1/OCT/archive/RetinalOCT_Dataset/RetinalOCT_Dataset/train/NORMAL/normal_train_1927.jpg,0,496x512
train,NORMAL,/media/miglab/DATA_20TB1/OCT/archive/RetinalOCT_Dataset/RetinalOCT_Dataset/train/NORMAL/normal_train_1778.jpg,0,496x512
train,NORMAL,/media/miglab/DATA_20TB1/OCT/archive/RetinalOCT_Dataset/RetinalOCT_Dataset/train/NORMAL/normal_train_1695.jpg,0,512x512
train,NORMAL,/media/miglab/DATA_20TB1/OCT/archive/RetinalOCT_Dataset/RetinalOCT_Dataset/train/NORMAL/normal_train_1153.jpg,0,512x512
train,NORMAL,/media/miglab/DATA_20TB1/OCT/archive/RetinalOCT_Dataset/RetinalOCT_Dataset/train/NORMAL/normal_train_1529.jpg,0,496x512
train,NORMAL,/media/miglab/DATA_20TB1/OCT/archive/RetinalOCT_Dataset/RetinalOCT_Dataset/train/NORMAL/normal_train_2046.jpg,0,496x512
train,NORMAL,/media/miglab/DATA_20TB1/OCT/archive/RetinalOCT_Dataset/RetinalOCT_Dataset/train/NORMAL/normal_train_2207.jpg,0,512x512
train,NORMAL,/media/miglab/DATA_20TB1/OCT/archive/RetinalOCT_Dataset/RetinalOCT_Dataset/train/NORMAL/normal_train_3254.jpg,0,496x512
train,NORMAL,/media/miglab/DATA_20TB1/OCT/archive/RetinalOCT_Dataset/RetinalOCT_Dataset/train/NORMAL/normal_train_1478.jpg,0,496x512
train,NORMAL,/media/miglab/DATA_20TB1/OCT/archive/RetinalOCT_Dataset/RetinalOCT_Dataset/train/NORMAL/normal_train_1007.jpg,0,512x512
train,NORMAL,/media/miglab/DATA_20TB1/OCT/archive/RetinalOCT_Dataset/RetinalOCT_Dataset/train/NORMAL/normal_train_3239.jpg,0,496x512
train,NORMAL,/media/miglab/DATA_20TB1/OCT/archive/RetinalOCT_Dataset/RetinalOCT_Dataset/train/NORMAL/normal_train_2054.jpg,0,512x512
train,NORMAL,/media/miglab/DATA_20TB1/OCT/archive/RetinalOCT_Dataset/RetinalOCT_Dataset/train/NORMAL/normal_train_3104.jpg,0,512x512
train,NORMAL,/media/miglab/DATA_20TB1/OCT/archive/RetinalOCT_Dataset/RetinalOCT_Dataset/train/NORMAL/normal_train_2854.jpg,0,496x512
train,NORMAL,/media/miglab/DATA_20TB1/OCT/archive/RetinalOCT_Dataset/RetinalOCT_Dataset/train/NORMAL/normal_train_1407.jpg,0,496x768
train,NORMAL,/media/miglab/DATA_20TB1/OCT/archive/RetinalOCT_Dataset/RetinalOCT_Dataset/train/NORMAL/normal_train_2899.jpg,0,496x768
train,NORMAL,/media/miglab/DATA_20TB1/OCT/archive/RetinalOCT_Dataset/RetinalOCT_Dataset/train/NORMAL/normal_train_3140.jpg,0,496x512
train,NORMAL,/media/miglab/DATA_20TB1/OCT/archive/RetinalOCT_Dataset/RetinalOCT_Dataset/train/NORMAL/normal_train_3214.jpg,0,496x768
train,NORMAL,/media/miglab/DATA_20TB1/OCT/archive/RetinalOCT_Dataset/RetinalOCT_Dataset/train/NORMAL/normal_train_1896.jpg,0,512x512
train,NORMAL,/media/miglab/DATA_20TB1/OCT/archive/RetinalOCT_Dataset/RetinalOCT_Dataset/train/NORMAL/normal_train_2059.jpg,0,496x512
train,NORMAL,/media/miglab/DATA_20TB1/OCT/archive/RetinalOCT_Dataset/RetinalOCT_Dataset/train/NORMAL/normal_train_2255.jpg,0,512x512
train,NORMAL,/media/miglab/DATA_20TB1/OCT/archive/RetinalOCT_Dataset/RetinalOCT_Dataset/train/NORMAL/normal_train_1827.jpg,0,496x512
train,NORMAL,/media/miglab/DATA_20TB1/OCT/archive/RetinalOCT_Dataset/RetinalOCT_Dataset/train/NORMAL/normal_train_2173.jpg,0,496x768
train,NORMAL,/media/miglab/DATA_20TB1/OCT/archive/RetinalOCT_Dataset/RetinalOCT_Dataset/train/NORMAL/normal_train_2386.jpg,0,512x512
train,NORMAL,/media/miglab/DATA_20TB1/OCT/archive/RetinalOCT_Dataset/RetinalOCT_Dataset/train/NORMAL/normal_train_1731.jpg,0,496x512
train,NORMAL,/media/miglab/DATA_20TB1/OCT/archive/RetinalOCT_Dataset/RetinalOCT_Dataset/train/NORMAL/normal_train_1757.jpg,0,512x512
train,NORMAL,/media/miglab/DATA_20TB1/OCT/archive/RetinalOCT_Dataset/RetinalOCT_Dataset/train/NORMAL/normal_train_2384.jpg,0,512x512
train,NORMAL,/media/miglab/DATA_20TB1/OCT/archive/RetinalOCT_Dataset/RetinalOCT_Dataset/train/NORMAL/normal_train_2110.jpg,0,512x512
train,NORMAL,/media/miglab/DATA_20TB1/OCT/archive/RetinalOCT_Dataset/RetinalOCT_Dataset/train/NORMAL/normal_train_3150.jpg,0,496x512
train,NORMAL,/media/miglab/DATA_20TB1/OCT/archive/RetinalOCT_Dataset/RetinalOCT_Dataset/train/NORMAL/normal_train_2917.jpg,0,496x768
train,NORMAL,/media/miglab/DATA_20TB1/OCT/archive/RetinalOCT_Dataset/RetinalOCT_Dataset/train/NORMAL/normal_train_2690.jpg,0,496x512
train,NORMAL,/media/miglab/DATA_20TB1/OCT/archive/RetinalOCT_Dataset/RetinalOCT_Dataset/train/NORMAL/normal_train_1893.jpg,0,496x512
train,NORMAL,/media/miglab/DATA_20TB1/OCT/archive/RetinalOCT_Dataset/RetinalOCT_Dataset/train/NORMAL/normal_train_1219.jpg,0,496x512
train,NORMAL,/media/miglab/DATA_20TB1/OCT/archive/RetinalOCT_Dataset/RetinalOCT_Dataset/train/NORMAL/normal_train_1306.jpg,0,496x512
train,NORMAL,/media/miglab/DATA_20TB1/OCT/archive/RetinalOCT_Dataset/RetinalOCT_Dataset/train/NORMAL/normal_train_1051.jpg,0,496x512
train,NORMAL,/media/miglab/DATA_20TB1/OCT/archive/RetinalOCT_Dataset/RetinalOCT_Dataset/train/NORMAL/normal_train_1360.jpg,0,496x512
train,NORMAL,/media/miglab/DATA_20TB1/OCT/archive/RetinalOCT_Dataset/RetinalOCT_Dataset/train/NORMAL/normal_train_2305.jpg,0,496x512
train,NORMAL,/media/miglab/DATA_20TB1/OCT/archive/RetinalOCT_Dataset/RetinalOCT_Dataset/train/NORMAL/normal_train_2784.jpg,0,512x512
train,NORMAL,/media/miglab/DATA_20TB1/OCT/archive/RetinalOCT_Dataset/RetinalOCT_Dataset/train/NORMAL/normal_train_2492.jpg,0,496x512
train,NORMAL,/media/miglab/DATA_20TB1/OCT/archive/RetinalOCT_Dataset/RetinalOCT_Dataset/train/NORMAL/normal_train_3107.jpg,0,496x768
train,NORMAL,/media/miglab/DATA_20TB1/OCT/archive/RetinalOCT_Dataset/RetinalOCT_Dataset/train/NORMAL/normal_train_1721.jpg,0,512x512
train,NORMAL,/media/miglab/DATA_20TB1/OCT/archive/RetinalOCT_Dataset/RetinalOCT_Dataset/train/NORMAL/normal_train_2892.jpg,0,496x512
train,NORMAL,/media/miglab/DATA_20TB1/OCT/archive/RetinalOCT_Dataset/RetinalOCT_Dataset/train/NORMAL/normal_train_2787.jpg,0,496x512
train,NORMAL,/media/miglab/DATA_20TB1/OCT/archive/RetinalOCT_Dataset/RetinalOCT_Dataset/train/NORMAL/normal_train_2568.jpg,0,496x768
train,NORMAL,/media/miglab/DATA_20TB1/OCT/archive/RetinalOCT_Dataset/RetinalOCT_Dataset/train/NORMAL/normal_train_1040.jpg,0,496x768
train,NORMAL,/media/miglab/DATA_20TB1/OCT/archive/RetinalOCT_Dataset/RetinalOCT_Dataset/train/NORMAL/normal_train_1800.jpg,0,496x768
train,NORMAL,/media/miglab/DATA_20TB1/OCT/archive/RetinalOCT_Dataset/RetinalOCT_Dataset/train/NORMAL/normal_train_1559.jpg,0,496x512
train,NORMAL,/media/miglab/DATA_20TB1/OCT/archive/RetinalOCT_Dataset/RetinalOCT_Dataset/train/NORMAL/normal_train_2712.jpg,0,496x512
train,NORMAL,/media/miglab/DATA_20TB1/OCT/archive/RetinalOCT_Dataset/RetinalOCT_Dataset/train/NORMAL/normal_train_1713.jpg,0,496x768
train,NORMAL,/media/miglab/DATA_20TB1/OCT/archive/RetinalOCT_Dataset/RetinalOCT_Dataset/train/NORMAL/normal_train_2930.jpg,0,512x512
train,NORMAL,/media/miglab/DATA_20TB1/OCT/archive/RetinalOCT_Dataset/RetinalOCT_Dataset/train/NORMAL/normal_train_2336.jpg,0,496x512
train,NORMAL,/media/miglab/DATA_20TB1/OCT/archive/RetinalOCT_Dataset/RetinalOCT_Dataset/train/NORMAL/normal_train_2125.jpg,0,512x512
train,NORMAL,/media/miglab/DATA_20TB1/OCT/archive/RetinalOCT_Dataset/RetinalOCT_Dataset/train/NORMAL/normal_train_1194.jpg,0,496x768
train,NORMAL,/media/miglab/DATA_20TB1/OCT/archive/RetinalOCT_Dataset/RetinalOCT_Dataset/train/NORMAL/normal_train_1486.jpg,0,496x512
train,NORMAL,/media/miglab/DATA_20TB1/OCT/archive/RetinalOCT_Dataset/RetinalOCT_Dataset/train/NORMAL/normal_train_1487.jpg,0,496x512
train,NORMAL,/media/miglab/DATA_20TB1/OCT/archive/RetinalOCT_Dataset/RetinalOCT_Dataset/train/NORMAL/normal_train_2275.jpg,0,512x512
train,NORMAL,/media/miglab/DATA_20TB1/OCT/archive/RetinalOCT_Dataset/RetinalOCT_Dataset/train/NORMAL/normal_train_2629.jpg,0,512x512
train,NORMAL,/media/miglab/DATA_20TB1/OCT/archive/RetinalOCT_Dataset/RetinalOCT_Dataset/train/NORMAL/normal_train_1076.jpg,0,512x512
train,NORMAL,/media/miglab/DATA_20TB1/OCT/archive/RetinalOCT_Dataset/RetinalOCT_Dataset/train/NORMAL/normal_train_2643.jpg,0,512x512
train,NORMAL,/media/miglab/DATA_20TB1/OCT/archive/RetinalOCT_Dataset/RetinalOCT_Dataset/train/NORMAL/normal_train_1419.jpg,0,496x512
train,NORMAL,/media/miglab/DATA_20TB1/OCT/archive/RetinalOCT_Dataset/RetinalOCT_Dataset/train/NORMAL/normal_train_3076.jpg,0,496x512
train,NORMAL,/media/miglab/DATA_20TB1/OCT/archive/RetinalOCT_Dataset/RetinalOCT_Dataset/train/NORMAL/normal_train_2685.jpg,0,496x512
train,NORMAL,/media/miglab/DATA_20TB1/OCT/archive/RetinalOCT_Dataset/RetinalOCT_Dataset/train/NORMAL/normal_train_1207.jpg,0,496x768
train,NORMAL,/media/miglab/DATA_20TB1/OCT/archive/RetinalOCT_Dataset/RetinalOCT_Dataset/train/NORMAL/normal_train_1583.jpg,0,496x768
train,NORMAL,/media/miglab/DATA_20TB1/OCT/archive/RetinalOCT_Dataset/RetinalOCT_Dataset/train/NORMAL/normal_train_1064.jpg,0,496x512
train,NORMAL,/media/miglab/DATA_20TB1/OCT/archive/RetinalOCT_Dataset/RetinalOCT_Dataset/train/NORMAL/normal_train_1932.jpg,0,496x768
train,NORMAL,/media/miglab/DATA_20TB1/OCT/archive/RetinalOCT_Dataset/RetinalOCT_Dataset/train/NORMAL/normal_train_1600.jpg,0,496x512
train,NORMAL,/media/miglab/DATA_20TB1/OCT/archive/RetinalOCT_Dataset/RetinalOCT_Dataset/train/NORMAL/normal_train_1085.jpg,0,512x512
train,NORMAL,/media/miglab/DATA_20TB1/OCT/archive/RetinalOCT_Dataset/RetinalOCT_Dataset/train/NORMAL/normal_train_2559.jpg,0,496x512
train,NORMAL,/media/miglab/DATA_20TB1/OCT/archive/RetinalOCT_Dataset/RetinalOCT_Dataset/train/NORMAL/normal_train_1345.jpg,0,496x512
train,NORMAL,/media/miglab/DATA_20TB1/OCT/archive/RetinalOCT_Dataset/RetinalOCT_Dataset/train/NORMAL/normal_train_3178.jpg,0,496x512
train,NORMAL,/media/miglab/DATA_20TB1/OCT/archive/RetinalOCT_Dataset/RetinalOCT_Dataset/train/NORMAL/normal_train_2662.jpg,0,496x512
train,NORMAL,/media/miglab/DATA_20TB1/OCT/archive/RetinalOCT_Dataset/RetinalOCT_Dataset/train/NORMAL/normal_train_2578.jpg,0,496x512
train,NORMAL,/media/miglab/DATA_20TB1/OCT/archive/RetinalOCT_Dataset/RetinalOCT_Dataset/train/NORMAL/normal_train_2954.jpg,0,512x512
train,NORMAL,/media/miglab/DATA_20TB1/OCT/archive/RetinalOCT_Dataset/RetinalOCT_Dataset/train/NORMAL/normal_train_1041.jpg,0,496x768
train,NORMAL,/media/miglab/DATA_20TB1/OCT/archive/RetinalOCT_Dataset/RetinalOCT_Dataset/train/NORMAL/normal_train_1846.jpg,0,496x768
train,NORMAL,/media/miglab/DATA_20TB1/OCT/archive/RetinalOCT_Dataset/RetinalOCT_Dataset/train/NORMAL/normal_train_1210.jpg,0,496x512
train,NORMAL,/media/miglab/DATA_20TB1/OCT/archive/RetinalOCT_Dataset/RetinalOCT_Dataset/train/NORMAL/normal_train_1132.jpg,0,512x512
train,NORMAL,/media/miglab/DATA_20TB1/OCT/archive/RetinalOCT_Dataset/RetinalOCT_Dataset/train/NORMAL/normal_train_1631.jpg,0,496x768
train,NORMAL,/media/miglab/DATA_20TB1/OCT/archive/RetinalOCT_Dataset/RetinalOCT_Dataset/train/NORMAL/normal_train_2765.jpg,0,512x512
train,NORMAL,/media/miglab/DATA_20TB1/OCT/archive/RetinalOCT_Dataset/RetinalOCT_Dataset/train/NORMAL/normal_train_3072.jpg,0,496x768
train,NORMAL,/media/miglab/DATA_20TB1/OCT/archive/RetinalOCT_Dataset/RetinalOCT_Dataset/train/NORMAL/normal_train_1430.jpg,0,496x768
train,NORMAL,/media/miglab/DATA_20TB1/OCT/archive/RetinalOCT_Dataset/RetinalOCT_Dataset/train/NORMAL/normal_train_3035.jpg,0,512x512
train,NORMAL,/media/miglab/DATA_20TB1/OCT/archive/RetinalOCT_Dataset/RetinalOCT_Dataset/train/NORMAL/normal_train_1880.jpg,0,512x512
train,NORMAL,/media/miglab/DATA_20TB1/OCT/archive/RetinalOCT_Dataset/RetinalOCT_Dataset/train/NORMAL/normal_train_2396.jpg,0,512x512
train,NORMAL,/media/miglab/DATA_20TB1/OCT/archive/RetinalOCT_Dataset/RetinalOCT_Dataset/train/NORMAL/normal_train_2858.jpg,0,496x768
train,NORMAL,/media/miglab/DATA_20TB1/OCT/archive/RetinalOCT_Dataset/RetinalOCT_Dataset/train/NORMAL/normal_train_2920.jpg,0,496x512
train,NORMAL,/media/miglab/DATA_20TB1/OCT/archive/RetinalOCT_Dataset/RetinalOCT_Dataset/train/NORMAL/normal_train_1739.jpg,0,512x512
train,NORMAL,/media/miglab/DATA_20TB1/OCT/archive/RetinalOCT_Dataset/RetinalOCT_Dataset/train/NORMAL/normal_train_1733.jpg,0,512x512
train,NORMAL,/media/miglab/DATA_20TB1/OCT/archive/RetinalOCT_Dataset/RetinalOCT_Dataset/train/NORMAL/normal_train_2956.jpg,0,512x512
train,NORMAL,/media/miglab/DATA_20TB1/OCT/archive/RetinalOCT_Dataset/RetinalOCT_Dataset/train/NORMAL/normal_train_2237.jpg,0,512x512
train,NORMAL,/media/miglab/DATA_20TB1/OCT/archive/RetinalOCT_Dataset/RetinalOCT_Dataset/train/NORMAL/normal_train_1820.jpg,0,496x768
train,NORMAL,/media/miglab/DATA_20TB1/OCT/archive/RetinalOCT_Dataset/RetinalOCT_Dataset/train/NORMAL/normal_train_1229.jpg,0,496x768
train,NORMAL,/media/miglab/DATA_20TB1/OCT/archive/RetinalOCT_Dataset/RetinalOCT_Dataset/train/NORMAL/normal_train_2908.jpg,0,496x768
train,NORMAL,/media/miglab/DATA_20TB1/OCT/archive/RetinalOCT_Dataset/RetinalOCT_Dataset/train/NORMAL/normal_train_1541.jpg,0,496x512
train,NORMAL,/media/miglab/DATA_20TB1/OCT/archive/RetinalOCT_Dataset/RetinalOCT_Dataset/train/NORMAL/normal_train_2675.jpg,0,496x768
train,NORMAL,/media/miglab/DATA_20TB1/OCT/archive/RetinalOCT_Dataset/RetinalOCT_Dataset/train/NORMAL/normal_train_2849.jpg,0,496x768
train,NORMAL,/media/miglab/DATA_20TB1/OCT/archive/RetinalOCT_Dataset/RetinalOCT_Dataset/train/NORMAL/normal_train_2002.jpg,0,496x512
train,NORMAL,/media/miglab/DATA_20TB1/OCT/archive/RetinalOCT_Dataset/RetinalOCT_Dataset/train/NORMAL/normal_train_1205.jpg,0,512x512
train,NORMAL,/media/miglab/DATA_20TB1/OCT/archive/RetinalOCT_Dataset/RetinalOCT_Dataset/train/NORMAL/normal_train_2718.jpg,0,512x512
train,NORMAL,/media/miglab/DATA_20TB1/OCT/archive/RetinalOCT_Dataset/RetinalOCT_Dataset/train/NORMAL/normal_train_3050.jpg,0,496x512
train,NORMAL,/media/miglab/DATA_20TB1/OCT/archive/RetinalOCT_Dataset/RetinalOCT_Dataset/train/NORMAL/normal_train_2929.jpg,0,512x512
train,NORMAL,/media/miglab/DATA_20TB1/OCT/archive/RetinalOCT_Dataset/RetinalOCT_Dataset/train/NORMAL/normal_train_2652.jpg,0,512x512
train,NORMAL,/media/miglab/DATA_20TB1/OCT/archive/RetinalOCT_Dataset/RetinalOCT_Dataset/train/NORMAL/normal_train_2229.jpg,0,512x512
train,NORMAL,/media/miglab/DATA_20TB1/OCT/archive/RetinalOCT_Dataset/RetinalOCT_Dataset/train/NORMAL/normal_train_1565.jpg,0,496x512
train,NORMAL,/media/miglab/DATA_20TB1/OCT/archive/RetinalOCT_Dataset/RetinalOCT_Dataset/train/NORMAL/normal_train_1545.jpg,0,496x512
train,NORMAL,/media/miglab/DATA_20TB1/OCT/archive/RetinalOCT_Dataset/RetinalOCT_Dataset/train/NORMAL/normal_train_2937.jpg,0,512x512
train,NORMAL,/media/miglab/DATA_20TB1/OCT/archive/RetinalOCT_Dataset/RetinalOCT_Dataset/train/NORMAL/normal_train_1632.jpg,0,496x512
train,NORMAL,/media/miglab/DATA_20TB1/OCT/archive/RetinalOCT_Dataset/RetinalOCT_Dataset/train/NORMAL/normal_train_2819.jpg,0,496x768
train,NORMAL,/media/miglab/DATA_20TB1/OCT/archive/RetinalOCT_Dataset/RetinalOCT_Dataset/train/NORMAL/normal_train_2057.jpg,0,496x512
train,NORMAL,/media/miglab/DATA_20TB1/OCT/archive/RetinalOCT_Dataset/RetinalOCT_Dataset/train/NORMAL/normal_train_2201.jpg,0,512x512
train,NORMAL,/media/miglab/DATA_20TB1/OCT/archive/RetinalOCT_Dataset/RetinalOCT_Dataset/train/NORMAL/normal_train_1009.jpg,0,512x512
train,NORMAL,/media/miglab/DATA_20TB1/OCT/archive/RetinalOCT_Dataset/RetinalOCT_Dataset/train/NORMAL/normal_train_1834.jpg,0,496x512
train,NORMAL,/media/miglab/DATA_20TB1/OCT/archive/RetinalOCT_Dataset/RetinalOCT_Dataset/train/NORMAL/normal_train_2465.jpg,0,496x512
train,NORMAL,/media/miglab/DATA_20TB1/OCT/archive/RetinalOCT_Dataset/RetinalOCT_Dataset/train/NORMAL/normal_train_2862.jpg,0,496x768
train,NORMAL,/media/miglab/DATA_20TB1/OCT/archive/RetinalOCT_Dataset/RetinalOCT_Dataset/train/NORMAL/normal_train_2970.jpg,0,512x512
train,NORMAL,/media/miglab/DATA_20TB1/OCT/archive/RetinalOCT_Dataset/RetinalOCT_Dataset/train/NORMAL/normal_train_2348.jpg,0,512x512
train,NORMAL,/media/miglab/DATA_20TB1/OCT/archive/RetinalOCT_Dataset/RetinalOCT_Dataset/train/NORMAL/normal_train_1408.jpg,0,496x512
train,NORMAL,/media/miglab/DATA_20TB1/OCT/archive/RetinalOCT_Dataset/RetinalOCT_Dataset/train/NORMAL/normal_train_1690.jpg,0,512x512
train,NORMAL,/media/miglab/DATA_20TB1/OCT/archive/RetinalOCT_Dataset/RetinalOCT_Dataset/train/NORMAL/normal_train_2657.jpg,0,512x512
train,NORMAL,/media/miglab/DATA_20TB1/OCT/archive/RetinalOCT_Dataset/RetinalOCT_Dataset/train/NORMAL/normal_train_2903.jpg,0,512x512
train,NORMAL,/media/miglab/DATA_20TB1/OCT/archive/RetinalOCT_Dataset/RetinalOCT_Dataset/train/NORMAL/normal_train_1801.jpg,0,496x512
train,NORMAL,/media/miglab/DATA_20TB1/OCT/archive/RetinalOCT_Dataset/RetinalOCT_Dataset/train/NORMAL/normal_train_1324.jpg,0,496x768
train,NORMAL,/media/miglab/DATA_20TB1/OCT/archive/RetinalOCT_Dataset/RetinalOCT_Dataset/train/NORMAL/normal_train_2325.jpg,0,512x512
train,NORMAL,/media/miglab/DATA_20TB1/OCT/archive/RetinalOCT_Dataset/RetinalOCT_Dataset/train/NORMAL/normal_train_2477.jpg,0,496x512
train,NORMAL,/media/miglab/DATA_20TB1/OCT/archive/RetinalOCT_Dataset/RetinalOCT_Dataset/train/NORMAL/normal_train_2713.jpg,0,496x768
train,NORMAL,/media/miglab/DATA_20TB1/OCT/archive/RetinalOCT_Dataset/RetinalOCT_Dataset/train/NORMAL/normal_train_2167.jpg,0,496x512
train,NORMAL,/media/miglab/DATA_20TB1/OCT/archive/RetinalOCT_Dataset/RetinalOCT_Dataset/train/NORMAL/normal_train_1828.jpg,0,496x512
train,NORMAL,/media/miglab/DATA_20TB1/OCT/archive/RetinalOCT_Dataset/RetinalOCT_Dataset/train/NORMAL/normal_train_1825.jpg,0,496x512
train,NORMAL,/media/miglab/DATA_20TB1/OCT/archive/RetinalOCT_Dataset/RetinalOCT_Dataset/train/NORMAL/normal_train_3130.jpg,0,496x512
train,NORMAL,/media/miglab/DATA_20TB1/OCT/archive/RetinalOCT_Dataset/RetinalOCT_Dataset/train/NORMAL/normal_train_2154.jpg,0,496x512
train,NORMAL,/media/miglab/DATA_20TB1/OCT/archive/RetinalOCT_Dataset/RetinalOCT_Dataset/train/NORMAL/normal_train_2182.jpg,0,496x768
train,NORMAL,/media/miglab/DATA_20TB1/OCT/archive/RetinalOCT_Dataset/RetinalOCT_Dataset/train/NORMAL/normal_train_2215.jpg,0,496x512
train,NORMAL,/media/miglab/DATA_20TB1/OCT/archive/RetinalOCT_Dataset/RetinalOCT_Dataset/train/NORMAL/normal_train_1423.jpg,0,496x512
train,NORMAL,/media/miglab/DATA_20TB1/OCT/archive/RetinalOCT_Dataset/RetinalOCT_Dataset/train/NORMAL/normal_train_2682.jpg,0,496x768
train,NORMAL,/media/miglab/DATA_20TB1/OCT/archive/RetinalOCT_Dataset/RetinalOCT_Dataset/train/NORMAL/normal_train_1150.jpg,0,496x512
train,NORMAL,/media/miglab/DATA_20TB1/OCT/archive/RetinalOCT_Dataset/RetinalOCT_Dataset/train/NORMAL/normal_train_2943.jpg,0,496x512
train,NORMAL,/media/miglab/DATA_20TB1/OCT/archive/RetinalOCT_Dataset/RetinalOCT_Dataset/train/NORMAL/normal_train_2762.jpg,0,512x512
train,NORMAL,/media/miglab/DATA_20TB1/OCT/archive/RetinalOCT_Dataset/RetinalOCT_Dataset/train/NORMAL/normal_train_1241.jpg,0,496x512
train,NORMAL,/media/miglab/DATA_20TB1/OCT/archive/RetinalOCT_Dataset/RetinalOCT_Dataset/train/NORMAL/normal_train_2199.jpg,0,512x512
train,NORMAL,/media/miglab/DATA_20TB1/OCT/archive/RetinalOCT_Dataset/RetinalOCT_Dataset/train/NORMAL/normal_train_1923.jpg,0,512x512
train,NORMAL,/media/miglab/DATA_20TB1/OCT/archive/RetinalOCT_Dataset/RetinalOCT_Dataset/train/NORMAL/normal_train_1191.jpg,0,496x768
train,NORMAL,/media/miglab/DATA_20TB1/OCT/archive/RetinalOCT_Dataset/RetinalOCT_Dataset/train/NORMAL/normal_train_2840.jpg,0,496x512
train,NORMAL,/media/miglab/DATA_20TB1/OCT/archive/RetinalOCT_Dataset/RetinalOCT_Dataset/train/NORMAL/normal_train_1227.jpg,0,496x512
train,NORMAL,/media/miglab/DATA_20TB1/OCT/archive/RetinalOCT_Dataset/RetinalOCT_Dataset/train/NORMAL/normal_train_1505.jpg,0,496x512
train,NORMAL,/media/miglab/DATA_20TB1/OCT/archive/RetinalOCT_Dataset/RetinalOCT_Dataset/train/NORMAL/normal_train_1001.jpg,0,496x512
train,NORMAL,/media/miglab/DATA_20TB1/OCT/archive/RetinalOCT_Dataset/RetinalOCT_Dataset/train/NORMAL/normal_train_3156.jpg,0,496x768
train,NORMAL,/media/miglab/DATA_20TB1/OCT/archive/RetinalOCT_Dataset/RetinalOCT_Dataset/train/NORMAL/normal_train_1409.jpg,0,496x768
train,NORMAL,/media/miglab/DATA_20TB1/OCT/archive/RetinalOCT_Dataset/RetinalOCT_Dataset/train/NORMAL/normal_train_1663.jpg,0,512x512
train,NORMAL,/media/miglab/DATA_20TB1/OCT/archive/RetinalOCT_Dataset/RetinalOCT_Dataset/train/NORMAL/normal_train_2544.jpg,0,496x768
train,NORMAL,/media/miglab/DATA_20TB1/OCT/archive/RetinalOCT_Dataset/RetinalOCT_Dataset/train/NORMAL/normal_train_2025.jpg,0,512x512
train,NORMAL,/media/miglab/DATA_20TB1/OCT/archive/RetinalOCT_Dataset/RetinalOCT_Dataset/train/NORMAL/normal_train_1422.jpg,0,496x512
train,NORMAL,/media/miglab/DATA_20TB1/OCT/archive/RetinalOCT_Dataset/RetinalOCT_Dataset/train/NORMAL/normal_train_2298.jpg,0,496x512
train,NORMAL,/media/miglab/DATA_20TB1/OCT/archive/RetinalOCT_Dataset/RetinalOCT_Dataset/train/NORMAL/normal_train_2434.jpg,0,496x512
train,NORMAL,/media/miglab/DATA_20TB1/OCT/archive/RetinalOCT_Dataset/RetinalOCT_Dataset/train/NORMAL/normal_train_2695.jpg,0,496x768
train,NORMAL,/media/miglab/DATA_20TB1/OCT/archive/RetinalOCT_Dataset/RetinalOCT_Dataset/train/NORMAL/normal_train_2890.jpg,0,496x512
train,NORMAL,/media/miglab/DATA_20TB1/OCT/archive/RetinalOCT_Dataset/RetinalOCT_Dataset/train/NORMAL/normal_train_3147.jpg,0,496x768
train,NORMAL,/media/miglab/DATA_20TB1/OCT/archive/RetinalOCT_Dataset/RetinalOCT_Dataset/train/NORMAL/normal_train_1975.jpg,0,496x768
train,NORMAL,/media/miglab/DATA_20TB1/OCT/archive/RetinalOCT_Dataset/RetinalOCT_Dataset/train/NORMAL/normal_train_2989.jpg,0,496x512
train,NORMAL,/media/miglab/DATA_20TB1/OCT/archive/RetinalOCT_Dataset/RetinalOCT_Dataset/train/NORMAL/normal_train_1369.jpg,0,496x768
train,NORMAL,/media/miglab/DATA_20TB1/OCT/archive/RetinalOCT_Dataset/RetinalOCT_Dataset/train/NORMAL/normal_train_1052.jpg,0,496x512
train,NORMAL,/media/miglab/DATA_20TB1/OCT/archive/RetinalOCT_Dataset/RetinalOCT_Dataset/train/NORMAL/normal_train_2136.jpg,0,512x512
train,NORMAL,/media/miglab/DATA_20TB1/OCT/archive/RetinalOCT_Dataset/RetinalOCT_Dataset/train/NORMAL/normal_train_2098.jpg,0,496x768
train,NORMAL,/media/miglab/DATA_20TB1/OCT/archive/RetinalOCT_Dataset/RetinalOCT_Dataset/train/NORMAL/normal_train_1730.jpg,0,512x512
train,NORMAL,/media/miglab/DATA_20TB1/OCT/archive/RetinalOCT_Dataset/RetinalOCT_Dataset/train/NORMAL/normal_train_1217.jpg,0,496x768
train,NORMAL,/media/miglab/DATA_20TB1/OCT/archive/RetinalOCT_Dataset/RetinalOCT_Dataset/train/NORMAL/normal_train_1968.jpg,0,496x512
train,NORMAL,/media/miglab/DATA_20TB1/OCT/archive/RetinalOCT_Dataset/RetinalOCT_Dataset/train/NORMAL/normal_train_2785.jpg,0,512x512
train,NORMAL,/media/miglab/DATA_20TB1/OCT/archive/RetinalOCT_Dataset/RetinalOCT_Dataset/train/NORMAL/normal_train_1742.jpg,0,512x512
train,NORMAL,/media/miglab/DATA_20TB1/OCT/archive/RetinalOCT_Dataset/RetinalOCT_Dataset/train/NORMAL/normal_train_2918.jpg,0,496x768
train,NORMAL,/media/miglab/DATA_20TB1/OCT/archive/RetinalOCT_Dataset/RetinalOCT_Dataset/train/NORMAL/normal_train_1853.jpg,0,496x768
train,NORMAL,/media/miglab/DATA_20TB1/OCT/archive/RetinalOCT_Dataset/RetinalOCT_Dataset/train/NORMAL/normal_train_2611.jpg,0,512x512
train,NORMAL,/media/miglab/DATA_20TB1/OCT/archive/RetinalOCT_Dataset/RetinalOCT_Dataset/train/NORMAL/normal_train_2520.jpg,0,496x512
train,NORMAL,/media/miglab/DATA_20TB1/OCT/archive/RetinalOCT_Dataset/RetinalOCT_Dataset/train/NORMAL/normal_train_1223.jpg,0,496x768
train,NORMAL,/media/miglab/DATA_20TB1/OCT/archive/RetinalOCT_Dataset/RetinalOCT_Dataset/train/NORMAL/normal_train_2524.jpg,0,512x512
train,NORMAL,/media/miglab/DATA_20TB1/OCT/archive/RetinalOCT_Dataset/RetinalOCT_Dataset/train/NORMAL/normal_train_2193.jpg,0,496x768
train,NORMAL,/media/miglab/DATA_20TB1/OCT/archive/RetinalOCT_Dataset/RetinalOCT_Dataset/train/NORMAL/normal_train_1498.jpg,0,496x768
train,NORMAL,/media/miglab/DATA_20TB1/OCT/archive/RetinalOCT_Dataset/RetinalOCT_Dataset/train/NORMAL/normal_train_2391.jpg,0,512x512
train,NORMAL,/media/miglab/DATA_20TB1/OCT/archive/RetinalOCT_Dataset/RetinalOCT_Dataset/train/NORMAL/normal_train_2055.jpg,0,512x512
train,NORMAL,/media/miglab/DATA_20TB1/OCT/archive/RetinalOCT_Dataset/RetinalOCT_Dataset/train/NORMAL/normal_train_1584.jpg,0,496x512
train,NORMAL,/media/miglab/DATA_20TB1/OCT/archive/RetinalOCT_Dataset/RetinalOCT_Dataset/train/NORMAL/normal_train_2846.jpg,0,496x768
train,NORMAL,/media/miglab/DATA_20TB1/OCT/archive/RetinalOCT_Dataset/RetinalOCT_Dataset/train/NORMAL/normal_train_2797.jpg,0,496x512
train,NORMAL,/media/miglab/DATA_20TB1/OCT/archive/RetinalOCT_Dataset/RetinalOCT_Dataset/train/NORMAL/normal_train_3289.jpg,0,512x512
train,NORMAL,/media/miglab/DATA_20TB1/OCT/archive/RetinalOCT_Dataset/RetinalOCT_Dataset/train/NORMAL/normal_train_1579.jpg,0,496x768
train,NORMAL,/media/miglab/DATA_20TB1/OCT/archive/RetinalOCT_Dataset/RetinalOCT_Dataset/train/NORMAL/normal_train_1386.jpg,0,496x512
train,NORMAL,/media/miglab/DATA_20TB1/OCT/archive/RetinalOCT_Dataset/RetinalOCT_Dataset/train/NORMAL/normal_train_2548.jpg,0,496x512
train,NORMAL,/media/miglab/DATA_20TB1/OCT/archive/RetinalOCT_Dataset/RetinalOCT_Dataset/train/NORMAL/normal_train_1516.jpg,0,496x768
train,NORMAL,/media/miglab/DATA_20TB1/OCT/archive/RetinalOCT_Dataset/RetinalOCT_Dataset/train/NORMAL/normal_train_2746.jpg,0,512x512
train,NORMAL,/media/miglab/DATA_20TB1/OCT/archive/RetinalOCT_Dataset/RetinalOCT_Dataset/train/NORMAL/normal_train_1957.jpg,0,496x512
train,NORMAL,/media/miglab/DATA_20TB1/OCT/archive/RetinalOCT_Dataset/RetinalOCT_Dataset/train/NORMAL/normal_train_2037.jpg,0,512x512
train,NORMAL,/media/miglab/DATA_20TB1/OCT/archive/RetinalOCT_Dataset/RetinalOCT_Dataset/train/NORMAL/normal_train_1457.jpg,0,496x512
train,NORMAL,/media/miglab/DATA_20TB1/OCT/archive/RetinalOCT_Dataset/RetinalOCT_Dataset/train/NORMAL/normal_train_1816.jpg,0,496x768
train,NORMAL,/media/miglab/DATA_20TB1/OCT/archive/RetinalOCT_Dataset/RetinalOCT_Dataset/train/NORMAL/normal_train_1171.jpg,0,496x768
train,NORMAL,/media/miglab/DATA_20TB1/OCT/archive/RetinalOCT_Dataset/RetinalOCT_Dataset/train/NORMAL/normal_train_1179.jpg,0,496x768
train,NORMAL,/media/miglab/DATA_20TB1/OCT/archive/RetinalOCT_Dataset/RetinalOCT_Dataset/train/NORMAL/normal_train_2969.jpg,0,512x512
train,NORMAL,/media/miglab/DATA_20TB1/OCT/archive/RetinalOCT_Dataset/RetinalOCT_Dataset/train/NORMAL/normal_train_3042.jpg,0,496x512
train,NORMAL,/media/miglab/DATA_20TB1/OCT/archive/RetinalOCT_Dataset/RetinalOCT_Dataset/train/NORMAL/normal_train_2722.jpg,0,496x512
train,NORMAL,/media/miglab/DATA_20TB1/OCT/archive/RetinalOCT_Dataset/RetinalOCT_Dataset/train/NORMAL/normal_train_1427.jpg,0,496x512
train,NORMAL,/media/miglab/DATA_20TB1/OCT/archive/RetinalOCT_Dataset/RetinalOCT_Dataset/train/NORMAL/normal_train_2435.jpg,0,496x512
train,NORMAL,/media/miglab/DATA_20TB1/OCT/archive/RetinalOCT_Dataset/RetinalOCT_Dataset/train/NORMAL/normal_train_2610.jpg,0,512x512
train,NORMAL,/media/miglab/DATA_20TB1/OCT/archive/RetinalOCT_Dataset/RetinalOCT_Dataset/train/NORMAL/normal_train_2771.jpg,0,496x512
train,NORMAL,/media/miglab/DATA_20TB1/OCT/archive/RetinalOCT_Dataset/RetinalOCT_Dataset/train/NORMAL/normal_train_2085.jpg,0,496x768
train,NORMAL,/media/miglab/DATA_20TB1/OCT/archive/RetinalOCT_Dataset/RetinalOCT_Dataset/train/NORMAL/normal_train_1139.jpg,0,496x512
train,NORMAL,/media/miglab/DATA_20TB1/OCT/archive/RetinalOCT_Dataset/RetinalOCT_Dataset/train/NORMAL/normal_train_2408.jpg,0,512x512
train,NORMAL,/media/miglab/DATA_20TB1/OCT/archive/RetinalOCT_Dataset/RetinalOCT_Dataset/train/NORMAL/normal_train_3243.jpg,0,496x512
train,NORMAL,/media/miglab/DATA_20TB1/OCT/archive/RetinalOCT_Dataset/RetinalOCT_Dataset/train/NORMAL/normal_train_3133.jpg,0,496x768
train,NORMAL,/media/miglab/DATA_20TB1/OCT/archive/RetinalOCT_Dataset/RetinalOCT_Dataset/train/NORMAL/normal_train_1371.jpg,0,496x512
train,NORMAL,/media/miglab/DATA_20TB1/OCT/archive/RetinalOCT_Dataset/RetinalOCT_Dataset/train/NORMAL/normal_train_3195.jpg,0,496x768
train,NORMAL,/media/miglab/DATA_20TB1/OCT/archive/RetinalOCT_Dataset/RetinalOCT_Dataset/train/NORMAL/normal_train_1728.jpg,0,512x512
train,NORMAL,/media/miglab/DATA_20TB1/OCT/archive/RetinalOCT_Dataset/RetinalOCT_Dataset/train/NORMAL/normal_train_3256.jpg,0,496x512
train,NORMAL,/media/miglab/DATA_20TB1/OCT/archive/RetinalOCT_Dataset/RetinalOCT_Dataset/train/NORMAL/normal_train_1431.jpg,0,496x512
train,NORMAL,/media/miglab/DATA_20TB1/OCT/archive/RetinalOCT_Dataset/RetinalOCT_Dataset/train/NORMAL/normal_train_1871.jpg,0,496x512
train,NORMAL,/media/miglab/DATA_20TB1/OCT/archive/RetinalOCT_Dataset/RetinalOCT_Dataset/train/NORMAL/normal_train_2329.jpg,0,496x512
train,NORMAL,/media/miglab/DATA_20TB1/OCT/archive/RetinalOCT_Dataset/RetinalOCT_Dataset/train/NORMAL/normal_train_1206.jpg,0,496x512
train,NORMAL,/media/miglab/DATA_20TB1/OCT/archive/RetinalOCT_Dataset/RetinalOCT_Dataset/train/NORMAL/normal_train_1212.jpg,0,496x768
train,NORMAL,/media/miglab/DATA_20TB1/OCT/archive/RetinalOCT_Dataset/RetinalOCT_Dataset/train/NORMAL/normal_train_3073.jpg,0,496x512
train,NORMAL,/media/miglab/DATA_20TB1/OCT/archive/RetinalOCT_Dataset/RetinalOCT_Dataset/train/NORMAL/normal_train_2486.jpg,0,512x512
train,NORMAL,/media/miglab/DATA_20TB1/OCT/archive/RetinalOCT_Dataset/RetinalOCT_Dataset/train/NORMAL/normal_train_1724.jpg,0,512x512
train,NORMAL,/media/miglab/DATA_20TB1/OCT/archive/RetinalOCT_Dataset/RetinalOCT_Dataset/train/NORMAL/normal_train_3159.jpg,0,496x768
train,NORMAL,/media/miglab/DATA_20TB1/OCT/archive/RetinalOCT_Dataset/RetinalOCT_Dataset/train/NORMAL/normal_train_2745.jpg,0,512x512
train,NORMAL,/media/miglab/DATA_20TB1/OCT/archive/RetinalOCT_Dataset/RetinalOCT_Dataset/train/NORMAL/normal_train_1109.jpg,0,512x512
train,NORMAL,/media/miglab/DATA_20TB1/OCT/archive/RetinalOCT_Dataset/RetinalOCT_Dataset/train/NORMAL/normal_train_2645.jpg,0,496x768
train,NORMAL,/media/miglab/DATA_20TB1/OCT/archive/RetinalOCT_Dataset/RetinalOCT_Dataset/train/NORMAL/normal_train_1314.jpg,0,496x512
train,NORMAL,/media/miglab/DATA_20TB1/OCT/archive/RetinalOCT_Dataset/RetinalOCT_Dataset/train/NORMAL/normal_train_2088.jpg,0,512x512
train,NORMAL,/media/miglab/DATA_20TB1/OCT/archive/RetinalOCT_Dataset/RetinalOCT_Dataset/train/NORMAL/normal_train_2951.jpg,0,512x512
train,NORMAL,/media/miglab/DATA_20TB1/OCT/archive/RetinalOCT_Dataset/RetinalOCT_Dataset/train/NORMAL/normal_train_1857.jpg,0,496x512
train,NORMAL,/media/miglab/DATA_20TB1/OCT/archive/RetinalOCT_Dataset/RetinalOCT_Dataset/train/NORMAL/normal_train_1387.jpg,0,496x512
train,NORMAL,/media/miglab/DATA_20TB1/OCT/archive/RetinalOCT_Dataset/RetinalOCT_Dataset/train/NORMAL/normal_train_3179.jpg,0,496x768
train,NORMAL,/media/miglab/DATA_20TB1/OCT/archive/RetinalOCT_Dataset/RetinalOCT_Dataset/train/NORMAL/normal_train_1894.jpg,0,496x512
train,NORMAL,/media/miglab/DATA_20TB1/OCT/archive/RetinalOCT_Dataset/RetinalOCT_Dataset/train/NORMAL/normal_train_2362.jpg,0,512x512
train,NORMAL,/media/miglab/DATA_20TB1/OCT/archive/RetinalOCT_Dataset/RetinalOCT_Dataset/train/NORMAL/normal_train_2224.jpg,0,512x512
train,NORMAL,/media/miglab/DATA_20TB1/OCT/archive/RetinalOCT_Dataset/RetinalOCT_Dataset/train/NORMAL/normal_train_1547.jpg,0,496x512
train,NORMAL,/media/miglab/DATA_20TB1/OCT/archive/RetinalOCT_Dataset/RetinalOCT_Dataset/train/NORMAL/normal_train_2045.jpg,0,512x512
train,NORMAL,/media/miglab/DATA_20TB1/OCT/archive/RetinalOCT_Dataset/RetinalOCT_Dataset/train/NORMAL/normal_train_2496.jpg,0,512x512
train,NORMAL,/media/miglab/DATA_20TB1/OCT/archive/RetinalOCT_Dataset/RetinalOCT_Dataset/train/NORMAL/normal_train_2648.jpg,0,512x512
train,NORMAL,/media/miglab/DATA_20TB1/OCT/archive/RetinalOCT_Dataset/RetinalOCT_Dataset/train/NORMAL/normal_train_1987.jpg,0,496x512
train,NORMAL,/media/miglab/DATA_20TB1/OCT/archive/RetinalOCT_Dataset/RetinalOCT_Dataset/train/NORMAL/normal_train_1481.jpg,0,496x512
train,NORMAL,/media/miglab/DATA_20TB1/OCT/archive/RetinalOCT_Dataset/RetinalOCT_Dataset/train/NORMAL/normal_train_3271.jpg,0,496x512
train,NORMAL,/media/miglab/DATA_20TB1/OCT/archive/RetinalOCT_Dataset/RetinalOCT_Dataset/train/NORMAL/normal_train_1071.jpg,0,512x512
train,NORMAL,/media/miglab/DATA_20TB1/OCT/archive/RetinalOCT_Dataset/RetinalOCT_Dataset/train/NORMAL/normal_train_2800.jpg,0,496x768
train,NORMAL,/media/miglab/DATA_20TB1/OCT/archive/RetinalOCT_Dataset/RetinalOCT_Dataset/train/NORMAL/normal_train_2598.jpg,0,512x512
train,NORMAL,/media/miglab/DATA_20TB1/OCT/archive/RetinalOCT_Dataset/RetinalOCT_Dataset/train/NORMAL/normal_train_2852.jpg,0,496x768
train,NORMAL,/media/miglab/DATA_20TB1/OCT/archive/RetinalOCT_Dataset/RetinalOCT_Dataset/train/NORMAL/normal_train_2859.jpg,0,496x512
train,NORMAL,/media/miglab/DATA_20TB1/OCT/archive/RetinalOCT_Dataset/RetinalOCT_Dataset/train/NORMAL/normal_train_3184.jpg,0,496x512
train,NORMAL,/media/miglab/DATA_20TB1/OCT/archive/RetinalOCT_Dataset/RetinalOCT_Dataset/train/NORMAL/normal_train_1935.jpg,0,512x512
train,NORMAL,/media/miglab/DATA_20TB1/OCT/archive/RetinalOCT_Dataset/RetinalOCT_Dataset/train/NORMAL/normal_train_2206.jpg,0,512x512
train,NORMAL,/media/miglab/DATA_20TB1/OCT/archive/RetinalOCT_Dataset/RetinalOCT_Dataset/train/NORMAL/normal_train_2463.jpg,0,512x512
train,NORMAL,/media/miglab/DATA_20TB1/OCT/archive/RetinalOCT_Dataset/RetinalOCT_Dataset/train/NORMAL/normal_train_2392.jpg,0,512x512
train,NORMAL,/media/miglab/DATA_20TB1/OCT/archive/RetinalOCT_Dataset/RetinalOCT_Dataset/train/NORMAL/normal_train_1760.jpg,0,512x512
train,NORMAL,/media/miglab/DATA_20TB1/OCT/archive/RetinalOCT_Dataset/RetinalOCT_Dataset/train/NORMAL/normal_train_1795.jpg,0,496x512
train,NORMAL,/media/miglab/DATA_20TB1/OCT/archive/RetinalOCT_Dataset/RetinalOCT_Dataset/train/NORMAL/normal_train_2426.jpg,0,512x512
train,NORMAL,/media/miglab/DATA_20TB1/OCT/archive/RetinalOCT_Dataset/RetinalOCT_Dataset/train/NORMAL/normal_train_2121.jpg,0,496x768
train,NORMAL,/media/miglab/DATA_20TB1/OCT/archive/RetinalOCT_Dataset/RetinalOCT_Dataset/train/NORMAL/normal_train_1126.jpg,0,512x512
train,NORMAL,/media/miglab/DATA_20TB1/OCT/archive/RetinalOCT_Dataset/RetinalOCT_Dataset/train/NORMAL/normal_train_2423.jpg,0,512x512
train,NORMAL,/media/miglab/DATA_20TB1/OCT/archive/RetinalOCT_Dataset/RetinalOCT_Dataset/train/NORMAL/normal_train_2928.jpg,0,512x512
train,NORMAL,/media/miglab/DATA_20TB1/OCT/archive/RetinalOCT_Dataset/RetinalOCT_Dataset/train/NORMAL/normal_train_1865.jpg,0,496x512
train,NORMAL,/media/miglab/DATA_20TB1/OCT/archive/RetinalOCT_Dataset/RetinalOCT_Dataset/train/NORMAL/normal_train_1809.jpg,0,496x768
train,NORMAL,/media/miglab/DATA_20TB1/OCT/archive/RetinalOCT_Dataset/RetinalOCT_Dataset/train/NORMAL/normal_train_2953.jpg,0,496x512
train,NORMAL,/media/miglab/DATA_20TB1/OCT/archive/RetinalOCT_Dataset/RetinalOCT_Dataset/train/NORMAL/normal_train_2575.jpg,0,496x512
train,NORMAL,/media/miglab/DATA_20TB1/OCT/archive/RetinalOCT_Dataset/RetinalOCT_Dataset/train/NORMAL/normal_train_2034.jpg,0,496x512
train,NORMAL,/media/miglab/DATA_20TB1/OCT/archive/RetinalOCT_Dataset/RetinalOCT_Dataset/train/NORMAL/normal_train_2041.jpg,0,496x512
train,NORMAL,/media/miglab/DATA_20TB1/OCT/archive/RetinalOCT_Dataset/RetinalOCT_Dataset/train/NORMAL/normal_train_3248.jpg,0,496x512
train,NORMAL,/media/miglab/DATA_20TB1/OCT/archive/RetinalOCT_Dataset/RetinalOCT_Dataset/train/NORMAL/normal_train_3225.jpg,0,512x512
train,NORMAL,/media/miglab/DATA_20TB1/OCT/archive/RetinalOCT_Dataset/RetinalOCT_Dataset/train/NORMAL/normal_train_3237.jpg,0,496x768
train,NORMAL,/media/miglab/DATA_20TB1/OCT/archive/RetinalOCT_Dataset/RetinalOCT_Dataset/train/NORMAL/normal_train_1165.jpg,0,496x512
train,NORMAL,/media/miglab/DATA_20TB1/OCT/archive/RetinalOCT_Dataset/RetinalOCT_Dataset/train/NORMAL/normal_train_1978.jpg,0,496x512
train,NORMAL,/media/miglab/DATA_20TB1/OCT/archive/RetinalOCT_Dataset/RetinalOCT_Dataset/train/NORMAL/normal_train_2510.jpg,0,496x512
train,NORMAL,/media/miglab/DATA_20TB1/OCT/archive/RetinalOCT_Dataset/RetinalOCT_Dataset/train/NORMAL/normal_train_2214.jpg,0,512x512
train,NORMAL,/media/miglab/DATA_20TB1/OCT/archive/RetinalOCT_Dataset/RetinalOCT_Dataset/train/NORMAL/normal_train_3052.jpg,0,496x512
train,NORMAL,/media/miglab/DATA_20TB1/OCT/archive/RetinalOCT_Dataset/RetinalOCT_Dataset/train/NORMAL/normal_train_1990.jpg,0,496x512
train,NORMAL,/media/miglab/DATA_20TB1/OCT/archive/RetinalOCT_Dataset/RetinalOCT_Dataset/train/NORMAL/normal_train_1048.jpg,0,496x512
train,NORMAL,/media/miglab/DATA_20TB1/OCT/archive/RetinalOCT_Dataset/RetinalOCT_Dataset/train/NORMAL/normal_train_1472.jpg,0,496x512
train,NORMAL,/media/miglab/DATA_20TB1/OCT/archive/RetinalOCT_Dataset/RetinalOCT_Dataset/train/NORMAL/normal_train_1099.jpg,0,512x512
train,NORMAL,/media/miglab/DATA_20TB1/OCT/archive/RetinalOCT_Dataset/RetinalOCT_Dataset/train/NORMAL/normal_train_3276.jpg,0,496x768
train,NORMAL,/media/miglab/DATA_20TB1/OCT/archive/RetinalOCT_Dataset/RetinalOCT_Dataset/train/NORMAL/normal_train_1010.jpg,0,512x512
train,NORMAL,/media/miglab/DATA_20TB1/OCT/archive/RetinalOCT_Dataset/RetinalOCT_Dataset/train/NORMAL/normal_train_2175.jpg,0,496x512
train,NORMAL,/media/miglab/DATA_20TB1/OCT/archive/RetinalOCT_Dataset/RetinalOCT_Dataset/train/NORMAL/normal_train_2962.jpg,0,512x512
train,NORMAL,/media/miglab/DATA_20TB1/OCT/archive/RetinalOCT_Dataset/RetinalOCT_Dataset/train/NORMAL/normal_train_1354.jpg,0,496x768
train,NORMAL,/media/miglab/DATA_20TB1/OCT/archive/RetinalOCT_Dataset/RetinalOCT_Dataset/train/NORMAL/normal_train_2102.jpg,0,496x768
train,NORMAL,/media/miglab/DATA_20TB1/OCT/archive/RetinalOCT_Dataset/RetinalOCT_Dataset/train/NORMAL/normal_train_2719.jpg,0,512x512
train,NORMAL,/media/miglab/DATA_20TB1/OCT/archive/RetinalOCT_Dataset/RetinalOCT_Dataset/train/NORMAL/normal_train_1725.jpg,0,512x512
train,NORMAL,/media/miglab/DATA_20TB1/OCT/archive/RetinalOCT_Dataset/RetinalOCT_Dataset/train/NORMAL/normal_train_1615.jpg,0,496x512
train,NORMAL,/media/miglab/DATA_20TB1/OCT/archive/RetinalOCT_Dataset/RetinalOCT_Dataset/train/NORMAL/normal_train_2701.jpg,0,496x512
train,NORMAL,/media/miglab/DATA_20TB1/OCT/archive/RetinalOCT_Dataset/RetinalOCT_Dataset/train/NORMAL/normal_train_2571.jpg,0,496x512
train,NORMAL,/media/miglab/DATA_20TB1/OCT/archive/RetinalOCT_Dataset/RetinalOCT_Dataset/train/NORMAL/normal_train_2195.jpg,0,496x768
train,NORMAL,/media/miglab/DATA_20TB1/OCT/archive/RetinalOCT_Dataset/RetinalOCT_Dataset/train/NORMAL/normal_train_2877.jpg,0,496x768
train,NORMAL,/media/miglab/DATA_20TB1/OCT/archive/RetinalOCT_Dataset/RetinalOCT_Dataset/train/NORMAL/normal_train_1528.jpg,0,496x512
train,NORMAL,/media/miglab/DATA_20TB1/OCT/archive/RetinalOCT_Dataset/RetinalOCT_Dataset/train/NORMAL/normal_train_2756.jpg,0,496x512
train,NORMAL,/media/miglab/DATA_20TB1/OCT/archive/RetinalOCT_Dataset/RetinalOCT_Dataset/train/NORMAL/normal_train_1019.jpg,0,496x512
train,NORMAL,/media/miglab/DATA_20TB1/OCT/archive/RetinalOCT_Dataset/RetinalOCT_Dataset/train/NORMAL/normal_train_3102.jpg,0,512x512
train,NORMAL,/media/miglab/DATA_20TB1/OCT/archive/RetinalOCT_Dataset/RetinalOCT_Dataset/train/NORMAL/normal_train_1137.jpg,0,496x512
train,NORMAL,/media/miglab/DATA_20TB1/OCT/archive/RetinalOCT_Dataset/RetinalOCT_Dataset/train/NORMAL/normal_train_1506.jpg,0,496x512
train,NORMAL,/media/miglab/DATA_20TB1/OCT/archive/RetinalOCT_Dataset/RetinalOCT_Dataset/train/NORMAL/normal_train_3283.jpg,0,512x512
train,NORMAL,/media/miglab/DATA_20TB1/OCT/archive/RetinalOCT_Dataset/RetinalOCT_Dataset/train/NORMAL/normal_train_3061.jpg,0,496x512
train,NORMAL,/media/miglab/DATA_20TB1/OCT/archive/RetinalOCT_Dataset/RetinalOCT_Dataset/train/NORMAL/normal_train_3010.jpg,0,496x768
train,NORMAL,/media/miglab/DATA_20TB1/OCT/archive/RetinalOCT_Dataset/RetinalOCT_Dataset/train/NORMAL/normal_train_2824.jpg,0,496x512
train,NORMAL,/media/miglab/DATA_20TB1/OCT/archive/RetinalOCT_Dataset/RetinalOCT_Dataset/train/NORMAL/normal_train_3056.jpg,0,496x768
train,NORMAL,/media/miglab/DATA_20TB1/OCT/archive/RetinalOCT_Dataset/RetinalOCT_Dataset/train/NORMAL/normal_train_2026.jpg,0,496x512
train,NORMAL,/media/miglab/DATA_20TB1/OCT/archive/RetinalOCT_Dataset/RetinalOCT_Dataset/train/NORMAL/normal_train_1914.jpg,0,512x512
train,NORMAL,/media/miglab/DATA_20TB1/OCT/archive/RetinalOCT_Dataset/RetinalOCT_Dataset/train/NORMAL/normal_train_2347.jpg,0,512x512
train,NORMAL,/media/miglab/DATA_20TB1/OCT/archive/RetinalOCT_Dataset/RetinalOCT_Dataset/train/NORMAL/normal_train_2339.jpg,0,496x512
train,NORMAL,/media/miglab/DATA_20TB1/OCT/archive/RetinalOCT_Dataset/RetinalOCT_Dataset/train/NORMAL/normal_train_2716.jpg,0,512x512
train,NORMAL,/media/miglab/DATA_20TB1/OCT/archive/RetinalOCT_Dataset/RetinalOCT_Dataset/train/NORMAL/normal_train_2541.jpg,0,496x512
train,NORMAL,/media/miglab/DATA_20TB1/OCT/archive/RetinalOCT_Dataset/RetinalOCT_Dataset/train/NORMAL/normal_train_2240.jpg,0,496x768
train,NORMAL,/media/miglab/DATA_20TB1/OCT/archive/RetinalOCT_Dataset/RetinalOCT_Dataset/train/NORMAL/normal_train_2775.jpg,0,496x512
train,NORMAL,/media/miglab/DATA_20TB1/OCT/archive/RetinalOCT_Dataset/RetinalOCT_Dataset/train/NORMAL/normal_train_1514.jpg,0,496x768
train,NORMAL,/media/miglab/DATA_20TB1/OCT/archive/RetinalOCT_Dataset/RetinalOCT_Dataset/train/NORMAL/normal_train_1288.jpg,0,512x512
train,NORMAL,/media/miglab/DATA_20TB1/OCT/archive/RetinalOCT_Dataset/RetinalOCT_Dataset/train/NORMAL/normal_train_1998.jpg,0,496x512
train,NORMAL,/media/miglab/DATA_20TB1/OCT/archive/RetinalOCT_Dataset/RetinalOCT_Dataset/train/NORMAL/normal_train_2253.jpg,0,496x768
train,NORMAL,/media/miglab/DATA_20TB1/OCT/archive/RetinalOCT_Dataset/RetinalOCT_Dataset/train/NORMAL/normal_train_2202.jpg,0,496x512
train,NORMAL,/media/miglab/DATA_20TB1/OCT/archive/RetinalOCT_Dataset/RetinalOCT_Dataset/train/NORMAL/normal_train_2284.jpg,0,496x512
train,NORMAL,/media/miglab/DATA_20TB1/OCT/archive/RetinalOCT_Dataset/RetinalOCT_Dataset/train/NORMAL/normal_train_1512.jpg,0,496x512
train,NORMAL,/media/miglab/DATA_20TB1/OCT/archive/RetinalOCT_Dataset/RetinalOCT_Dataset/train/NORMAL/normal_train_1869.jpg,0,496x512
train,NORMAL,/media/miglab/DATA_20TB1/OCT/archive/RetinalOCT_Dataset/RetinalOCT_Dataset/train/NORMAL/normal_train_1311.jpg,0,496x768
train,NORMAL,/media/miglab/DATA_20TB1/OCT/archive/RetinalOCT_Dataset/RetinalOCT_Dataset/train/NORMAL/normal_train_2851.jpg,0,496x512
train,NORMAL,/media/miglab/DATA_20TB1/OCT/archive/RetinalOCT_Dataset/RetinalOCT_Dataset/train/NORMAL/normal_train_3186.jpg,0,496x512
train,NORMAL,/media/miglab/DATA_20TB1/OCT/archive/RetinalOCT_Dataset/RetinalOCT_Dataset/train/NORMAL/normal_train_2661.jpg,0,512x512
train,NORMAL,/media/miglab/DATA_20TB1/OCT/archive/RetinalOCT_Dataset/RetinalOCT_Dataset/train/NORMAL/normal_train_2068.jpg,0,496x768
train,NORMAL,/media/miglab/DATA_20TB1/OCT/archive/RetinalOCT_Dataset/RetinalOCT_Dataset/train/NORMAL/normal_train_2898.jpg,0,496x512
train,NORMAL,/media/miglab/DATA_20TB1/OCT/archive/RetinalOCT_Dataset/RetinalOCT_Dataset/train/NORMAL/normal_train_1402.jpg,0,496x512
train,NORMAL,/media/miglab/DATA_20TB1/OCT/archive/RetinalOCT_Dataset/RetinalOCT_Dataset/train/NORMAL/normal_train_1303.jpg,0,496x512
train,NORMAL,/media/miglab/DATA_20TB1/OCT/archive/RetinalOCT_Dataset/RetinalOCT_Dataset/train/NORMAL/normal_train_1736.jpg,0,512x512
train,NORMAL,/media/miglab/DATA_20TB1/OCT/archive/RetinalOCT_Dataset/RetinalOCT_Dataset/train/NORMAL/normal_train_2637.jpg,0,512x512
train,NORMAL,/media/miglab/DATA_20TB1/OCT/archive/RetinalOCT_Dataset/RetinalOCT_Dataset/train/NORMAL/normal_train_1575.jpg,0,496x512
train,NORMAL,/media/miglab/DATA_20TB1/OCT/archive/RetinalOCT_Dataset/RetinalOCT_Dataset/train/NORMAL/normal_train_2012.jpg,0,496x512
train,NORMAL,/media/miglab/DATA_20TB1/OCT/archive/RetinalOCT_Dataset/RetinalOCT_Dataset/train/NORMAL/normal_train_1199.jpg,0,496x768
train,NORMAL,/media/miglab/DATA_20TB1/OCT/archive/RetinalOCT_Dataset/RetinalOCT_Dataset/train/NORMAL/normal_train_2847.jpg,0,496x768
train,NORMAL,/media/miglab/DATA_20TB1/OCT/archive/RetinalOCT_Dataset/RetinalOCT_Dataset/train/NORMAL/normal_train_1535.jpg,0,496x512
train,NORMAL,/media/miglab/DATA_20TB1/OCT/archive/RetinalOCT_Dataset/RetinalOCT_Dataset/train/NORMAL/normal_train_3040.jpg,0,496x512
train,NORMAL,/media/miglab/DATA_20TB1/OCT/archive/RetinalOCT_Dataset/RetinalOCT_Dataset/train/NORMAL/normal_train_2359.jpg,0,496x512
train,NORMAL,/media/miglab/DATA_20TB1/OCT/archive/RetinalOCT_Dataset/RetinalOCT_Dataset/train/NORMAL/normal_train_2260.jpg,0,496x512
train,NORMAL,/media/miglab/DATA_20TB1/OCT/archive/RetinalOCT_Dataset/RetinalOCT_Dataset/train/NORMAL/normal_train_2650.jpg,0,512x512
train,NORMAL,/media/miglab/DATA_20TB1/OCT/archive/RetinalOCT_Dataset/RetinalOCT_Dataset/train/NORMAL/normal_train_2717.jpg,0,512x512
train,NORMAL,/media/miglab/DATA_20TB1/OCT/archive/RetinalOCT_Dataset/RetinalOCT_Dataset/train/NORMAL/normal_train_3268.jpg,0,496x512
train,NORMAL,/media/miglab/DATA_20TB1/OCT/archive/RetinalOCT_Dataset/RetinalOCT_Dataset/train/NORMAL/normal_train_2994.jpg,0,512x512
train,NORMAL,/media/miglab/DATA_20TB1/OCT/archive/RetinalOCT_Dataset/RetinalOCT_Dataset/train/NORMAL/normal_train_2029.jpg,0,496x768
train,NORMAL,/media/miglab/DATA_20TB1/OCT/archive/RetinalOCT_Dataset/RetinalOCT_Dataset/train/NORMAL/normal_train_1908.jpg,0,496x768
train,NORMAL,/media/miglab/DATA_20TB1/OCT/archive/RetinalOCT_Dataset/RetinalOCT_Dataset/train/NORMAL/normal_train_2130.jpg,0,512x512
train,NORMAL,/media/miglab/DATA_20TB1/OCT/archive/RetinalOCT_Dataset/RetinalOCT_Dataset/train/NORMAL/normal_train_2825.jpg,0,496x512
train,NORMAL,/media/miglab/DATA_20TB1/OCT/archive/RetinalOCT_Dataset/RetinalOCT_Dataset/train/NORMAL/normal_train_1624.jpg,0,496x512
train,NORMAL,/media/miglab/DATA_20TB1/OCT/archive/RetinalOCT_Dataset/RetinalOCT_Dataset/train/NORMAL/normal_train_2233.jpg,0,512x512
train,NORMAL,/media/miglab/DATA_20TB1/OCT/archive/RetinalOCT_Dataset/RetinalOCT_Dataset/train/NORMAL/normal_train_2178.jpg,0,512x512
train,NORMAL,/media/miglab/DATA_20TB1/OCT/archive/RetinalOCT_Dataset/RetinalOCT_Dataset/train/NORMAL/normal_train_1375.jpg,0,496x512
train,NORMAL,/media/miglab/DATA_20TB1/OCT/archive/RetinalOCT_Dataset/RetinalOCT_Dataset/train/NORMAL/normal_train_2872.jpg,0,496x768
train,NORMAL,/media/miglab/DATA_20TB1/OCT/archive/RetinalOCT_Dataset/RetinalOCT_Dataset/train/NORMAL/normal_train_1356.jpg,0,496x768
train,NORMAL,/media/miglab/DATA_20TB1/OCT/archive/RetinalOCT_Dataset/RetinalOCT_Dataset/train/NORMAL/normal_train_2100.jpg,0,496x512
train,NORMAL,/media/miglab/DATA_20TB1/OCT/archive/RetinalOCT_Dataset/RetinalOCT_Dataset/train/NORMAL/normal_train_2952.jpg,0,512x512
train,NORMAL,/media/miglab/DATA_20TB1/OCT/archive/RetinalOCT_Dataset/RetinalOCT_Dataset/train/NORMAL/normal_train_2144.jpg,0,496x768
train,NORMAL,/media/miglab/DATA_20TB1/OCT/archive/RetinalOCT_Dataset/RetinalOCT_Dataset/train/NORMAL/normal_train_1777.jpg,0,496x512
train,NORMAL,/media/miglab/DATA_20TB1/OCT/archive/RetinalOCT_Dataset/RetinalOCT_Dataset/train/NORMAL/normal_train_3235.jpg,0,512x512
train,NORMAL,/media/miglab/DATA_20TB1/OCT/archive/RetinalOCT_Dataset/RetinalOCT_Dataset/train/NORMAL/normal_train_2688.jpg,0,496x512
train,NORMAL,/media/miglab/DATA_20TB1/OCT/archive/RetinalOCT_Dataset/RetinalOCT_Dataset/train/NORMAL/normal_train_1319.jpg,0,496x512
train,NORMAL,/media/miglab/DATA_20TB1/OCT/archive/RetinalOCT_Dataset/RetinalOCT_Dataset/train/NORMAL/normal_train_1383.jpg,0,496x512
train,NORMAL,/media/miglab/DATA_20TB1/OCT/archive/RetinalOCT_Dataset/RetinalOCT_Dataset/train/NORMAL/normal_train_1366.jpg,0,496x512
train,NORMAL,/media/miglab/DATA_20TB1/OCT/archive/RetinalOCT_Dataset/RetinalOCT_Dataset/train/NORMAL/normal_train_1868.jpg,0,496x512
train,NORMAL,/media/miglab/DATA_20TB1/OCT/archive/RetinalOCT_Dataset/RetinalOCT_Dataset/train/NORMAL/normal_train_1463.jpg,0,496x768
train,NORMAL,/media/miglab/DATA_20TB1/OCT/archive/RetinalOCT_Dataset/RetinalOCT_Dataset/train/NORMAL/normal_train_1788.jpg,0,496x512
train,NORMAL,/media/miglab/DATA_20TB1/OCT/archive/RetinalOCT_Dataset/RetinalOCT_Dataset/train/NORMAL/normal_train_3210.jpg,0,496x512
train,NORMAL,/media/miglab/DATA_20TB1/OCT/archive/RetinalOCT_Dataset/RetinalOCT_Dataset/train/NORMAL/normal_train_2886.jpg,0,496x512
train,NORMAL,/media/miglab/DATA_20TB1/OCT/archive/RetinalOCT_Dataset/RetinalOCT_Dataset/train/NORMAL/normal_train_3001.jpg,0,496x512
train,NORMAL,/media/miglab/DATA_20TB1/OCT/archive/RetinalOCT_Dataset/RetinalOCT_Dataset/train/NORMAL/normal_train_2137.jpg,0,496x512
train,NORMAL,/media/miglab/DATA_20TB1/OCT/archive/RetinalOCT_Dataset/RetinalOCT_Dataset/train/NORMAL/normal_train_2946.jpg,0,496x512
train,NORMAL,/media/miglab/DATA_20TB1/OCT/archive/RetinalOCT_Dataset/RetinalOCT_Dataset/train/NORMAL/normal_train_2337.jpg,0,496x512
train,NORMAL,/media/miglab/DATA_20TB1/OCT/archive/RetinalOCT_Dataset/RetinalOCT_Dataset/train/NORMAL/normal_train_3088.jpg,0,496x512
train,NORMAL,/media/miglab/DATA_20TB1/OCT/archive/RetinalOCT_Dataset/RetinalOCT_Dataset/train/NORMAL/normal_train_2487.jpg,0,496x768
train,NORMAL,/media/miglab/DATA_20TB1/OCT/archive/RetinalOCT_Dataset/RetinalOCT_Dataset/train/NORMAL/normal_train_2977.jpg,0,496x512
train,NORMAL,/media/miglab/DATA_20TB1/OCT/archive/RetinalOCT_Dataset/RetinalOCT_Dataset/train/NORMAL/normal_train_1892.jpg,0,496x512
train,NORMAL,/media/miglab/DATA_20TB1/OCT/archive/RetinalOCT_Dataset/RetinalOCT_Dataset/train/NORMAL/normal_train_1647.jpg,0,512x512
train,NORMAL,/media/miglab/DATA_20TB1/OCT/archive/RetinalOCT_Dataset/RetinalOCT_Dataset/train/NORMAL/normal_train_1532.jpg,0,496x768
train,NORMAL,/media/miglab/DATA_20TB1/OCT/archive/RetinalOCT_Dataset/RetinalOCT_Dataset/train/NORMAL/normal_train_2982.jpg,0,496x512
train,NORMAL,/media/miglab/DATA_20TB1/OCT/archive/RetinalOCT_Dataset/RetinalOCT_Dataset/train/NORMAL/normal_train_2388.jpg,0,512x512
train,NORMAL,/media/miglab/DATA_20TB1/OCT/archive/RetinalOCT_Dataset/RetinalOCT_Dataset/train/NORMAL/normal_train_1047.jpg,0,496x512
train,NORMAL,/media/miglab/DATA_20TB1/OCT/archive/RetinalOCT_Dataset/RetinalOCT_Dataset/train/NORMAL/normal_train_2781.jpg,0,496x768
train,NORMAL,/media/miglab/DATA_20TB1/OCT/archive/RetinalOCT_Dataset/RetinalOCT_Dataset/train/NORMAL/normal_train_2239.jpg,0,496x512
train,NORMAL,/media/miglab/DATA_20TB1/OCT/archive/RetinalOCT_Dataset/RetinalOCT_Dataset/train/NORMAL/normal_train_2967.jpg,0,496x768
train,NORMAL,/media/miglab/DATA_20TB1/OCT/archive/RetinalOCT_Dataset/RetinalOCT_Dataset/train/NORMAL/normal_train_2412.jpg,0,512x512
train,NORMAL,/media/miglab/DATA_20TB1/OCT/archive/RetinalOCT_Dataset/RetinalOCT_Dataset/train/NORMAL/normal_train_1282.jpg,0,496x512
train,NORMAL,/media/miglab/DATA_20TB1/OCT/archive/RetinalOCT_Dataset/RetinalOCT_Dataset/train/NORMAL/normal_train_3240.jpg,0,496x512
train,NORMAL,/media/miglab/DATA_20TB1/OCT/archive/RetinalOCT_Dataset/RetinalOCT_Dataset/train/NORMAL/normal_train_2344.jpg,0,512x512
train,NORMAL,/media/miglab/DATA_20TB1/OCT/archive/RetinalOCT_Dataset/RetinalOCT_Dataset/train/NORMAL/normal_train_1554.jpg,0,496x512
train,NORMAL,/media/miglab/DATA_20TB1/OCT/archive/RetinalOCT_Dataset/RetinalOCT_Dataset/train/NORMAL/normal_train_2464.jpg,0,512x512
train,NORMAL,/media/miglab/DATA_20TB1/OCT/archive/RetinalOCT_Dataset/RetinalOCT_Dataset/train/NORMAL/normal_train_1859.jpg,0,496x768
train,NORMAL,/media/miglab/DATA_20TB1/OCT/archive/RetinalOCT_Dataset/RetinalOCT_Dataset/train/NORMAL/normal_train_2011.jpg,0,512x512
train,NORMAL,/media/miglab/DATA_20TB1/OCT/archive/RetinalOCT_Dataset/RetinalOCT_Dataset/train/NORMAL/normal_train_1569.jpg,0,496x512
train,NORMAL,/media/miglab/DATA_20TB1/OCT/archive/RetinalOCT_Dataset/RetinalOCT_Dataset/train/NORMAL/normal_train_2747.jpg,0,512x512
train,NORMAL,/media/miglab/DATA_20TB1/OCT/archive/RetinalOCT_Dataset/RetinalOCT_Dataset/train/NORMAL/normal_train_1917.jpg,0,496x768
train,NORMAL,/media/miglab/DATA_20TB1/OCT/archive/RetinalOCT_Dataset/RetinalOCT_Dataset/train/NORMAL/normal_train_3273.jpg,0,496x768
train,NORMAL,/media/miglab/DATA_20TB1/OCT/archive/RetinalOCT_Dataset/RetinalOCT_Dataset/train/NORMAL/normal_train_1370.jpg,0,496x768
train,NORMAL,/media/miglab/DATA_20TB1/OCT/archive/RetinalOCT_Dataset/RetinalOCT_Dataset/train/NORMAL/normal_train_1263.jpg,0,496x512
train,NORMAL,/media/miglab/DATA_20TB1/OCT/archive/RetinalOCT_Dataset/RetinalOCT_Dataset/train/NORMAL/normal_train_3068.jpg,0,496x768
train,NORMAL,/media/miglab/DATA_20TB1/OCT/archive/RetinalOCT_Dataset/RetinalOCT_Dataset/train/NORMAL/normal_train_2823.jpg,0,496x512
train,NORMAL,/media/miglab/DATA_20TB1/OCT/archive/RetinalOCT_Dataset/RetinalOCT_Dataset/train/NORMAL/normal_train_2995.jpg,0,512x512
train,NORMAL,/media/miglab/DATA_20TB1/OCT/archive/RetinalOCT_Dataset/RetinalOCT_Dataset/train/NORMAL/normal_train_2516.jpg,0,496x512
train,NORMAL,/media/miglab/DATA_20TB1/OCT/archive/RetinalOCT_Dataset/RetinalOCT_Dataset/train/NORMAL/normal_train_1681.jpg,0,512x512
train,NORMAL,/media/miglab/DATA_20TB1/OCT/archive/RetinalOCT_Dataset/RetinalOCT_Dataset/train/NORMAL/normal_train_3288.jpg,0,496x512
train,NORMAL,/media/miglab/DATA_20TB1/OCT/archive/RetinalOCT_Dataset/RetinalOCT_Dataset/train/NORMAL/normal_train_1043.jpg,0,496x512
train,NORMAL,/media/miglab/DATA_20TB1/OCT/archive/RetinalOCT_Dataset/RetinalOCT_Dataset/train/NORMAL/normal_train_3065.jpg,0,496x512
train,NORMAL,/media/miglab/DATA_20TB1/OCT/archive/RetinalOCT_Dataset/RetinalOCT_Dataset/train/NORMAL/normal_train_3279.jpg,0,496x512
train,NORMAL,/media/miglab/DATA_20TB1/OCT/archive/RetinalOCT_Dataset/RetinalOCT_Dataset/train/NORMAL/normal_train_2514.jpg,0,496x512
train,NORMAL,/media/miglab/DATA_20TB1/OCT/archive/RetinalOCT_Dataset/RetinalOCT_Dataset/train/NORMAL/normal_train_3250.jpg,0,496x512
train,NORMAL,/media/miglab/DATA_20TB1/OCT/archive/RetinalOCT_Dataset/RetinalOCT_Dataset/train/NORMAL/normal_train_2804.jpg,0,496x512
train,NORMAL,/media/miglab/DATA_20TB1/OCT/archive/RetinalOCT_Dataset/RetinalOCT_Dataset/train/NORMAL/normal_train_1173.jpg,0,496x768
train,NORMAL,/media/miglab/DATA_20TB1/OCT/archive/RetinalOCT_Dataset/RetinalOCT_Dataset/train/NORMAL/normal_train_1878.jpg,0,496x768
train,NORMAL,/media/miglab/DATA_20TB1/OCT/archive/RetinalOCT_Dataset/RetinalOCT_Dataset/train/NORMAL/normal_train_3183.jpg,0,496x512
train,NORMAL,/media/miglab/DATA_20TB1/OCT/archive/RetinalOCT_Dataset/RetinalOCT_Dataset/train/NORMAL/normal_train_1404.jpg,0,496x512
train,NORMAL,/media/miglab/DATA_20TB1/OCT/archive/RetinalOCT_Dataset/RetinalOCT_Dataset/train/NORMAL/normal_train_1849.jpg,0,496x768
train,NORMAL,/media/miglab/DATA_20TB1/OCT/archive/RetinalOCT_Dataset/RetinalOCT_Dataset/train/NORMAL/normal_train_2985.jpg,0,512x512
train,NORMAL,/media/miglab/DATA_20TB1/OCT/archive/RetinalOCT_Dataset/RetinalOCT_Dataset/train/NORMAL/normal_train_2888.jpg,0,496x768
train,NORMAL,/media/miglab/DATA_20TB1/OCT/archive/RetinalOCT_Dataset/RetinalOCT_Dataset/train/NORMAL/normal_train_1773.jpg,0,496x512
train,NORMAL,/media/miglab/DATA_20TB1/OCT/archive/RetinalOCT_Dataset/RetinalOCT_Dataset/train/NORMAL/normal_train_2964.jpg,0,512x512
train,NORMAL,/media/miglab/DATA_20TB1/OCT/archive/RetinalOCT_Dataset/RetinalOCT_Dataset/train/NORMAL/normal_train_2774.jpg,0,496x512
train,NORMAL,/media/miglab/DATA_20TB1/OCT/archive/RetinalOCT_Dataset/RetinalOCT_Dataset/train/NORMAL/normal_train_2624.jpg,0,496x512
train,NORMAL,/media/miglab/DATA_20TB1/OCT/archive/RetinalOCT_Dataset/RetinalOCT_Dataset/train/NORMAL/normal_train_1644.jpg,0,496x512
train,NORMAL,/media/miglab/DATA_20TB1/OCT/archive/RetinalOCT_Dataset/RetinalOCT_Dataset/train/NORMAL/normal_train_1792.jpg,0,496x512
train,NORMAL,/media/miglab/DATA_20TB1/OCT/archive/RetinalOCT_Dataset/RetinalOCT_Dataset/train/NORMAL/normal_train_2606.jpg,0,496x512
train,NORMAL,/media/miglab/DATA_20TB1/OCT/archive/RetinalOCT_Dataset/RetinalOCT_Dataset/train/NORMAL/normal_train_1343.jpg,0,496x512
train,NORMAL,/media/miglab/DATA_20TB1/OCT/archive/RetinalOCT_Dataset/RetinalOCT_Dataset/train/NORMAL/normal_train_2472.jpg,0,496x512
train,NORMAL,/media/miglab/DATA_20TB1/OCT/archive/RetinalOCT_Dataset/RetinalOCT_Dataset/train/NORMAL/normal_train_1257.jpg,0,496x768
train,NORMAL,/media/miglab/DATA_20TB1/OCT/archive/RetinalOCT_Dataset/RetinalOCT_Dataset/train/NORMAL/normal_train_1301.jpg,0,496x512
train,NORMAL,/media/miglab/DATA_20TB1/OCT/archive/RetinalOCT_Dataset/RetinalOCT_Dataset/train/NORMAL/normal_train_2591.jpg,0,496x768
train,NORMAL,/media/miglab/DATA_20TB1/OCT/archive/RetinalOCT_Dataset/RetinalOCT_Dataset/train/NORMAL/normal_train_2893.jpg,0,496x768
train,NORMAL,/media/miglab/DATA_20TB1/OCT/archive/RetinalOCT_Dataset/RetinalOCT_Dataset/train/NORMAL/normal_train_2710.jpg,0,496x768
train,NORMAL,/media/miglab/DATA_20TB1/OCT/archive/RetinalOCT_Dataset/RetinalOCT_Dataset/train/NORMAL/normal_train_1702.jpg,0,512x512
train,NORMAL,/media/miglab/DATA_20TB1/OCT/archive/RetinalOCT_Dataset/RetinalOCT_Dataset/train/NORMAL/normal_train_2976.jpg,0,496x768
train,NORMAL,/media/miglab/DATA_20TB1/OCT/archive/RetinalOCT_Dataset/RetinalOCT_Dataset/train/NORMAL/normal_train_1866.jpg,0,496x512
train,NORMAL,/media/miglab/DATA_20TB1/OCT/archive/RetinalOCT_Dataset/RetinalOCT_Dataset/train/NORMAL/normal_train_2791.jpg,0,496x768
train,NORMAL,/media/miglab/DATA_20TB1/OCT/archive/RetinalOCT_Dataset/RetinalOCT_Dataset/train/NORMAL/normal_train_2644.jpg,0,512x512
train,NORMAL,/media/miglab/DATA_20TB1/OCT/archive/RetinalOCT_Dataset/RetinalOCT_Dataset/train/NORMAL/normal_train_1011.jpg,0,496x512
train,NORMAL,/media/miglab/DATA_20TB1/OCT/archive/RetinalOCT_Dataset/RetinalOCT_Dataset/train/NORMAL/normal_train_1166.jpg,0,496x768
train,NORMAL,/media/miglab/DATA_20TB1/OCT/archive/RetinalOCT_Dataset/RetinalOCT_Dataset/train/NORMAL/normal_train_2866.jpg,0,496x768
train,NORMAL,/media/miglab/DATA_20TB1/OCT/archive/RetinalOCT_Dataset/RetinalOCT_Dataset/train/NORMAL/normal_train_2143.jpg,0,496x512
train,NORMAL,/media/miglab/DATA_20TB1/OCT/archive/RetinalOCT_Dataset/RetinalOCT_Dataset/train/NORMAL/normal_train_2285.jpg,0,496x768
train,NORMAL,/media/miglab/DATA_20TB1/OCT/archive/RetinalOCT_Dataset/RetinalOCT_Dataset/train/NORMAL/normal_train_1312.jpg,0,496x512
train,NORMAL,/media/miglab/DATA_20TB1/OCT/archive/RetinalOCT_Dataset/RetinalOCT_Dataset/train/NORMAL/normal_train_2991.jpg,0,496x768
train,NORMAL,/media/miglab/DATA_20TB1/OCT/archive/RetinalOCT_Dataset/RetinalOCT_Dataset/train/NORMAL/normal_train_1759.jpg,0,512x512
train,NORMAL,/media/miglab/DATA_20TB1/OCT/archive/RetinalOCT_Dataset/RetinalOCT_Dataset/train/NORMAL/normal_train_1550.jpg,0,496x512
train,NORMAL,/media/miglab/DATA_20TB1/OCT/archive/RetinalOCT_Dataset/RetinalOCT_Dataset/train/NORMAL/normal_train_2938.jpg,0,496x512
train,NORMAL,/media/miglab/DATA_20TB1/OCT/archive/RetinalOCT_Dataset/RetinalOCT_Dataset/train/NORMAL/normal_train_2021.jpg,0,496x512
train,NORMAL,/media/miglab/DATA_20TB1/OCT/archive/RetinalOCT_Dataset/RetinalOCT_Dataset/train/NORMAL/normal_train_1770.jpg,0,496x512
train,NORMAL,/media/miglab/DATA_20TB1/OCT/archive/RetinalOCT_Dataset/RetinalOCT_Dataset/train/NORMAL/normal_train_3067.jpg,0,496x512
train,NORMAL,/media/miglab/DATA_20TB1/OCT/archive/RetinalOCT_Dataset/RetinalOCT_Dataset/train/NORMAL/normal_train_2462.jpg,0,512x512
train,NORMAL,/media/miglab/DATA_20TB1/OCT/archive/RetinalOCT_Dataset/RetinalOCT_Dataset/train/NORMAL/normal_train_2589.jpg,0,496x512
train,NORMAL,/media/miglab/DATA_20TB1/OCT/archive/RetinalOCT_Dataset/RetinalOCT_Dataset/train/NORMAL/normal_train_2963.jpg,0,512x512
train,NORMAL,/media/miglab/DATA_20TB1/OCT/archive/RetinalOCT_Dataset/RetinalOCT_Dataset/train/NORMAL/normal_train_1031.jpg,0,496x768
train,NORMAL,/media/miglab/DATA_20TB1/OCT/archive/RetinalOCT_Dataset/RetinalOCT_Dataset/train/NORMAL/normal_train_1475.jpg,0,496x512
train,NORMAL,/media/miglab/DATA_20TB1/OCT/archive/RetinalOCT_Dataset/RetinalOCT_Dataset/train/NORMAL/normal_train_2875.jpg,0,496x512
train,NORMAL,/media/miglab/DATA_20TB1/OCT/archive/RetinalOCT_Dataset/RetinalOCT_Dataset/train/NORMAL/normal_train_1746.jpg,0,512x512
train,NORMAL,/media/miglab/DATA_20TB1/OCT/archive/RetinalOCT_Dataset/RetinalOCT_Dataset/train/NORMAL/normal_train_2158.jpg,0,496x768
train,NORMAL,/media/miglab/DATA_20TB1/OCT/archive/RetinalOCT_Dataset/RetinalOCT_Dataset/train/NORMAL/normal_train_1500.jpg,0,496x512
train,NORMAL,/media/miglab/DATA_20TB1/OCT/archive/RetinalOCT_Dataset/RetinalOCT_Dataset/train/NORMAL/normal_train_2655.jpg,0,496x512
train,NORMAL,/media/miglab/DATA_20TB1/OCT/archive/RetinalOCT_Dataset/RetinalOCT_Dataset/train/NORMAL/normal_train_1142.jpg,0,496x768
train,NORMAL,/media/miglab/DATA_20TB1/OCT/archive/RetinalOCT_Dataset/RetinalOCT_Dataset/train/NORMAL/normal_train_3161.jpg,0,496x512
train,NORMAL,/media/miglab/DATA_20TB1/OCT/archive/RetinalOCT_Dataset/RetinalOCT_Dataset/train/NORMAL/normal_train_1097.jpg,0,512x512
train,NORMAL,/media/miglab/DATA_20TB1/OCT/archive/RetinalOCT_Dataset/RetinalOCT_Dataset/train/NORMAL/normal_train_2916.jpg,0,512x512
train,NORMAL,/media/miglab/DATA_20TB1/OCT/archive/RetinalOCT_Dataset/RetinalOCT_Dataset/train/NORMAL/normal_train_2065.jpg,0,496x512
train,NORMAL,/media/miglab/DATA_20TB1/OCT/archive/RetinalOCT_Dataset/RetinalOCT_Dataset/train/NORMAL/normal_train_1108.jpg,0,512x512
train,NORMAL,/media/miglab/DATA_20TB1/OCT/archive/RetinalOCT_Dataset/RetinalOCT_Dataset/train/NORMAL/normal_train_2140.jpg,0,496x512
train,NORMAL,/media/miglab/DATA_20TB1/OCT/archive/RetinalOCT_Dataset/RetinalOCT_Dataset/train/NORMAL/normal_train_2983.jpg,0,496x512
train,NORMAL,/media/miglab/DATA_20TB1/OCT/archive/RetinalOCT_Dataset/RetinalOCT_Dataset/train/NORMAL/normal_train_2885.jpg,0,496x512
train,NORMAL,/media/miglab/DATA_20TB1/OCT/archive/RetinalOCT_Dataset/RetinalOCT_Dataset/train/NORMAL/normal_train_2075.jpg,0,496x512
train,NORMAL,/media/miglab/DATA_20TB1/OCT/archive/RetinalOCT_Dataset/RetinalOCT_Dataset/train/NORMAL/normal_train_2133.jpg,0,496x768
train,NORMAL,/media/miglab/DATA_20TB1/OCT/archive/RetinalOCT_Dataset/RetinalOCT_Dataset/train/NORMAL/normal_train_1623.jpg,0,496x768
train,NORMAL,/media/miglab/DATA_20TB1/OCT/archive/RetinalOCT_Dataset/RetinalOCT_Dataset/train/NORMAL/normal_train_2190.jpg,0,496x768
train,NORMAL,/media/miglab/DATA_20TB1/OCT/archive/RetinalOCT_Dataset/RetinalOCT_Dataset/train/NORMAL/normal_train_1596.jpg,0,496x512
train,NORMAL,/media/miglab/DATA_20TB1/OCT/archive/RetinalOCT_Dataset/RetinalOCT_Dataset/train/NORMAL/normal_train_2495.jpg,0,496x512
train,NORMAL,/media/miglab/DATA_20TB1/OCT/archive/RetinalOCT_Dataset/RetinalOCT_Dataset/train/NORMAL/normal_train_2009.jpg,0,512x512
train,NORMAL,/media/miglab/DATA_20TB1/OCT/archive/RetinalOCT_Dataset/RetinalOCT_Dataset/train/NORMAL/normal_train_3051.jpg,0,496x768
train,NORMAL,/media/miglab/DATA_20TB1/OCT/archive/RetinalOCT_Dataset/RetinalOCT_Dataset/train/NORMAL/normal_train_2208.jpg,0,512x512
train,NORMAL,/media/miglab/DATA_20TB1/OCT/archive/RetinalOCT_Dataset/RetinalOCT_Dataset/train/NORMAL/normal_train_1750.jpg,0,512x512
train,NORMAL,/media/miglab/DATA_20TB1/OCT/archive/RetinalOCT_Dataset/RetinalOCT_Dataset/train/NORMAL/normal_train_2870.jpg,0,512x512
train,NORMAL,/media/miglab/DATA_20TB1/OCT/archive/RetinalOCT_Dataset/RetinalOCT_Dataset/train/NORMAL/normal_train_2438.jpg,0,512x512
train,NORMAL,/media/miglab/DATA_20TB1/OCT/archive/RetinalOCT_Dataset/RetinalOCT_Dataset/train/NORMAL/normal_train_2448.jpg,0,496x512
train,NORMAL,/media/miglab/DATA_20TB1/OCT/archive/RetinalOCT_Dataset/RetinalOCT_Dataset/train/NORMAL/normal_train_2283.jpg,0,496x768
train,NORMAL,/media/miglab/DATA_20TB1/OCT/archive/RetinalOCT_Dataset/RetinalOCT_Dataset/train/NORMAL/normal_train_2501.jpg,0,496x768
train,NORMAL,/media/miglab/DATA_20TB1/OCT/archive/RetinalOCT_Dataset/RetinalOCT_Dataset/train/NORMAL/normal_train_2381.jpg,0,512x512
train,NORMAL,/media/miglab/DATA_20TB1/OCT/archive/RetinalOCT_Dataset/RetinalOCT_Dataset/train/NORMAL/normal_train_1706.jpg,0,512x512
train,NORMAL,/media/miglab/DATA_20TB1/OCT/archive/RetinalOCT_Dataset/RetinalOCT_Dataset/train/NORMAL/normal_train_2923.jpg,0,496x512
train,NORMAL,/media/miglab/DATA_20TB1/OCT/archive/RetinalOCT_Dataset/RetinalOCT_Dataset/train/NORMAL/normal_train_2511.jpg,0,496x512
train,NORMAL,/media/miglab/DATA_20TB1/OCT/archive/RetinalOCT_Dataset/RetinalOCT_Dataset/train/NORMAL/normal_train_3286.jpg,0,496x512
train,NORMAL,/media/miglab/DATA_20TB1/OCT/archive/RetinalOCT_Dataset/RetinalOCT_Dataset/train/NORMAL/normal_train_2966.jpg,0,512x512
train,NORMAL,/media/miglab/DATA_20TB1/OCT/archive/RetinalOCT_Dataset/RetinalOCT_Dataset/train/NORMAL/normal_train_3021.jpg,0,496x512
train,NORMAL,/media/miglab/DATA_20TB1/OCT/archive/RetinalOCT_Dataset/RetinalOCT_Dataset/train/NORMAL/normal_train_1962.jpg,0,496x512
train,NORMAL,/media/miglab/DATA_20TB1/OCT/archive/RetinalOCT_Dataset/RetinalOCT_Dataset/train/NORMAL/normal_train_2273.jpg,0,512x512
train,NORMAL,/media/miglab/DATA_20TB1/OCT/archive/RetinalOCT_Dataset/RetinalOCT_Dataset/train/NORMAL/normal_train_1434.jpg,0,496x512
train,NORMAL,/media/miglab/DATA_20TB1/OCT/archive/RetinalOCT_Dataset/RetinalOCT_Dataset/train/NORMAL/normal_train_1088.jpg,0,512x512
train,NORMAL,/media/miglab/DATA_20TB1/OCT/archive/RetinalOCT_Dataset/RetinalOCT_Dataset/train/NORMAL/normal_train_1462.jpg,0,496x768
train,NORMAL,/media/miglab/DATA_20TB1/OCT/archive/RetinalOCT_Dataset/RetinalOCT_Dataset/train/NORMAL/normal_train_1211.jpg,0,496x768
train,NORMAL,/media/miglab/DATA_20TB1/OCT/archive/RetinalOCT_Dataset/RetinalOCT_Dataset/train/NORMAL/normal_train_2936.jpg,0,512x512
train,NORMAL,/media/miglab/DATA_20TB1/OCT/archive/RetinalOCT_Dataset/RetinalOCT_Dataset/train/NORMAL/normal_train_1840.jpg,0,496x768
train,NORMAL,/media/miglab/DATA_20TB1/OCT/archive/RetinalOCT_Dataset/RetinalOCT_Dataset/train/NORMAL/normal_train_2038.jpg,0,512x512
train,NORMAL,/media/miglab/DATA_20TB1/OCT/archive/RetinalOCT_Dataset/RetinalOCT_Dataset/train/NORMAL/normal_train_2101.jpg,0,496x512
train,NORMAL,/media/miglab/DATA_20TB1/OCT/archive/RetinalOCT_Dataset/RetinalOCT_Dataset/train/NORMAL/normal_train_2308.jpg,0,512x512
train,NORMAL,/media/miglab/DATA_20TB1/OCT/archive/RetinalOCT_Dataset/RetinalOCT_Dataset/train/NORMAL/normal_train_1548.jpg,0,496x768
train,NORMAL,/media/miglab/DATA_20TB1/OCT/archive/RetinalOCT_Dataset/RetinalOCT_Dataset/train/NORMAL/normal_train_1208.jpg,0,496x512
train,NORMAL,/media/miglab/DATA_20TB1/OCT/archive/RetinalOCT_Dataset/RetinalOCT_Dataset/train/NORMAL/normal_train_1772.jpg,0,496x768
train,NORMAL,/media/miglab/DATA_20TB1/OCT/archive/RetinalOCT_Dataset/RetinalOCT_Dataset/train/NORMAL/normal_train_1942.jpg,0,496x512
train,NORMAL,/media/miglab/DATA_20TB1/OCT/archive/RetinalOCT_Dataset/RetinalOCT_Dataset/train/NORMAL/normal_train_1875.jpg,0,496x512
train,NORMAL,/media/miglab/DATA_20TB1/OCT/archive/RetinalOCT_Dataset/RetinalOCT_Dataset/train/NORMAL/normal_train_1891.jpg,0,496x512
train,NORMAL,/media/miglab/DATA_20TB1/OCT/archive/RetinalOCT_Dataset/RetinalOCT_Dataset/train/NORMAL/normal_train_1020.jpg,0,496x512
train,NORMAL,/media/miglab/DATA_20TB1/OCT/archive/RetinalOCT_Dataset/RetinalOCT_Dataset/train/NORMAL/normal_train_2593.jpg,0,496x512
train,NORMAL,/media/miglab/DATA_20TB1/OCT/archive/RetinalOCT_Dataset/RetinalOCT_Dataset/train/NORMAL/normal_train_1385.jpg,0,496x512
train,NORMAL,/media/miglab/DATA_20TB1/OCT/archive/RetinalOCT_Dataset/RetinalOCT_Dataset/train/NORMAL/normal_train_3077.jpg,0,496x512
train,NORMAL,/media/miglab/DATA_20TB1/OCT/archive/RetinalOCT_Dataset/RetinalOCT_Dataset/train/NORMAL/normal_train_3246.jpg,0,496x768
train,NORMAL,/media/miglab/DATA_20TB1/OCT/archive/RetinalOCT_Dataset/RetinalOCT_Dataset/train/NORMAL/normal_train_2838.jpg,0,496x512
train,NORMAL,/media/miglab/DATA_20TB1/OCT/archive/RetinalOCT_Dataset/RetinalOCT_Dataset/train/NORMAL/normal_train_1842.jpg,0,496x512
train,NORMAL,/media/miglab/DATA_20TB1/OCT/archive/RetinalOCT_Dataset/RetinalOCT_Dataset/train/NORMAL/normal_train_1835.jpg,0,496x512
train,NORMAL,/media/miglab/DATA_20TB1/OCT/archive/RetinalOCT_Dataset/RetinalOCT_Dataset/train/NORMAL/normal_train_1813.jpg,0,496x768
train,NORMAL,/media/miglab/DATA_20TB1/OCT/archive/RetinalOCT_Dataset/RetinalOCT_Dataset/train/NORMAL/normal_train_1627.jpg,0,496x768
train,NORMAL,/media/miglab/DATA_20TB1/OCT/archive/RetinalOCT_Dataset/RetinalOCT_Dataset/train/NORMAL/normal_train_1447.jpg,0,496x768
train,NORMAL,/media/miglab/DATA_20TB1/OCT/archive/RetinalOCT_Dataset/RetinalOCT_Dataset/train/NORMAL/normal_train_1239.jpg,0,512x512
train,NORMAL,/media/miglab/DATA_20TB1/OCT/archive/RetinalOCT_Dataset/RetinalOCT_Dataset/train/NORMAL/normal_train_2691.jpg,0,496x512
train,NORMAL,/media/miglab/DATA_20TB1/OCT/archive/RetinalOCT_Dataset/RetinalOCT_Dataset/train/NORMAL/normal_train_1214.jpg,0,496x512
train,NORMAL,/media/miglab/DATA_20TB1/OCT/archive/RetinalOCT_Dataset/RetinalOCT_Dataset/train/NORMAL/normal_train_1469.jpg,0,496x512
train,NORMAL,/media/miglab/DATA_20TB1/OCT/archive/RetinalOCT_Dataset/RetinalOCT_Dataset/train/NORMAL/normal_train_1711.jpg,0,512x512
train,NORMAL,/media/miglab/DATA_20TB1/OCT/archive/RetinalOCT_Dataset/RetinalOCT_Dataset/train/NORMAL/normal_train_2599.jpg,0,512x512
train,NORMAL,/media/miglab/DATA_20TB1/OCT/archive/RetinalOCT_Dataset/RetinalOCT_Dataset/train/NORMAL/normal_train_1841.jpg,0,496x512
train,NORMAL,/media/miglab/DATA_20TB1/OCT/archive/RetinalOCT_Dataset/RetinalOCT_Dataset/train/NORMAL/normal_train_3080.jpg,0,496x512
train,NORMAL,/media/miglab/DATA_20TB1/OCT/archive/RetinalOCT_Dataset/RetinalOCT_Dataset/train/NORMAL/normal_train_2296.jpg,0,496x512
train,NORMAL,/media/miglab/DATA_20TB1/OCT/archive/RetinalOCT_Dataset/RetinalOCT_Dataset/train/NORMAL/normal_train_2159.jpg,0,512x512
train,NORMAL,/media/miglab/DATA_20TB1/OCT/archive/RetinalOCT_Dataset/RetinalOCT_Dataset/train/NORMAL/normal_train_1121.jpg,0,512x512
train,NORMAL,/media/miglab/DATA_20TB1/OCT/archive/RetinalOCT_Dataset/RetinalOCT_Dataset/train/NORMAL/normal_train_1686.jpg,0,512x512
train,NORMAL,/media/miglab/DATA_20TB1/OCT/archive/RetinalOCT_Dataset/RetinalOCT_Dataset/train/NORMAL/normal_train_2744.jpg,0,512x512
train,NORMAL,/media/miglab/DATA_20TB1/OCT/archive/RetinalOCT_Dataset/RetinalOCT_Dataset/train/NORMAL/normal_train_1903.jpg,0,496x512
train,NORMAL,/media/miglab/DATA_20TB1/OCT/archive/RetinalOCT_Dataset/RetinalOCT_Dataset/train/NORMAL/normal_train_2764.jpg,0,512x512
train,NORMAL,/media/miglab/DATA_20TB1/OCT/archive/RetinalOCT_Dataset/RetinalOCT_Dataset/train/NORMAL/normal_train_2241.jpg,0,496x512
train,NORMAL,/media/miglab/DATA_20TB1/OCT/archive/RetinalOCT_Dataset/RetinalOCT_Dataset/train/NORMAL/normal_train_3222.jpg,0,496x512
train,NORMAL,/media/miglab/DATA_20TB1/OCT/archive/RetinalOCT_Dataset/RetinalOCT_Dataset/train/NORMAL/normal_train_3167.jpg,0,496x512
train,NORMAL,/media/miglab/DATA_20TB1/OCT/archive/RetinalOCT_Dataset/RetinalOCT_Dataset/train/NORMAL/normal_train_2451.jpg,0,496x512
train,NORMAL,/media/miglab/DATA_20TB1/OCT/archive/RetinalOCT_Dataset/RetinalOCT_Dataset/train/NORMAL/normal_train_3031.jpg,0,496x768
train,NORMAL,/media/miglab/DATA_20TB1/OCT/archive/RetinalOCT_Dataset/RetinalOCT_Dataset/train/NORMAL/normal_train_1027.jpg,0,496x512
train,NORMAL,/media/miglab/DATA_20TB1/OCT/archive/RetinalOCT_Dataset/RetinalOCT_Dataset/train/NORMAL/normal_train_1424.jpg,0,496x768
train,NORMAL,/media/miglab/DATA_20TB1/OCT/archive/RetinalOCT_Dataset/RetinalOCT_Dataset/train/NORMAL/normal_train_1872.jpg,0,496x512
train,NORMAL,/media/miglab/DATA_20TB1/OCT/archive/RetinalOCT_Dataset/RetinalOCT_Dataset/train/NORMAL/normal_train_2411.jpg,0,512x512
train,NORMAL,/media/miglab/DATA_20TB1/OCT/archive/RetinalOCT_Dataset/RetinalOCT_Dataset/train/NORMAL/normal_train_2882.jpg,0,496x512
train,NORMAL,/media/miglab/DATA_20TB1/OCT/archive/RetinalOCT_Dataset/RetinalOCT_Dataset/train/NORMAL/normal_train_1106.jpg,0,512x512
train,NORMAL,/media/miglab/DATA_20TB1/OCT/archive/RetinalOCT_Dataset/RetinalOCT_Dataset/train/NORMAL/normal_train_3086.jpg,0,496x512
train,NORMAL,/media/miglab/DATA_20TB1/OCT/archive/RetinalOCT_Dataset/RetinalOCT_Dataset/train/NORMAL/normal_train_1351.jpg,0,496x512
train,NORMAL,/media/miglab/DATA_20TB1/OCT/archive/RetinalOCT_Dataset/RetinalOCT_Dataset/train/NORMAL/normal_train_1045.jpg,0,496x768
train,NORMAL,/media/miglab/DATA_20TB1/OCT/archive/RetinalOCT_Dataset/RetinalOCT_Dataset/train/NORMAL/normal_train_1895.jpg,0,512x512
train,NORMAL,/media/miglab/DATA_20TB1/OCT/archive/RetinalOCT_Dataset/RetinalOCT_Dataset/train/NORMAL/normal_train_1075.jpg,0,496x768
train,NORMAL,/media/miglab/DATA_20TB1/OCT/archive/RetinalOCT_Dataset/RetinalOCT_Dataset/train/NORMAL/normal_train_2051.jpg,0,496x512
train,NORMAL,/media/miglab/DATA_20TB1/OCT/archive/RetinalOCT_Dataset/RetinalOCT_Dataset/train/NORMAL/normal_train_1127.jpg,0,512x512
train,NORMAL,/media/miglab/DATA_20TB1/OCT/archive/RetinalOCT_Dataset/RetinalOCT_Dataset/train/NORMAL/normal_train_1900.jpg,0,496x512
train,NORMAL,/media/miglab/DATA_20TB1/OCT/archive/RetinalOCT_Dataset/RetinalOCT_Dataset/train/NORMAL/normal_train_2397.jpg,0,512x512
train,NORMAL,/media/miglab/DATA_20TB1/OCT/archive/RetinalOCT_Dataset/RetinalOCT_Dataset/train/NORMAL/normal_train_2127.jpg,0,512x512
train,NORMAL,/media/miglab/DATA_20TB1/OCT/archive/RetinalOCT_Dataset/RetinalOCT_Dataset/train/NORMAL/normal_train_1598.jpg,0,496x512
train,NORMAL,/media/miglab/DATA_20TB1/OCT/archive/RetinalOCT_Dataset/RetinalOCT_Dataset/train/NORMAL/normal_train_1202.jpg,0,512x512
train,NORMAL,/media/miglab/DATA_20TB1/OCT/archive/RetinalOCT_Dataset/RetinalOCT_Dataset/train/NORMAL/normal_train_2406.jpg,0,512x512
train,NORMAL,/media/miglab/DATA_20TB1/OCT/archive/RetinalOCT_Dataset/RetinalOCT_Dataset/train/NORMAL/normal_train_2674.jpg,0,496x768
train,NORMAL,/media/miglab/DATA_20TB1/OCT/archive/RetinalOCT_Dataset/RetinalOCT_Dataset/train/NORMAL/normal_train_3252.jpg,0,496x512
train,NORMAL,/media/miglab/DATA_20TB1/OCT/archive/RetinalOCT_Dataset/RetinalOCT_Dataset/train/NORMAL/normal_train_1538.jpg,0,496x512
train,NORMAL,/media/miglab/DATA_20TB1/OCT/archive/RetinalOCT_Dataset/RetinalOCT_Dataset/train/NORMAL/normal_train_2792.jpg,0,496x512
train,NORMAL,/media/miglab/DATA_20TB1/OCT/archive/RetinalOCT_Dataset/RetinalOCT_Dataset/train/NORMAL/normal_train_2323.jpg,0,496x512
train,NORMAL,/media/miglab/DATA_20TB1/OCT/archive/RetinalOCT_Dataset/RetinalOCT_Dataset/train/NORMAL/normal_train_2794.jpg,0,496x512
train,NORMAL,/media/miglab/DATA_20TB1/OCT/archive/RetinalOCT_Dataset/RetinalOCT_Dataset/train/NORMAL/normal_train_2623.jpg,0,496x512
train,NORMAL,/media/miglab/DATA_20TB1/OCT/archive/RetinalOCT_Dataset/RetinalOCT_Dataset/train/NORMAL/normal_train_2382.jpg,0,512x512
train,NORMAL,/media/miglab/DATA_20TB1/OCT/archive/RetinalOCT_Dataset/RetinalOCT_Dataset/train/NORMAL/normal_train_2447.jpg,0,512x512
train,NORMAL,/media/miglab/DATA_20TB1/OCT/archive/RetinalOCT_Dataset/RetinalOCT_Dataset/train/NORMAL/normal_train_1222.jpg,0,496x512
train,NORMAL,/media/miglab/DATA_20TB1/OCT/archive/RetinalOCT_Dataset/RetinalOCT_Dataset/train/NORMAL/normal_train_1525.jpg,0,496x512
train,NORMAL,/media/miglab/DATA_20TB1/OCT/archive/RetinalOCT_Dataset/RetinalOCT_Dataset/train/NORMAL/normal_train_2369.jpg,0,496x512
train,NORMAL,/media/miglab/DATA_20TB1/OCT/archive/RetinalOCT_Dataset/RetinalOCT_Dataset/train/NORMAL/normal_train_2935.jpg,0,512x512
train,NORMAL,/media/miglab/DATA_20TB1/OCT/archive/RetinalOCT_Dataset/RetinalOCT_Dataset/train/NORMAL/normal_train_3260.jpg,0,496x768
train,NORMAL,/media/miglab/DATA_20TB1/OCT/archive/RetinalOCT_Dataset/RetinalOCT_Dataset/train/NORMAL/normal_train_2040.jpg,0,496x512
train,NORMAL,/media/miglab/DATA_20TB1/OCT/archive/RetinalOCT_Dataset/RetinalOCT_Dataset/train/NORMAL/normal_train_2258.jpg,0,512x512
train,NORMAL,/media/miglab/DATA_20TB1/OCT/archive/RetinalOCT_Dataset/RetinalOCT_Dataset/train/NORMAL/normal_train_1197.jpg,0,496x768
train,NORMAL,/media/miglab/DATA_20TB1/OCT/archive/RetinalOCT_Dataset/RetinalOCT_Dataset/train/NORMAL/normal_train_1495.jpg,0,496x512
train,NORMAL,/media/miglab/DATA_20TB1/OCT/archive/RetinalOCT_Dataset/RetinalOCT_Dataset/train/NORMAL/normal_train_3295.jpg,0,512x512
train,NORMAL,/media/miglab/DATA_20TB1/OCT/archive/RetinalOCT_Dataset/RetinalOCT_Dataset/train/NORMAL/normal_train_3166.jpg,0,496x512
train,NORMAL,/media/miglab/DATA_20TB1/OCT/archive/RetinalOCT_Dataset/RetinalOCT_Dataset/train/NORMAL/normal_train_2223.jpg,0,496x512
train,NORMAL,/media/miglab/DATA_20TB1/OCT/archive/RetinalOCT_Dataset/RetinalOCT_Dataset/train/NORMAL/normal_train_1438.jpg,0,496x768
train,NORMAL,/media/miglab/DATA_20TB1/OCT/archive/RetinalOCT_Dataset/RetinalOCT_Dataset/train/NORMAL/normal_train_2274.jpg,0,496x512
train,NORMAL,/media/miglab/DATA_20TB1/OCT/archive/RetinalOCT_Dataset/RetinalOCT_Dataset/train/NORMAL/normal_train_2318.jpg,0,496x512
train,NORMAL,/media/miglab/DATA_20TB1/OCT/archive/RetinalOCT_Dataset/RetinalOCT_Dataset/train/NORMAL/normal_train_2375.jpg,0,512x512
train,NORMAL,/media/miglab/DATA_20TB1/OCT/archive/RetinalOCT_Dataset/RetinalOCT_Dataset/train/NORMAL/normal_train_1669.jpg,0,512x512
train,NORMAL,/media/miglab/DATA_20TB1/OCT/archive/RetinalOCT_Dataset/RetinalOCT_Dataset/train/NORMAL/normal_train_3181.jpg,0,496x512
train,NORMAL,/media/miglab/DATA_20TB1/OCT/archive/RetinalOCT_Dataset/RetinalOCT_Dataset/train/NORMAL/normal_train_3116.jpg,0,496x768
train,NORMAL,/media/miglab/DATA_20TB1/OCT/archive/RetinalOCT_Dataset/RetinalOCT_Dataset/train/NORMAL/normal_train_1094.jpg,0,512x512
train,NORMAL,/media/miglab/DATA_20TB1/OCT/archive/RetinalOCT_Dataset/RetinalOCT_Dataset/train/NORMAL/normal_train_2601.jpg,0,512x512
train,NORMAL,/media/miglab/DATA_20TB1/OCT/archive/RetinalOCT_Dataset/RetinalOCT_Dataset/train/NORMAL/normal_train_1697.jpg,0,512x512
train,NORMAL,/media/miglab/DATA_20TB1/OCT/archive/RetinalOCT_Dataset/RetinalOCT_Dataset/train/NORMAL/normal_train_2758.jpg,0,496x512
train,NORMAL,/media/miglab/DATA_20TB1/OCT/archive/RetinalOCT_Dataset/RetinalOCT_Dataset/train/NORMAL/normal_train_1836.jpg,0,496x512
train,NORMAL,/media/miglab/DATA_20TB1/OCT/archive/RetinalOCT_Dataset/RetinalOCT_Dataset/train/NORMAL/normal_train_1693.jpg,0,512x512
train,NORMAL,/media/miglab/DATA_20TB1/OCT/archive/RetinalOCT_Dataset/RetinalOCT_Dataset/train/NORMAL/normal_train_2226.jpg,0,512x512
train,NORMAL,/media/miglab/DATA_20TB1/OCT/archive/RetinalOCT_Dataset/RetinalOCT_Dataset/train/NORMAL/normal_train_1985.jpg,0,496x512
train,NORMAL,/media/miglab/DATA_20TB1/OCT/archive/RetinalOCT_Dataset/RetinalOCT_Dataset/train/NORMAL/normal_train_1035.jpg,0,496x512
train,NORMAL,/media/miglab/DATA_20TB1/OCT/archive/RetinalOCT_Dataset/RetinalOCT_Dataset/train/NORMAL/normal_train_2198.jpg,0,496x512
train,NORMAL,/media/miglab/DATA_20TB1/OCT/archive/RetinalOCT_Dataset/RetinalOCT_Dataset/train/NORMAL/normal_train_1339.jpg,0,496x512
train,NORMAL,/media/miglab/DATA_20TB1/OCT/archive/RetinalOCT_Dataset/RetinalOCT_Dataset/train/NORMAL/normal_train_3059.jpg,0,496x768
train,NORMAL,/media/miglab/DATA_20TB1/OCT/archive/RetinalOCT_Dataset/RetinalOCT_Dataset/train/NORMAL/normal_train_2634.jpg,0,496x512
train,NORMAL,/media/miglab/DATA_20TB1/OCT/archive/RetinalOCT_Dataset/RetinalOCT_Dataset/train/NORMAL/normal_train_3293.jpg,0,512x512
train,NORMAL,/media/miglab/DATA_20TB1/OCT/archive/RetinalOCT_Dataset/RetinalOCT_Dataset/train/NORMAL/normal_train_2216.jpg,0,496x768
train,NORMAL,/media/miglab/DATA_20TB1/OCT/archive/RetinalOCT_Dataset/RetinalOCT_Dataset/train/NORMAL/normal_train_1940.jpg,0,496x768
train,NORMAL,/media/miglab/DATA_20TB1/OCT/archive/RetinalOCT_Dataset/RetinalOCT_Dataset/train/NORMAL/normal_train_1885.jpg,0,512x512
train,NORMAL,/media/miglab/DATA_20TB1/OCT/archive/RetinalOCT_Dataset/RetinalOCT_Dataset/train/NORMAL/normal_train_2750.jpg,0,496x512
train,NORMAL,/media/miglab/DATA_20TB1/OCT/archive/RetinalOCT_Dataset/RetinalOCT_Dataset/train/NORMAL/normal_train_1943.jpg,0,496x768
train,NORMAL,/media/miglab/DATA_20TB1/OCT/archive/RetinalOCT_Dataset/RetinalOCT_Dataset/train/NORMAL/normal_train_3187.jpg,0,496x512
train,NORMAL,/media/miglab/DATA_20TB1/OCT/archive/RetinalOCT_Dataset/RetinalOCT_Dataset/train/NORMAL/normal_train_2504.jpg,0,512x512
train,NORMAL,/media/miglab/DATA_20TB1/OCT/archive/RetinalOCT_Dataset/RetinalOCT_Dataset/train/NORMAL/normal_train_1449.jpg,0,496x512
train,NORMAL,/media/miglab/DATA_20TB1/OCT/archive/RetinalOCT_Dataset/RetinalOCT_Dataset/train/NORMAL/normal_train_1822.jpg,0,496x512
train,NORMAL,/media/miglab/DATA_20TB1/OCT/archive/RetinalOCT_Dataset/RetinalOCT_Dataset/train/NORMAL/normal_train_2639.jpg,0,512x512
train,NORMAL,/media/miglab/DATA_20TB1/OCT/archive/RetinalOCT_Dataset/RetinalOCT_Dataset/train/NORMAL/normal_train_2527.jpg,0,496x512
train,NORMAL,/media/miglab/DATA_20TB1/OCT/archive/RetinalOCT_Dataset/RetinalOCT_Dataset/train/NORMAL/normal_train_1125.jpg,0,512x512
train,NORMAL,/media/miglab/DATA_20TB1/OCT/archive/RetinalOCT_Dataset/RetinalOCT_Dataset/train/NORMAL/normal_train_2974.jpg,0,512x512
train,NORMAL,/media/miglab/DATA_20TB1/OCT/archive/RetinalOCT_Dataset/RetinalOCT_Dataset/train/NORMAL/normal_train_3206.jpg,0,496x768
train,NORMAL,/media/miglab/DATA_20TB1/OCT/archive/RetinalOCT_Dataset/RetinalOCT_Dataset/train/NORMAL/normal_train_2810.jpg,0,496x512
train,NORMAL,/media/miglab/DATA_20TB1/OCT/archive/RetinalOCT_Dataset/RetinalOCT_Dataset/train/NORMAL/normal_train_2060.jpg,0,496x512
train,NORMAL,/media/miglab/DATA_20TB1/OCT/archive/RetinalOCT_Dataset/RetinalOCT_Dataset/train/NORMAL/normal_train_1344.jpg,0,496x768
train,NORMAL,/media/miglab/DATA_20TB1/OCT/archive/RetinalOCT_Dataset/RetinalOCT_Dataset/train/NORMAL/normal_train_1323.jpg,0,496x768
train,NORMAL,/media/miglab/DATA_20TB1/OCT/archive/RetinalOCT_Dataset/RetinalOCT_Dataset/train/NORMAL/normal_train_1228.jpg,0,496x512
train,NORMAL,/media/miglab/DATA_20TB1/OCT/archive/RetinalOCT_Dataset/RetinalOCT_Dataset/train/NORMAL/normal_train_3118.jpg,0,496x768
train,NORMAL,/media/miglab/DATA_20TB1/OCT/archive/RetinalOCT_Dataset/RetinalOCT_Dataset/train/NORMAL/normal_train_1945.jpg,0,496x512
train,NORMAL,/media/miglab/DATA_20TB1/OCT/archive/RetinalOCT_Dataset/RetinalOCT_Dataset/train/NORMAL/normal_train_1133.jpg,0,512x512
train,NORMAL,/media/miglab/DATA_20TB1/OCT/archive/RetinalOCT_Dataset/RetinalOCT_Dataset/train/NORMAL/normal_train_2958.jpg,0,512x512
train,NORMAL,/media/miglab/DATA_20TB1/OCT/archive/RetinalOCT_Dataset/RetinalOCT_Dataset/train/NORMAL/normal_train_1091.jpg,0,512x512
train,NORMAL,/media/miglab/DATA_20TB1/OCT/archive/RetinalOCT_Dataset/RetinalOCT_Dataset/train/NORMAL/normal_train_2282.jpg,0,512x512
train,NORMAL,/media/miglab/DATA_20TB1/OCT/archive/RetinalOCT_Dataset/RetinalOCT_Dataset/train/NORMAL/normal_train_2576.jpg,0,496x768
train,NORMAL,/media/miglab/DATA_20TB1/OCT/archive/RetinalOCT_Dataset/RetinalOCT_Dataset/train/NORMAL/normal_train_1278.jpg,0,496x512
train,NORMAL,/media/miglab/DATA_20TB1/OCT/archive/RetinalOCT_Dataset/RetinalOCT_Dataset/train/NORMAL/normal_train_1919.jpg,0,496x512
train,NORMAL,/media/miglab/DATA_20TB1/OCT/archive/RetinalOCT_Dataset/RetinalOCT_Dataset/train/NORMAL/normal_train_1876.jpg,0,496x768
train,NORMAL,/media/miglab/DATA_20TB1/OCT/archive/RetinalOCT_Dataset/RetinalOCT_Dataset/train/NORMAL/normal_train_2024.jpg,0,512x512
train,NORMAL,/media/miglab/DATA_20TB1/OCT/archive/RetinalOCT_Dataset/RetinalOCT_Dataset/train/NORMAL/normal_train_1789.jpg,0,496x768
train,NORMAL,/media/miglab/DATA_20TB1/OCT/archive/RetinalOCT_Dataset/RetinalOCT_Dataset/train/NORMAL/normal_train_1327.jpg,0,512x512
train,NORMAL,/media/miglab/DATA_20TB1/OCT/archive/RetinalOCT_Dataset/RetinalOCT_Dataset/train/NORMAL/normal_train_2089.jpg,0,512x512
train,NORMAL,/media/miglab/DATA_20TB1/OCT/archive/RetinalOCT_Dataset/RetinalOCT_Dataset/train/NORMAL/normal_train_1912.jpg,0,496x512
train,NORMAL,/media/miglab/DATA_20TB1/OCT/archive/RetinalOCT_Dataset/RetinalOCT_Dataset/train/NORMAL/normal_train_2667.jpg,0,512x512
train,NORMAL,/media/miglab/DATA_20TB1/OCT/archive/RetinalOCT_Dataset/RetinalOCT_Dataset/train/NORMAL/normal_train_1874.jpg,0,512x512
train,NORMAL,/media/miglab/DATA_20TB1/OCT/archive/RetinalOCT_Dataset/RetinalOCT_Dataset/train/NORMAL/normal_train_1530.jpg,0,512x512
train,NORMAL,/media/miglab/DATA_20TB1/OCT/archive/RetinalOCT_Dataset/RetinalOCT_Dataset/train/NORMAL/normal_train_1435.jpg,0,496x512
train,NORMAL,/media/miglab/DATA_20TB1/OCT/archive/RetinalOCT_Dataset/RetinalOCT_Dataset/train/NORMAL/normal_train_2563.jpg,0,496x768
train,NORMAL,/media/miglab/DATA_20TB1/OCT/archive/RetinalOCT_Dataset/RetinalOCT_Dataset/train/NORMAL/normal_train_2572.jpg,0,496x512
train,NORMAL,/media/miglab/DATA_20TB1/OCT/archive/RetinalOCT_Dataset/RetinalOCT_Dataset/train/NORMAL/normal_train_1365.jpg,0,496x768
train,NORMAL,/media/miglab/DATA_20TB1/OCT/archive/RetinalOCT_Dataset/RetinalOCT_Dataset/train/NORMAL/normal_train_1163.jpg,0,496x512
train,NORMAL,/media/miglab/DATA_20TB1/OCT/archive/RetinalOCT_Dataset/RetinalOCT_Dataset/train/NORMAL/normal_train_2345.jpg,0,496x512
train,NORMAL,/media/miglab/DATA_20TB1/OCT/archive/RetinalOCT_Dataset/RetinalOCT_Dataset/train/NORMAL/normal_train_2379.jpg,0,512x512
train,NORMAL,/media/miglab/DATA_20TB1/OCT/archive/RetinalOCT_Dataset/RetinalOCT_Dataset/train/NORMAL/normal_train_1886.jpg,0,512x512
train,NORMAL,/media/miglab/DATA_20TB1/OCT/archive/RetinalOCT_Dataset/RetinalOCT_Dataset/train/NORMAL/normal_train_2115.jpg,0,512x512
train,NORMAL,/media/miglab/DATA_20TB1/OCT/archive/RetinalOCT_Dataset/RetinalOCT_Dataset/train/NORMAL/normal_train_2070.jpg,0,496x512
train,NORMAL,/media/miglab/DATA_20TB1/OCT/archive/RetinalOCT_Dataset/RetinalOCT_Dataset/train/NORMAL/normal_train_2072.jpg,0,496x768
train,NORMAL,/media/miglab/DATA_20TB1/OCT/archive/RetinalOCT_Dataset/RetinalOCT_Dataset/train/NORMAL/normal_train_2565.jpg,0,496x512
train,NORMAL,/media/miglab/DATA_20TB1/OCT/archive/RetinalOCT_Dataset/RetinalOCT_Dataset/train/NORMAL/normal_train_2111.jpg,0,512x512
train,NORMAL,/media/miglab/DATA_20TB1/OCT/archive/RetinalOCT_Dataset/RetinalOCT_Dataset/train/NORMAL/normal_train_1266.jpg,0,496x512
train,NORMAL,/media/miglab/DATA_20TB1/OCT/archive/RetinalOCT_Dataset/RetinalOCT_Dataset/train/NORMAL/normal_train_2921.jpg,0,496x512
train,NORMAL,/media/miglab/DATA_20TB1/OCT/archive/RetinalOCT_Dataset/RetinalOCT_Dataset/train/NORMAL/normal_train_1621.jpg,0,496x768
train,NORMAL,/media/miglab/DATA_20TB1/OCT/archive/RetinalOCT_Dataset/RetinalOCT_Dataset/train/NORMAL/normal_train_2905.jpg,0,496x512
train,NORMAL,/media/miglab/DATA_20TB1/OCT/archive/RetinalOCT_Dataset/RetinalOCT_Dataset/train/NORMAL/normal_train_3164.jpg,0,512x512
train,NORMAL,/media/miglab/DATA_20TB1/OCT/archive/RetinalOCT_Dataset/RetinalOCT_Dataset/train/NORMAL/normal_train_3189.jpg,0,496x512
train,NORMAL,/media/miglab/DATA_20TB1/OCT/archive/RetinalOCT_Dataset/RetinalOCT_Dataset/train/NORMAL/normal_train_3215.jpg,0,512x512
train,NORMAL,/media/miglab/DATA_20TB1/OCT/archive/RetinalOCT_Dataset/RetinalOCT_Dataset/train/NORMAL/normal_train_1224.jpg,0,496x768
train,NORMAL,/media/miglab/DATA_20TB1/OCT/archive/RetinalOCT_Dataset/RetinalOCT_Dataset/train/NORMAL/normal_train_2889.jpg,0,496x512
train,NORMAL,/media/miglab/DATA_20TB1/OCT/archive/RetinalOCT_Dataset/RetinalOCT_Dataset/train/NORMAL/normal_train_1921.jpg,0,496x512
train,NORMAL,/media/miglab/DATA_20TB1/OCT/archive/RetinalOCT_Dataset/RetinalOCT_Dataset/train/NORMAL/normal_train_2933.jpg,0,512x512
train,NORMAL,/media/miglab/DATA_20TB1/OCT/archive/RetinalOCT_Dataset/RetinalOCT_Dataset/train/NORMAL/normal_train_2534.jpg,0,496x512
train,NORMAL,/media/miglab/DATA_20TB1/OCT/archive/RetinalOCT_Dataset/RetinalOCT_Dataset/train/NORMAL/normal_train_2827.jpg,0,496x512
train,NORMAL,/media/miglab/DATA_20TB1/OCT/archive/RetinalOCT_Dataset/RetinalOCT_Dataset/train/NORMAL/normal_train_1062.jpg,0,496x768
train,NORMAL,/media/miglab/DATA_20TB1/OCT/archive/RetinalOCT_Dataset/RetinalOCT_Dataset/train/NORMAL/normal_train_2372.jpg,0,496x512
train,NORMAL,/media/miglab/DATA_20TB1/OCT/archive/RetinalOCT_Dataset/RetinalOCT_Dataset/train/NORMAL/normal_train_1970.jpg,0,496x768
train,NORMAL,/media/miglab/DATA_20TB1/OCT/archive/RetinalOCT_Dataset/RetinalOCT_Dataset/train/NORMAL/normal_train_2816.jpg,0,496x512
train,NORMAL,/media/miglab/DATA_20TB1/OCT/archive/RetinalOCT_Dataset/RetinalOCT_Dataset/train/NORMAL/normal_train_2612.jpg,0,496x768
train,NORMAL,/media/miglab/DATA_20TB1/OCT/archive/RetinalOCT_Dataset/RetinalOCT_Dataset/train/NORMAL/normal_train_2302.jpg,0,496x512
train,NORMAL,/media/miglab/DATA_20TB1/OCT/archive/RetinalOCT_Dataset/RetinalOCT_Dataset/train/NORMAL/normal_train_2105.jpg,0,512x512
train,NORMAL,/media/miglab/DATA_20TB1/OCT/archive/RetinalOCT_Dataset/RetinalOCT_Dataset/train/NORMAL/normal_train_1580.jpg,0,496x512
train,NORMAL,/media/miglab/DATA_20TB1/OCT/archive/RetinalOCT_Dataset/RetinalOCT_Dataset/train/NORMAL/normal_train_1904.jpg,0,496x512
train,NORMAL,/media/miglab/DATA_20TB1/OCT/archive/RetinalOCT_Dataset/RetinalOCT_Dataset/train/NORMAL/normal_train_1660.jpg,0,496x768
train,NORMAL,/media/miglab/DATA_20TB1/OCT/archive/RetinalOCT_Dataset/RetinalOCT_Dataset/train/NORMAL/normal_train_2437.jpg,0,496x512
train,NORMAL,/media/miglab/DATA_20TB1/OCT/archive/RetinalOCT_Dataset/RetinalOCT_Dataset/train/NORMAL/normal_train_2053.jpg,0,496x768
train,NORMAL,/media/miglab/DATA_20TB1/OCT/archive/RetinalOCT_Dataset/RetinalOCT_Dataset/train/NORMAL/normal_train_2228.jpg,0,512x512
train,NORMAL,/media/miglab/DATA_20TB1/OCT/archive/RetinalOCT_Dataset/RetinalOCT_Dataset/train/NORMAL/normal_train_2615.jpg,0,496x512
train,NORMAL,/media/miglab/DATA_20TB1/OCT/archive/RetinalOCT_Dataset/RetinalOCT_Dataset/train/NORMAL/normal_train_1605.jpg,0,496x512
train,NORMAL,/media/miglab/DATA_20TB1/OCT/archive/RetinalOCT_Dataset/RetinalOCT_Dataset/train/NORMAL/normal_train_1738.jpg,0,496x768
train,NORMAL,/media/miglab/DATA_20TB1/OCT/archive/RetinalOCT_Dataset/RetinalOCT_Dataset/train/NORMAL/normal_train_1410.jpg,0,496x512
train,NORMAL,/media/miglab/DATA_20TB1/OCT/archive/RetinalOCT_Dataset/RetinalOCT_Dataset/train/NORMAL/normal_train_2909.jpg,0,496x768
train,NORMAL,/media/miglab/DATA_20TB1/OCT/archive/RetinalOCT_Dataset/RetinalOCT_Dataset/train/NORMAL/normal_train_2782.jpg,0,496x768
train,NORMAL,/media/miglab/DATA_20TB1/OCT/archive/RetinalOCT_Dataset/RetinalOCT_Dataset/train/NORMAL/normal_train_1039.jpg,0,496x768
train,NORMAL,/media/miglab/DATA_20TB1/OCT/archive/RetinalOCT_Dataset/RetinalOCT_Dataset/train/NORMAL/normal_train_2450.jpg,0,496x768
train,NORMAL,/media/miglab/DATA_20TB1/OCT/archive/RetinalOCT_Dataset/RetinalOCT_Dataset/train/NORMAL/normal_train_2633.jpg,0,496x512
train,NORMAL,/media/miglab/DATA_20TB1/OCT/archive/RetinalOCT_Dataset/RetinalOCT_Dataset/train/NORMAL/normal_train_2484.jpg,0,496x512
train,NORMAL,/media/miglab/DATA_20TB1/OCT/archive/RetinalOCT_Dataset/RetinalOCT_Dataset/train/NORMAL/normal_train_3122.jpg,0,496x512
train,NORMAL,/media/miglab/DATA_20TB1/OCT/archive/RetinalOCT_Dataset/RetinalOCT_Dataset/train/NORMAL/normal_train_2066.jpg,0,512x512
train,NORMAL,/media/miglab/DATA_20TB1/OCT/archive/RetinalOCT_Dataset/RetinalOCT_Dataset/train/NORMAL/normal_train_2987.jpg,0,496x512
train,NORMAL,/media/miglab/DATA_20TB1/OCT/archive/RetinalOCT_Dataset/RetinalOCT_Dataset/train/NORMAL/normal_train_1604.jpg,0,496x768
train,NORMAL,/media/miglab/DATA_20TB1/OCT/archive/RetinalOCT_Dataset/RetinalOCT_Dataset/train/NORMAL/normal_train_2378.jpg,0,512x512
train,NORMAL,/media/miglab/DATA_20TB1/OCT/archive/RetinalOCT_Dataset/RetinalOCT_Dataset/train/NORMAL/normal_train_2788.jpg,0,496x512
train,NORMAL,/media/miglab/DATA_20TB1/OCT/archive/RetinalOCT_Dataset/RetinalOCT_Dataset/train/NORMAL/normal_train_1232.jpg,0,496x512
train,NORMAL,/media/miglab/DATA_20TB1/OCT/archive/RetinalOCT_Dataset/RetinalOCT_Dataset/train/NORMAL/normal_train_2490.jpg,0,496x512
train,NORMAL,/media/miglab/DATA_20TB1/OCT/archive/RetinalOCT_Dataset/RetinalOCT_Dataset/train/NORMAL/normal_train_1458.jpg,0,496x768
train,NORMAL,/media/miglab/DATA_20TB1/OCT/archive/RetinalOCT_Dataset/RetinalOCT_Dataset/train/NORMAL/normal_train_1439.jpg,0,496x512
train,NORMAL,/media/miglab/DATA_20TB1/OCT/archive/RetinalOCT_Dataset/RetinalOCT_Dataset/train/NORMAL/normal_train_2485.jpg,0,496x512
train,NORMAL,/media/miglab/DATA_20TB1/OCT/archive/RetinalOCT_Dataset/RetinalOCT_Dataset/train/NORMAL/normal_train_2022.jpg,0,496x512
train,NORMAL,/media/miglab/DATA_20TB1/OCT/archive/RetinalOCT_Dataset/RetinalOCT_Dataset/train/NORMAL/normal_train_2322.jpg,0,496x512
train,NORMAL,/media/miglab/DATA_20TB1/OCT/archive/RetinalOCT_Dataset/RetinalOCT_Dataset/train/NORMAL/normal_train_2931.jpg,0,512x512
train,NORMAL,/media/miglab/DATA_20TB1/OCT/archive/RetinalOCT_Dataset/RetinalOCT_Dataset/train/NORMAL/normal_train_1688.jpg,0,512x512
train,NORMAL,/media/miglab/DATA_20TB1/OCT/archive/RetinalOCT_Dataset/RetinalOCT_Dataset/train/NORMAL/normal_train_3212.jpg,0,496x768
train,NORMAL,/media/miglab/DATA_20TB1/OCT/archive/RetinalOCT_Dataset/RetinalOCT_Dataset/train/NORMAL/normal_train_2684.jpg,0,496x768
train,NORMAL,/media/miglab/DATA_20TB1/OCT/archive/RetinalOCT_Dataset/RetinalOCT_Dataset/train/NORMAL/normal_train_2533.jpg,0,496x768
train,NORMAL,/media/miglab/DATA_20TB1/OCT/archive/RetinalOCT_Dataset/RetinalOCT_Dataset/train/NORMAL/normal_train_3245.jpg,0,496x512
train,NORMAL,/media/miglab/DATA_20TB1/OCT/archive/RetinalOCT_Dataset/RetinalOCT_Dataset/train/NORMAL/normal_train_2704.jpg,0,512x512
train,NORMAL,/media/miglab/DATA_20TB1/OCT/archive/RetinalOCT_Dataset/RetinalOCT_Dataset/train/NORMAL/normal_train_2015.jpg,0,496x512
train,NORMAL,/media/miglab/DATA_20TB1/OCT/archive/RetinalOCT_Dataset/RetinalOCT_Dataset/train/NORMAL/normal_train_1665.jpg,0,512x512
train,NORMAL,/media/miglab/DATA_20TB1/OCT/archive/RetinalOCT_Dataset/RetinalOCT_Dataset/train/NORMAL/normal_train_1231.jpg,0,496x768
train,NORMAL,/media/miglab/DATA_20TB1/OCT/archive/RetinalOCT_Dataset/RetinalOCT_Dataset/train/NORMAL/normal_train_3049.jpg,0,496x768
train,NORMAL,/media/miglab/DATA_20TB1/OCT/archive/RetinalOCT_Dataset/RetinalOCT_Dataset/train/NORMAL/normal_train_2442.jpg,0,496x512
train,NORMAL,/media/miglab/DATA_20TB1/OCT/archive/RetinalOCT_Dataset/RetinalOCT_Dataset/train/NORMAL/normal_train_2196.jpg,0,496x512
train,NORMAL,/media/miglab/DATA_20TB1/OCT/archive/RetinalOCT_Dataset/RetinalOCT_Dataset/train/NORMAL/normal_train_1260.jpg,0,496x512
train,NORMAL,/media/miglab/DATA_20TB1/OCT/archive/RetinalOCT_Dataset/RetinalOCT_Dataset/train/NORMAL/normal_train_1643.jpg,0,496x512
train,NORMAL,/media/miglab/DATA_20TB1/OCT/archive/RetinalOCT_Dataset/RetinalOCT_Dataset/train/NORMAL/normal_train_1666.jpg,0,512x512
train,NORMAL,/media/miglab/DATA_20TB1/OCT/archive/RetinalOCT_Dataset/RetinalOCT_Dataset/train/NORMAL/normal_train_2446.jpg,0,496x512
train,NORMAL,/media/miglab/DATA_20TB1/OCT/archive/RetinalOCT_Dataset/RetinalOCT_Dataset/train/NORMAL/normal_train_1308.jpg,0,496x512
train,NORMAL,/media/miglab/DATA_20TB1/OCT/archive/RetinalOCT_Dataset/RetinalOCT_Dataset/train/NORMAL/normal_train_2986.jpg,0,496x512
train,NORMAL,/media/miglab/DATA_20TB1/OCT/archive/RetinalOCT_Dataset/RetinalOCT_Dataset/train/NORMAL/normal_train_1036.jpg,0,496x512
train,NORMAL,/media/miglab/DATA_20TB1/OCT/archive/RetinalOCT_Dataset/RetinalOCT_Dataset/train/NORMAL/normal_train_2213.jpg,0,512x512
train,NORMAL,/media/miglab/DATA_20TB1/OCT/archive/RetinalOCT_Dataset/RetinalOCT_Dataset/train/NORMAL/normal_train_3064.jpg,0,496x512
train,NORMAL,/media/miglab/DATA_20TB1/OCT/archive/RetinalOCT_Dataset/RetinalOCT_Dataset/train/NORMAL/normal_train_2869.jpg,0,512x512
train,NORMAL,/media/miglab/DATA_20TB1/OCT/archive/RetinalOCT_Dataset/RetinalOCT_Dataset/train/NORMAL/normal_train_2660.jpg,0,496x512
train,NORMAL,/media/miglab/DATA_20TB1/OCT/archive/RetinalOCT_Dataset/RetinalOCT_Dataset/train/NORMAL/normal_train_2857.jpg,0,496x512
train,NORMAL,/media/miglab/DATA_20TB1/OCT/archive/RetinalOCT_Dataset/RetinalOCT_Dataset/train/NORMAL/normal_train_2763.jpg,0,512x512
train,NORMAL,/media/miglab/DATA_20TB1/OCT/archive/RetinalOCT_Dataset/RetinalOCT_Dataset/train/NORMAL/normal_train_2306.jpg,0,496x512
train,NORMAL,/media/miglab/DATA_20TB1/OCT/archive/RetinalOCT_Dataset/RetinalOCT_Dataset/train/NORMAL/normal_train_1928.jpg,0,496x768
train,NORMAL,/media/miglab/DATA_20TB1/OCT/archive/RetinalOCT_Dataset/RetinalOCT_Dataset/train/NORMAL/normal_train_1359.jpg,0,496x512
train,NORMAL,/media/miglab/DATA_20TB1/OCT/archive/RetinalOCT_Dataset/RetinalOCT_Dataset/train/NORMAL/normal_train_3249.jpg,0,496x768
train,NORMAL,/media/miglab/DATA_20TB1/OCT/archive/RetinalOCT_Dataset/RetinalOCT_Dataset/train/NORMAL/normal_train_2566.jpg,0,496x512
train,NORMAL,/media/miglab/DATA_20TB1/OCT/archive/RetinalOCT_Dataset/RetinalOCT_Dataset/train/NORMAL/normal_train_2607.jpg,0,496x768
train,NORMAL,/media/miglab/DATA_20TB1/OCT/archive/RetinalOCT_Dataset/RetinalOCT_Dataset/train/NORMAL/normal_train_1057.jpg,0,496x512
train,NORMAL,/media/miglab/DATA_20TB1/OCT/archive/RetinalOCT_Dataset/RetinalOCT_Dataset/train/NORMAL/normal_train_1398.jpg,0,496x768
train,NORMAL,/media/miglab/DATA_20TB1/OCT/archive/RetinalOCT_Dataset/RetinalOCT_Dataset/train/NORMAL/normal_train_3221.jpg,0,496x512
train,NORMAL,/media/miglab/DATA_20TB1/OCT/archive/RetinalOCT_Dataset/RetinalOCT_Dataset/train/NORMAL/normal_train_2608.jpg,0,496x768
train,NORMAL,/media/miglab/DATA_20TB1/OCT/archive/RetinalOCT_Dataset/RetinalOCT_Dataset/train/NORMAL/normal_train_3084.jpg,0,496x512
train,NORMAL,/media/miglab/DATA_20TB1/OCT/archive/RetinalOCT_Dataset/RetinalOCT_Dataset/train/NORMAL/normal_train_1683.jpg,0,512x512
train,NORMAL,/media/miglab/DATA_20TB1/OCT/archive/RetinalOCT_Dataset/RetinalOCT_Dataset/train/NORMAL/normal_train_1515.jpg,0,496x512
train,NORMAL,/media/miglab/DATA_20TB1/OCT/archive/RetinalOCT_Dataset/RetinalOCT_Dataset/train/NORMAL/normal_train_1597.jpg,0,496x512
train,NORMAL,/media/miglab/DATA_20TB1/OCT/archive/RetinalOCT_Dataset/RetinalOCT_Dataset/train/NORMAL/normal_train_2400.jpg,0,512x512
train,NORMAL,/media/miglab/DATA_20TB1/OCT/archive/RetinalOCT_Dataset/RetinalOCT_Dataset/train/NORMAL/normal_train_2286.jpg,0,496x768
train,NORMAL,/media/miglab/DATA_20TB1/OCT/archive/RetinalOCT_Dataset/RetinalOCT_Dataset/train/NORMAL/normal_train_2638.jpg,0,512x512
train,NORMAL,/media/miglab/DATA_20TB1/OCT/archive/RetinalOCT_Dataset/RetinalOCT_Dataset/train/NORMAL/normal_train_1242.jpg,0,496x512
train,NORMAL,/media/miglab/DATA_20TB1/OCT/archive/RetinalOCT_Dataset/RetinalOCT_Dataset/train/NORMAL/normal_train_2913.jpg,0,512x512
train,NORMAL,/media/miglab/DATA_20TB1/OCT/archive/RetinalOCT_Dataset/RetinalOCT_Dataset/train/NORMAL/normal_train_2234.jpg,0,512x512
train,NORMAL,/media/miglab/DATA_20TB1/OCT/archive/RetinalOCT_Dataset/RetinalOCT_Dataset/train/NORMAL/normal_train_3207.jpg,0,496x512
train,NORMAL,/media/miglab/DATA_20TB1/OCT/archive/RetinalOCT_Dataset/RetinalOCT_Dataset/train/NORMAL/normal_train_1003.jpg,0,496x768
train,NORMAL,/media/miglab/DATA_20TB1/OCT/archive/RetinalOCT_Dataset/RetinalOCT_Dataset/train/NORMAL/normal_train_1286.jpg,0,512x512
train,NORMAL,/media/miglab/DATA_20TB1/OCT/archive/RetinalOCT_Dataset/RetinalOCT_Dataset/train/NORMAL/normal_train_2996.jpg,0,512x512
train,NORMAL,/media/miglab/DATA_20TB1/OCT/archive/RetinalOCT_Dataset/RetinalOCT_Dataset/train/NORMAL/normal_train_3017.jpg,0,496x512
train,NORMAL,/media/miglab/DATA_20TB1/OCT/archive/RetinalOCT_Dataset/RetinalOCT_Dataset/train/NORMAL/normal_train_2507.jpg,0,496x512
train,NORMAL,/media/miglab/DATA_20TB1/OCT/archive/RetinalOCT_Dataset/RetinalOCT_Dataset/train/NORMAL/normal_train_1111.jpg,0,512x512
train,NORMAL,/media/miglab/DATA_20TB1/OCT/archive/RetinalOCT_Dataset/RetinalOCT_Dataset/train/NORMAL/normal_train_3217.jpg,0,512x512
train,NORMAL,/media/miglab/DATA_20TB1/OCT/archive/RetinalOCT_Dataset/RetinalOCT_Dataset/train/NORMAL/normal_train_1754.jpg,0,512x512
train,NORMAL,/media/miglab/DATA_20TB1/OCT/archive/RetinalOCT_Dataset/RetinalOCT_Dataset/train/NORMAL/normal_train_1300.jpg,0,496x512
train,NORMAL,/media/miglab/DATA_20TB1/OCT/archive/RetinalOCT_Dataset/RetinalOCT_Dataset/train/NORMAL/normal_train_1294.jpg,0,496x768
train,NORMAL,/media/miglab/DATA_20TB1/OCT/archive/RetinalOCT_Dataset/RetinalOCT_Dataset/train/NORMAL/normal_train_3115.jpg,0,496x768
train,NORMAL,/media/miglab/DATA_20TB1/OCT/archive/RetinalOCT_Dataset/RetinalOCT_Dataset/train/NORMAL/normal_train_2625.jpg,0,512x512
train,NORMAL,/media/miglab/DATA_20TB1/OCT/archive/RetinalOCT_Dataset/RetinalOCT_Dataset/train/NORMAL/normal_train_3188.jpg,0,496x512
train,NORMAL,/media/miglab/DATA_20TB1/OCT/archive/RetinalOCT_Dataset/RetinalOCT_Dataset/train/NORMAL/normal_train_2000.jpg,0,496x768
train,NORMAL,/media/miglab/DATA_20TB1/OCT/archive/RetinalOCT_Dataset/RetinalOCT_Dataset/train/NORMAL/normal_train_2103.jpg,0,512x512
train,NORMAL,/media/miglab/DATA_20TB1/OCT/archive/RetinalOCT_Dataset/RetinalOCT_Dataset/train/NORMAL/normal_train_2676.jpg,0,496x512
train,NORMAL,/media/miglab/DATA_20TB1/OCT/archive/RetinalOCT_Dataset/RetinalOCT_Dataset/train/NORMAL/normal_train_2553.jpg,0,496x512
train,NORMAL,/media/miglab/DATA_20TB1/OCT/archive/RetinalOCT_Dataset/RetinalOCT_Dataset/train/NORMAL/normal_train_1646.jpg,0,496x768
train,NORMAL,/media/miglab/DATA_20TB1/OCT/archive/RetinalOCT_Dataset/RetinalOCT_Dataset/train/NORMAL/normal_train_1143.jpg,0,496x512
train,NORMAL,/media/miglab/DATA_20TB1/OCT/archive/RetinalOCT_Dataset/RetinalOCT_Dataset/train/NORMAL/normal_train_3131.jpg,0,496x512
train,NORMAL,/media/miglab/DATA_20TB1/OCT/archive/RetinalOCT_Dataset/RetinalOCT_Dataset/train/NORMAL/normal_train_3169.jpg,0,496x768
train,NORMAL,/media/miglab/DATA_20TB1/OCT/archive/RetinalOCT_Dataset/RetinalOCT_Dataset/train/NORMAL/normal_train_1196.jpg,0,496x512
train,NORMAL,/media/miglab/DATA_20TB1/OCT/archive/RetinalOCT_Dataset/RetinalOCT_Dataset/train/NORMAL/normal_train_1843.jpg,0,496x512
train,NORMAL,/media/miglab/DATA_20TB1/OCT/archive/RetinalOCT_Dataset/RetinalOCT_Dataset/train/NORMAL/normal_train_1767.jpg,0,512x512
train,NORMAL,/media/miglab/DATA_20TB1/OCT/archive/RetinalOCT_Dataset/RetinalOCT_Dataset/train/NORMAL/normal_train_2616.jpg,0,496x512
train,NORMAL,/media/miglab/DATA_20TB1/OCT/archive/RetinalOCT_Dataset/RetinalOCT_Dataset/train/NORMAL/normal_train_3275.jpg,0,496x512
train,NORMAL,/media/miglab/DATA_20TB1/OCT/archive/RetinalOCT_Dataset/RetinalOCT_Dataset/train/NORMAL/normal_train_2864.jpg,0,496x768
train,NORMAL,/media/miglab/DATA_20TB1/OCT/archive/RetinalOCT_Dataset/RetinalOCT_Dataset/train/NORMAL/normal_train_2453.jpg,0,512x512
train,NORMAL,/media/miglab/DATA_20TB1/OCT/archive/RetinalOCT_Dataset/RetinalOCT_Dataset/train/NORMAL/normal_train_1164.jpg,0,496x512
train,NORMAL,/media/miglab/DATA_20TB1/OCT/archive/RetinalOCT_Dataset/RetinalOCT_Dataset/train/NORMAL/normal_train_1533.jpg,0,496x512
train,NORMAL,/media/miglab/DATA_20TB1/OCT/archive/RetinalOCT_Dataset/RetinalOCT_Dataset/train/NORMAL/normal_train_1649.jpg,0,512x512
train,NORMAL,/media/miglab/DATA_20TB1/OCT/archive/RetinalOCT_Dataset/RetinalOCT_Dataset/train/NORMAL/normal_train_1005.jpg,0,496x768
train,NORMAL,/media/miglab/DATA_20TB1/OCT/archive/RetinalOCT_Dataset/RetinalOCT_Dataset/train/NORMAL/normal_train_1079.jpg,0,512x512
train,NORMAL,/media/miglab/DATA_20TB1/OCT/archive/RetinalOCT_Dataset/RetinalOCT_Dataset/train/NORMAL/normal_train_3079.jpg,0,496x512
train,NORMAL,/media/miglab/DATA_20TB1/OCT/archive/RetinalOCT_Dataset/RetinalOCT_Dataset/train/NORMAL/normal_train_2093.jpg,0,512x512
train,NORMAL,/media/miglab/DATA_20TB1/OCT/archive/RetinalOCT_Dataset/RetinalOCT_Dataset/train/NORMAL/normal_train_2409.jpg,0,512x512
train,NORMAL,/media/miglab/DATA_20TB1/OCT/archive/RetinalOCT_Dataset/RetinalOCT_Dataset/train/NORMAL/normal_train_2128.jpg,0,512x512
train,NORMAL,/media/miglab/DATA_20TB1/OCT/archive/RetinalOCT_Dataset/RetinalOCT_Dataset/train/NORMAL/normal_train_2081.jpg,0,496x768
train,NORMAL,/media/miglab/DATA_20TB1/OCT/archive/RetinalOCT_Dataset/RetinalOCT_Dataset/train/NORMAL/normal_train_1562.jpg,0,512x512
train,NORMAL,/media/miglab/DATA_20TB1/OCT/archive/RetinalOCT_Dataset/RetinalOCT_Dataset/train/NORMAL/normal_train_2320.jpg,0,496x768
train,NORMAL,/media/miglab/DATA_20TB1/OCT/archive/RetinalOCT_Dataset/RetinalOCT_Dataset/train/NORMAL/normal_train_1817.jpg,0,496x768
train,NORMAL,/media/miglab/DATA_20TB1/OCT/archive/RetinalOCT_Dataset/RetinalOCT_Dataset/train/NORMAL/normal_train_3044.jpg,0,496x512
train,NORMAL,/media/miglab/DATA_20TB1/OCT/archive/RetinalOCT_Dataset/RetinalOCT_Dataset/train/NORMAL/normal_train_2405.jpg,0,512x512
train,NORMAL,/media/miglab/DATA_20TB1/OCT/archive/RetinalOCT_Dataset/RetinalOCT_Dataset/train/NORMAL/normal_train_3247.jpg,0,496x512
train,NORMAL,/media/miglab/DATA_20TB1/OCT/archive/RetinalOCT_Dataset/RetinalOCT_Dataset/train/NORMAL/normal_train_1518.jpg,0,496x768
train,NORMAL,/media/miglab/DATA_20TB1/OCT/archive/RetinalOCT_Dataset/RetinalOCT_Dataset/train/NORMAL/normal_train_3129.jpg,0,496x512
train,NORMAL,/media/miglab/DATA_20TB1/OCT/archive/RetinalOCT_Dataset/RetinalOCT_Dataset/train/NORMAL/normal_train_3296.jpg,0,496x768
train,NORMAL,/media/miglab/DATA_20TB1/OCT/archive/RetinalOCT_Dataset/RetinalOCT_Dataset/train/NORMAL/normal_train_1112.jpg,0,512x512
train,NORMAL,/media/miglab/DATA_20TB1/OCT/archive/RetinalOCT_Dataset/RetinalOCT_Dataset/train/NORMAL/normal_train_2395.jpg,0,512x512
train,NORMAL,/media/miglab/DATA_20TB1/OCT/archive/RetinalOCT_Dataset/RetinalOCT_Dataset/train/NORMAL/normal_train_2588.jpg,0,496x512
train,NORMAL,/media/miglab/DATA_20TB1/OCT/archive/RetinalOCT_Dataset/RetinalOCT_Dataset/train/NORMAL/normal_train_1249.jpg,0,496x768
train,NORMAL,/media/miglab/DATA_20TB1/OCT/archive/RetinalOCT_Dataset/RetinalOCT_Dataset/train/NORMAL/normal_train_3266.jpg,0,496x768
train,NORMAL,/media/miglab/DATA_20TB1/OCT/archive/RetinalOCT_Dataset/RetinalOCT_Dataset/train/NORMAL/normal_train_1172.jpg,0,496x768
train,NORMAL,/media/miglab/DATA_20TB1/OCT/archive/RetinalOCT_Dataset/RetinalOCT_Dataset/train/NORMAL/normal_train_1969.jpg,0,496x512
train,NORMAL,/media/miglab/DATA_20TB1/OCT/archive/RetinalOCT_Dataset/RetinalOCT_Dataset/train/NORMAL/normal_train_1981.jpg,0,496x512
train,NORMAL,/media/miglab/DATA_20TB1/OCT/archive/RetinalOCT_Dataset/RetinalOCT_Dataset/train/NORMAL/normal_train_1297.jpg,0,496x512
train,NORMAL,/media/miglab/DATA_20TB1/OCT/archive/RetinalOCT_Dataset/RetinalOCT_Dataset/train/NORMAL/normal_train_2692.jpg,0,496x768
train,NORMAL,/media/miglab/DATA_20TB1/OCT/archive/RetinalOCT_Dataset/RetinalOCT_Dataset/train/NORMAL/normal_train_1342.jpg,0,496x768
train,NORMAL,/media/miglab/DATA_20TB1/OCT/archive/RetinalOCT_Dataset/RetinalOCT_Dataset/train/NORMAL/normal_train_1157.jpg,0,496x512
train,NORMAL,/media/miglab/DATA_20TB1/OCT/archive/RetinalOCT_Dataset/RetinalOCT_Dataset/train/NORMAL/normal_train_1096.jpg,0,512x512
train,NORMAL,/media/miglab/DATA_20TB1/OCT/archive/RetinalOCT_Dataset/RetinalOCT_Dataset/train/NORMAL/normal_train_1403.jpg,0,496x512
train,NORMAL,/media/miglab/DATA_20TB1/OCT/archive/RetinalOCT_Dataset/RetinalOCT_Dataset/train/NORMAL/normal_train_1989.jpg,0,496x512
train,NORMAL,/media/miglab/DATA_20TB1/OCT/archive/RetinalOCT_Dataset/RetinalOCT_Dataset/train/NORMAL/normal_train_1122.jpg,0,512x512
train,NORMAL,/media/miglab/DATA_20TB1/OCT/archive/RetinalOCT_Dataset/RetinalOCT_Dataset/train/NORMAL/normal_train_2651.jpg,0,512x512
train,NORMAL,/media/miglab/DATA_20TB1/OCT/archive/RetinalOCT_Dataset/RetinalOCT_Dataset/train/NORMAL/normal_train_1332.jpg,0,496x768
train,NORMAL,/media/miglab/DATA_20TB1/OCT/archive/RetinalOCT_Dataset/RetinalOCT_Dataset/train/NORMAL/normal_train_1536.jpg,0,496x512
train,NORMAL,/media/miglab/DATA_20TB1/OCT/archive/RetinalOCT_Dataset/RetinalOCT_Dataset/train/NORMAL/normal_train_1648.jpg,0,496x512
train,NORMAL,/media/miglab/DATA_20TB1/OCT/archive/RetinalOCT_Dataset/RetinalOCT_Dataset/train/NORMAL/normal_train_3298.jpg,0,496x512
train,NORMAL,/media/miglab/DATA_20TB1/OCT/archive/RetinalOCT_Dataset/RetinalOCT_Dataset/train/NORMAL/normal_train_1510.jpg,0,496x512
train,NORMAL,/media/miglab/DATA_20TB1/OCT/archive/RetinalOCT_Dataset/RetinalOCT_Dataset/train/NORMAL/normal_train_2374.jpg,0,512x512
train,NORMAL,/media/miglab/DATA_20TB1/OCT/archive/RetinalOCT_Dataset/RetinalOCT_Dataset/train/NORMAL/normal_train_3151.jpg,0,496x512
train,NORMAL,/media/miglab/DATA_20TB1/OCT/archive/RetinalOCT_Dataset/RetinalOCT_Dataset/train/NORMAL/normal_train_2360.jpg,0,496x512
train,NORMAL,/media/miglab/DATA_20TB1/OCT/archive/RetinalOCT_Dataset/RetinalOCT_Dataset/train/NORMAL/normal_train_2749.jpg,0,496x768
train,NORMAL,/media/miglab/DATA_20TB1/OCT/archive/RetinalOCT_Dataset/RetinalOCT_Dataset/train/NORMAL/normal_train_2863.jpg,0,496x512
train,NORMAL,/media/miglab/DATA_20TB1/OCT/archive/RetinalOCT_Dataset/RetinalOCT_Dataset/train/NORMAL/normal_train_2973.jpg,0,512x512
train,NORMAL,/media/miglab/DATA_20TB1/OCT/archive/RetinalOCT_Dataset/RetinalOCT_Dataset/train/NORMAL/normal_train_2555.jpg,0,496x768
train,NORMAL,/media/miglab/DATA_20TB1/OCT/archive/RetinalOCT_Dataset/RetinalOCT_Dataset/train/NORMAL/normal_train_1021.jpg,0,496x512
train,NORMAL,/media/miglab/DATA_20TB1/OCT/archive/RetinalOCT_Dataset/RetinalOCT_Dataset/train/NORMAL/normal_train_2829.jpg,0,496x768
train,NORMAL,/media/miglab/DATA_20TB1/OCT/archive/RetinalOCT_Dataset/RetinalOCT_Dataset/train/NORMAL/normal_train_1296.jpg,0,496x768
train,NORMAL,/media/miglab/DATA_20TB1/OCT/archive/RetinalOCT_Dataset/RetinalOCT_Dataset/train/NORMAL/normal_train_2632.jpg,0,496x768
train,NORMAL,/media/miglab/DATA_20TB1/OCT/archive/RetinalOCT_Dataset/RetinalOCT_Dataset/train/NORMAL/normal_train_2904.jpg,0,496x768
train,NORMAL,/media/miglab/DATA_20TB1/OCT/archive/RetinalOCT_Dataset/RetinalOCT_Dataset/train/NORMAL/normal_train_2837.jpg,0,496x512
train,NORMAL,/media/miglab/DATA_20TB1/OCT/archive/RetinalOCT_Dataset/RetinalOCT_Dataset/train/NORMAL/normal_train_3070.jpg,0,496x768
train,NORMAL,/media/miglab/DATA_20TB1/OCT/archive/RetinalOCT_Dataset/RetinalOCT_Dataset/train/NORMAL/normal_train_1966.jpg,0,496x512
train,NORMAL,/media/miglab/DATA_20TB1/OCT/archive/RetinalOCT_Dataset/RetinalOCT_Dataset/train/NORMAL/normal_train_2741.jpg,0,496x768
train,NORMAL,/media/miglab/DATA_20TB1/OCT/archive/RetinalOCT_Dataset/RetinalOCT_Dataset/train/NORMAL/normal_train_1766.jpg,0,512x512
train,NORMAL,/media/miglab/DATA_20TB1/OCT/archive/RetinalOCT_Dataset/RetinalOCT_Dataset/train/NORMAL/normal_train_3148.jpg,0,496x512
train,NORMAL,/media/miglab/DATA_20TB1/OCT/archive/RetinalOCT_Dataset/RetinalOCT_Dataset/train/NORMAL/normal_train_2529.jpg,0,512x512
train,NORMAL,/media/miglab/DATA_20TB1/OCT/archive/RetinalOCT_Dataset/RetinalOCT_Dataset/train/NORMAL/normal_train_2602.jpg,0,496x512
train,NORMAL,/media/miglab/DATA_20TB1/OCT/archive/RetinalOCT_Dataset/RetinalOCT_Dataset/train/NORMAL/normal_train_3083.jpg,0,496x512
train,NORMAL,/media/miglab/DATA_20TB1/OCT/archive/RetinalOCT_Dataset/RetinalOCT_Dataset/train/NORMAL/normal_train_1860.jpg,0,496x512
train,NORMAL,/media/miglab/DATA_20TB1/OCT/archive/RetinalOCT_Dataset/RetinalOCT_Dataset/train/NORMAL/normal_train_1471.jpg,0,496x512
train,NORMAL,/media/miglab/DATA_20TB1/OCT/archive/RetinalOCT_Dataset/RetinalOCT_Dataset/train/NORMAL/normal_train_3026.jpg,0,496x768
train,NORMAL,/media/miglab/DATA_20TB1/OCT/archive/RetinalOCT_Dataset/RetinalOCT_Dataset/train/NORMAL/normal_train_2654.jpg,0,496x512
train,NORMAL,/media/miglab/DATA_20TB1/OCT/archive/RetinalOCT_Dataset/RetinalOCT_Dataset/train/NORMAL/normal_train_1811.jpg,0,496x512
train,NORMAL,/media/miglab/DATA_20TB1/OCT/archive/RetinalOCT_Dataset/RetinalOCT_Dataset/train/NORMAL/normal_train_1786.jpg,0,496x768
train,NORMAL,/media/miglab/DATA_20TB1/OCT/archive/RetinalOCT_Dataset/RetinalOCT_Dataset/train/NORMAL/normal_train_2132.jpg,0,496x512
train,NORMAL,/media/miglab/DATA_20TB1/OCT/archive/RetinalOCT_Dataset/RetinalOCT_Dataset/train/NORMAL/normal_train_2048.jpg,0,512x512
train,NORMAL,/media/miglab/DATA_20TB1/OCT/archive/RetinalOCT_Dataset/RetinalOCT_Dataset/train/NORMAL/normal_train_1299.jpg,0,496x512
train,NORMAL,/media/miglab/DATA_20TB1/OCT/archive/RetinalOCT_Dataset/RetinalOCT_Dataset/train/NORMAL/normal_train_1661.jpg,0,512x512
train,NORMAL,/media/miglab/DATA_20TB1/OCT/archive/RetinalOCT_Dataset/RetinalOCT_Dataset/train/NORMAL/normal_train_2225.jpg,0,496x512
train,NORMAL,/media/miglab/DATA_20TB1/OCT/archive/RetinalOCT_Dataset/RetinalOCT_Dataset/train/NORMAL/normal_train_3029.jpg,0,512x512
train,NORMAL,/media/miglab/DATA_20TB1/OCT/archive/RetinalOCT_Dataset/RetinalOCT_Dataset/train/NORMAL/normal_train_2585.jpg,0,496x768
train,NORMAL,/media/miglab/DATA_20TB1/OCT/archive/RetinalOCT_Dataset/RetinalOCT_Dataset/train/NORMAL/normal_train_1363.jpg,0,496x768
train,NORMAL,/media/miglab/DATA_20TB1/OCT/archive/RetinalOCT_Dataset/RetinalOCT_Dataset/train/NORMAL/normal_train_1839.jpg,0,496x512
train,NORMAL,/media/miglab/DATA_20TB1/OCT/archive/RetinalOCT_Dataset/RetinalOCT_Dataset/train/NORMAL/normal_train_2262.jpg,0,496x768
train,NORMAL,/media/miglab/DATA_20TB1/OCT/archive/RetinalOCT_Dataset/RetinalOCT_Dataset/train/NORMAL/normal_train_2138.jpg,0,496x768
train,NORMAL,/media/miglab/DATA_20TB1/OCT/archive/RetinalOCT_Dataset/RetinalOCT_Dataset/train/NORMAL/normal_train_1807.jpg,0,496x512
train,NORMAL,/media/miglab/DATA_20TB1/OCT/archive/RetinalOCT_Dataset/RetinalOCT_Dataset/train/NORMAL/normal_train_2474.jpg,0,496x768
train,NORMAL,/media/miglab/DATA_20TB1/OCT/archive/RetinalOCT_Dataset/RetinalOCT_Dataset/train/NORMAL/normal_train_1684.jpg,0,512x512
train,NORMAL,/media/miglab/DATA_20TB1/OCT/archive/RetinalOCT_Dataset/RetinalOCT_Dataset/train/NORMAL/normal_train_2108.jpg,0,512x512
train,NORMAL,/media/miglab/DATA_20TB1/OCT/archive/RetinalOCT_Dataset/RetinalOCT_Dataset/train/NORMAL/normal_train_3032.jpg,0,512x512
train,NORMAL,/media/miglab/DATA_20TB1/OCT/archive/RetinalOCT_Dataset/RetinalOCT_Dataset/train/NORMAL/normal_train_2783.jpg,0,496x768
train,NORMAL,/media/miglab/DATA_20TB1/OCT/archive/RetinalOCT_Dataset/RetinalOCT_Dataset/train/NORMAL/normal_train_1055.jpg,0,496x768
train,NORMAL,/media/miglab/DATA_20TB1/OCT/archive/RetinalOCT_Dataset/RetinalOCT_Dataset/train/NORMAL/normal_train_1716.jpg,0,512x512
train,NORMAL,/media/miglab/DATA_20TB1/OCT/archive/RetinalOCT_Dataset/RetinalOCT_Dataset/train/NORMAL/normal_train_1465.jpg,0,496x512
train,NORMAL,/media/miglab/DATA_20TB1/OCT/archive/RetinalOCT_Dataset/RetinalOCT_Dataset/train/NORMAL/normal_train_2281.jpg,0,496x512
train,NORMAL,/media/miglab/DATA_20TB1/OCT/archive/RetinalOCT_Dataset/RetinalOCT_Dataset/train/NORMAL/normal_train_2191.jpg,0,496x768
train,NORMAL,/media/miglab/DATA_20TB1/OCT/archive/RetinalOCT_Dataset/RetinalOCT_Dataset/train/NORMAL/normal_train_1049.jpg,0,496x768
train,NORMAL,/media/miglab/DATA_20TB1/OCT/archive/RetinalOCT_Dataset/RetinalOCT_Dataset/train/NORMAL/normal_train_1963.jpg,0,496x768
train,NORMAL,/media/miglab/DATA_20TB1/OCT/archive/RetinalOCT_Dataset/RetinalOCT_Dataset/train/NORMAL/normal_train_2915.jpg,0,512x512
train,NORMAL,/media/miglab/DATA_20TB1/OCT/archive/RetinalOCT_Dataset/RetinalOCT_Dataset/train/NORMAL/normal_train_2820.jpg,0,496x512
train,NORMAL,/media/miglab/DATA_20TB1/OCT/archive/RetinalOCT_Dataset/RetinalOCT_Dataset/train/NORMAL/normal_train_3098.jpg,0,496x512
train,NORMAL,/media/miglab/DATA_20TB1/OCT/archive/RetinalOCT_Dataset/RetinalOCT_Dataset/train/NORMAL/normal_train_3057.jpg,0,496x512
train,NORMAL,/media/miglab/DATA_20TB1/OCT/archive/RetinalOCT_Dataset/RetinalOCT_Dataset/train/NORMAL/normal_train_2830.jpg,0,496x768
train,NORMAL,/media/miglab/DATA_20TB1/OCT/archive/RetinalOCT_Dataset/RetinalOCT_Dataset/train/NORMAL/normal_train_1467.jpg,0,496x768
train,NORMAL,/media/miglab/DATA_20TB1/OCT/archive/RetinalOCT_Dataset/RetinalOCT_Dataset/train/NORMAL/normal_train_2481.jpg,0,512x512
train,NORMAL,/media/miglab/DATA_20TB1/OCT/archive/RetinalOCT_Dataset/RetinalOCT_Dataset/train/NORMAL/normal_train_3224.jpg,0,496x512
train,NORMAL,/media/miglab/DATA_20TB1/OCT/archive/RetinalOCT_Dataset/RetinalOCT_Dataset/train/NORMAL/normal_train_2200.jpg,0,512x512
train,NORMAL,/media/miglab/DATA_20TB1/OCT/archive/RetinalOCT_Dataset/RetinalOCT_Dataset/train/NORMAL/normal_train_2759.jpg,0,496x768
train,NORMAL,/media/miglab/DATA_20TB1/OCT/archive/RetinalOCT_Dataset/RetinalOCT_Dataset/train/NORMAL/normal_train_2001.jpg,0,496x768
train,NORMAL,/media/miglab/DATA_20TB1/OCT/archive/RetinalOCT_Dataset/RetinalOCT_Dataset/train/NORMAL/normal_train_2112.jpg,0,512x512
train,NORMAL,/media/miglab/DATA_20TB1/OCT/archive/RetinalOCT_Dataset/RetinalOCT_Dataset/train/NORMAL/normal_train_3157.jpg,0,496x512
train,NORMAL,/media/miglab/DATA_20TB1/OCT/archive/RetinalOCT_Dataset/RetinalOCT_Dataset/train/NORMAL/normal_train_3257.jpg,0,496x768
train,NORMAL,/media/miglab/DATA_20TB1/OCT/archive/RetinalOCT_Dataset/RetinalOCT_Dataset/train/NORMAL/normal_train_2897.jpg,0,496x768
train,NORMAL,/media/miglab/DATA_20TB1/OCT/archive/RetinalOCT_Dataset/RetinalOCT_Dataset/train/NORMAL/normal_train_1856.jpg,0,496x512
train,NORMAL,/media/miglab/DATA_20TB1/OCT/archive/RetinalOCT_Dataset/RetinalOCT_Dataset/train/NORMAL/normal_train_1240.jpg,0,496x512
train,NORMAL,/media/miglab/DATA_20TB1/OCT/archive/RetinalOCT_Dataset/RetinalOCT_Dataset/train/NORMAL/normal_train_2454.jpg,0,512x512
train,NORMAL,/media/miglab/DATA_20TB1/OCT/archive/RetinalOCT_Dataset/RetinalOCT_Dataset/train/NORMAL/normal_train_1907.jpg,0,496x512
train,NORMAL,/media/miglab/DATA_20TB1/OCT/archive/RetinalOCT_Dataset/RetinalOCT_Dataset/train/NORMAL/normal_train_2383.jpg,0,512x512
train,NORMAL,/media/miglab/DATA_20TB1/OCT/archive/RetinalOCT_Dataset/RetinalOCT_Dataset/train/NORMAL/normal_train_1198.jpg,0,496x512
train,NORMAL,/media/miglab/DATA_20TB1/OCT/archive/RetinalOCT_Dataset/RetinalOCT_Dataset/train/NORMAL/normal_train_2540.jpg,0,496x512
train,NORMAL,/media/miglab/DATA_20TB1/OCT/archive/RetinalOCT_Dataset/RetinalOCT_Dataset/train/NORMAL/normal_train_1691.jpg,0,512x512
train,NORMAL,/media/miglab/DATA_20TB1/OCT/archive/RetinalOCT_Dataset/RetinalOCT_Dataset/train/NORMAL/normal_train_2780.jpg,0,496x768
train,NORMAL,/media/miglab/DATA_20TB1/OCT/archive/RetinalOCT_Dataset/RetinalOCT_Dataset/train/NORMAL/normal_train_2416.jpg,0,496x512
train,NORMAL,/media/miglab/DATA_20TB1/OCT/archive/RetinalOCT_Dataset/RetinalOCT_Dataset/train/NORMAL/normal_train_2705.jpg,0,512x512
train,NORMAL,/media/miglab/DATA_20TB1/OCT/archive/RetinalOCT_Dataset/RetinalOCT_Dataset/train/NORMAL/normal_train_2276.jpg,0,512x512
train,NORMAL,/media/miglab/DATA_20TB1/OCT/archive/RetinalOCT_Dataset/RetinalOCT_Dataset/train/NORMAL/normal_train_2401.jpg,0,512x512
train,NORMAL,/media/miglab/DATA_20TB1/OCT/archive/RetinalOCT_Dataset/RetinalOCT_Dataset/train/NORMAL/normal_train_1259.jpg,0,496x512
train,NORMAL,/media/miglab/DATA_20TB1/OCT/archive/RetinalOCT_Dataset/RetinalOCT_Dataset/train/NORMAL/normal_train_2833.jpg,0,496x512
train,NORMAL,/media/miglab/DATA_20TB1/OCT/archive/RetinalOCT_Dataset/RetinalOCT_Dataset/train/NORMAL/normal_train_1659.jpg,0,496x512
train,NORMAL,/media/miglab/DATA_20TB1/OCT/archive/RetinalOCT_Dataset/RetinalOCT_Dataset/train/NORMAL/normal_train_2131.jpg,0,512x512
train,NORMAL,/media/miglab/DATA_20TB1/OCT/archive/RetinalOCT_Dataset/RetinalOCT_Dataset/train/NORMAL/normal_train_1393.jpg,0,496x768
train,NORMAL,/media/miglab/DATA_20TB1/OCT/archive/RetinalOCT_Dataset/RetinalOCT_Dataset/train/NORMAL/normal_train_1013.jpg,0,496x512
train,NORMAL,/media/miglab/DATA_20TB1/OCT/archive/RetinalOCT_Dataset/RetinalOCT_Dataset/train/NORMAL/normal_train_2441.jpg,0,496x768
train,NORMAL,/media/miglab/DATA_20TB1/OCT/archive/RetinalOCT_Dataset/RetinalOCT_Dataset/train/NORMAL/normal_train_1734.jpg,0,512x512
train,NORMAL,/media/miglab/DATA_20TB1/OCT/archive/RetinalOCT_Dataset/RetinalOCT_Dataset/train/NORMAL/normal_train_2605.jpg,0,512x512
train,NORMAL,/media/miglab/DATA_20TB1/OCT/archive/RetinalOCT_Dataset/RetinalOCT_Dataset/train/NORMAL/normal_train_2509.jpg,0,496x512
train,NORMAL,/media/miglab/DATA_20TB1/OCT/archive/RetinalOCT_Dataset/RetinalOCT_Dataset/train/NORMAL/normal_train_2500.jpg,0,496x512
train,NORMAL,/media/miglab/DATA_20TB1/OCT/archive/RetinalOCT_Dataset/RetinalOCT_Dataset/train/NORMAL/normal_train_2467.jpg,0,496x512
train,NORMAL,/media/miglab/DATA_20TB1/OCT/archive/RetinalOCT_Dataset/RetinalOCT_Dataset/train/NORMAL/normal_train_1833.jpg,0,496x512
train,NORMAL,/media/miglab/DATA_20TB1/OCT/archive/RetinalOCT_Dataset/RetinalOCT_Dataset/train/NORMAL/normal_train_1238.jpg,0,496x768
train,NORMAL,/media/miglab/DATA_20TB1/OCT/archive/RetinalOCT_Dataset/RetinalOCT_Dataset/train/NORMAL/normal_train_2311.jpg,0,512x512
train,NORMAL,/media/miglab/DATA_20TB1/OCT/archive/RetinalOCT_Dataset/RetinalOCT_Dataset/train/NORMAL/normal_train_3223.jpg,0,496x512
train,NORMAL,/media/miglab/DATA_20TB1/OCT/archive/RetinalOCT_Dataset/RetinalOCT_Dataset/train/NORMAL/normal_train_1226.jpg,0,496x768
train,NORMAL,/media/miglab/DATA_20TB1/OCT/archive/RetinalOCT_Dataset/RetinalOCT_Dataset/train/NORMAL/normal_train_2443.jpg,0,496x768
train,NORMAL,/media/miglab/DATA_20TB1/OCT/archive/RetinalOCT_Dataset/RetinalOCT_Dataset/train/NORMAL/normal_train_1406.jpg,0,496x768
train,NORMAL,/media/miglab/DATA_20TB1/OCT/archive/RetinalOCT_Dataset/RetinalOCT_Dataset/train/NORMAL/normal_train_1791.jpg,0,496x512
train,NORMAL,/media/miglab/DATA_20TB1/OCT/archive/RetinalOCT_Dataset/RetinalOCT_Dataset/train/NORMAL/normal_train_2934.jpg,0,512x512
train,NORMAL,/media/miglab/DATA_20TB1/OCT/archive/RetinalOCT_Dataset/RetinalOCT_Dataset/train/NORMAL/normal_train_1155.jpg,0,512x512
train,NORMAL,/media/miglab/DATA_20TB1/OCT/archive/RetinalOCT_Dataset/RetinalOCT_Dataset/train/NORMAL/normal_train_2895.jpg,0,496x768
train,NORMAL,/media/miglab/DATA_20TB1/OCT/archive/RetinalOCT_Dataset/RetinalOCT_Dataset/train/NORMAL/normal_train_1181.jpg,0,512x512
train,NORMAL,/media/miglab/DATA_20TB1/OCT/archive/RetinalOCT_Dataset/RetinalOCT_Dataset/train/NORMAL/normal_train_2812.jpg,0,496x768
train,NORMAL,/media/miglab/DATA_20TB1/OCT/archive/RetinalOCT_Dataset/RetinalOCT_Dataset/train/NORMAL/normal_train_3030.jpg,0,496x512
train,NORMAL,/media/miglab/DATA_20TB1/OCT/archive/RetinalOCT_Dataset/RetinalOCT_Dataset/train/NORMAL/normal_train_1379.jpg,0,496x512
train,NORMAL,/media/miglab/DATA_20TB1/OCT/archive/RetinalOCT_Dataset/RetinalOCT_Dataset/train/NORMAL/normal_train_3158.jpg,0,496x512
train,NORMAL,/media/miglab/DATA_20TB1/OCT/archive/RetinalOCT_Dataset/RetinalOCT_Dataset/train/NORMAL/normal_train_2156.jpg,0,496x768
train,NORMAL,/media/miglab/DATA_20TB1/OCT/archive/RetinalOCT_Dataset/RetinalOCT_Dataset/train/NORMAL/normal_train_2393.jpg,0,512x512
train,NORMAL,/media/miglab/DATA_20TB1/OCT/archive/RetinalOCT_Dataset/RetinalOCT_Dataset/train/NORMAL/normal_train_1488.jpg,0,496x512
train,NORMAL,/media/miglab/DATA_20TB1/OCT/archive/RetinalOCT_Dataset/RetinalOCT_Dataset/train/NORMAL/normal_train_3277.jpg,0,496x512
train,NORMAL,/media/miglab/DATA_20TB1/OCT/archive/RetinalOCT_Dataset/RetinalOCT_Dataset/train/NORMAL/normal_train_1815.jpg,0,496x768
train,NORMAL,/media/miglab/DATA_20TB1/OCT/archive/RetinalOCT_Dataset/RetinalOCT_Dataset/train/NORMAL/normal_train_2340.jpg,0,496x512
train,NORMAL,/media/miglab/DATA_20TB1/OCT/archive/RetinalOCT_Dataset/RetinalOCT_Dataset/train/NORMAL/normal_train_2988.jpg,0,496x512
train,NORMAL,/media/miglab/DATA_20TB1/OCT/archive/RetinalOCT_Dataset/RetinalOCT_Dataset/train/NORMAL/normal_train_2135.jpg,0,496x768
train,NORMAL,/media/miglab/DATA_20TB1/OCT/archive/RetinalOCT_Dataset/RetinalOCT_Dataset/train/NORMAL/normal_train_2456.jpg,0,496x768
train,NORMAL,/media/miglab/DATA_20TB1/OCT/archive/RetinalOCT_Dataset/RetinalOCT_Dataset/train/NORMAL/normal_train_2636.jpg,0,512x512
train,NORMAL,/media/miglab/DATA_20TB1/OCT/archive/RetinalOCT_Dataset/RetinalOCT_Dataset/train/NORMAL/normal_train_2389.jpg,0,512x512
train,NORMAL,/media/miglab/DATA_20TB1/OCT/archive/RetinalOCT_Dataset/RetinalOCT_Dataset/train/NORMAL/normal_train_1898.jpg,0,496x512
train,NORMAL,/media/miglab/DATA_20TB1/OCT/archive/RetinalOCT_Dataset/RetinalOCT_Dataset/train/NORMAL/normal_train_2181.jpg,0,496x512
train,NORMAL,/media/miglab/DATA_20TB1/OCT/archive/RetinalOCT_Dataset/RetinalOCT_Dataset/train/NORMAL/normal_train_1959.jpg,0,496x512
train,NORMAL,/media/miglab/DATA_20TB1/OCT/archive/RetinalOCT_Dataset/RetinalOCT_Dataset/train/NORMAL/normal_train_2475.jpg,0,496x512
train,NORMAL,/media/miglab/DATA_20TB1/OCT/archive/RetinalOCT_Dataset/RetinalOCT_Dataset/train/NORMAL/normal_train_1720.jpg,0,512x512
train,NORMAL,/media/miglab/DATA_20TB1/OCT/archive/RetinalOCT_Dataset/RetinalOCT_Dataset/train/NORMAL/normal_train_1060.jpg,0,496x768
train,NORMAL,/media/miglab/DATA_20TB1/OCT/archive/RetinalOCT_Dataset/RetinalOCT_Dataset/train/NORMAL/normal_train_2231.jpg,0,496x512
train,NORMAL,/media/miglab/DATA_20TB1/OCT/archive/RetinalOCT_Dataset/RetinalOCT_Dataset/train/NORMAL/normal_train_1168.jpg,0,496x512
train,NORMAL,/media/miglab/DATA_20TB1/OCT/archive/RetinalOCT_Dataset/RetinalOCT_Dataset/train/NORMAL/normal_train_2950.jpg,0,496x512
train,NORMAL,/media/miglab/DATA_20TB1/OCT/archive/RetinalOCT_Dataset/RetinalOCT_Dataset/train/NORMAL/normal_train_1234.jpg,0,496x768
train,NORMAL,/media/miglab/DATA_20TB1/OCT/archive/RetinalOCT_Dataset/RetinalOCT_Dataset/train/NORMAL/normal_train_1335.jpg,0,496x512
train,NORMAL,/media/miglab/DATA_20TB1/OCT/archive/RetinalOCT_Dataset/RetinalOCT_Dataset/train/NORMAL/normal_train_2118.jpg,0,496x512
train,NORMAL,/media/miglab/DATA_20TB1/OCT/archive/RetinalOCT_Dataset/RetinalOCT_Dataset/train/NORMAL/normal_train_2288.jpg,0,496x512
train,NORMAL,/media/miglab/DATA_20TB1/OCT/archive/RetinalOCT_Dataset/RetinalOCT_Dataset/train/NORMAL/normal_train_2309.jpg,0,512x512
train,NORMAL,/media/miglab/DATA_20TB1/OCT/archive/RetinalOCT_Dataset/RetinalOCT_Dataset/train/NORMAL/normal_train_1939.jpg,0,496x512
train,NORMAL,/media/miglab/DATA_20TB1/OCT/archive/RetinalOCT_Dataset/RetinalOCT_Dataset/train/NORMAL/normal_train_1938.jpg,0,496x512
train,NORMAL,/media/miglab/DATA_20TB1/OCT/archive/RetinalOCT_Dataset/RetinalOCT_Dataset/train/NORMAL/normal_train_2498.jpg,0,496x768
train,NORMAL,/media/miglab/DATA_20TB1/OCT/archive/RetinalOCT_Dataset/RetinalOCT_Dataset/train/NORMAL/normal_train_1159.jpg,0,496x768
train,NORMAL,/media/miglab/DATA_20TB1/OCT/archive/RetinalOCT_Dataset/RetinalOCT_Dataset/train/NORMAL/normal_train_2084.jpg,0,496x512
train,NORMAL,/media/miglab/DATA_20TB1/OCT/archive/RetinalOCT_Dataset/RetinalOCT_Dataset/train/NORMAL/normal_train_1456.jpg,0,496x768
train,NORMAL,/media/miglab/DATA_20TB1/OCT/archive/RetinalOCT_Dataset/RetinalOCT_Dataset/train/NORMAL/normal_train_3203.jpg,0,512x512
train,NORMAL,/media/miglab/DATA_20TB1/OCT/archive/RetinalOCT_Dataset/RetinalOCT_Dataset/train/NORMAL/normal_train_1416.jpg,0,496x768
train,NORMAL,/media/miglab/DATA_20TB1/OCT/archive/RetinalOCT_Dataset/RetinalOCT_Dataset/train/NORMAL/normal_train_2727.jpg,0,496x512
train,NORMAL,/media/miglab/DATA_20TB1/OCT/archive/RetinalOCT_Dataset/RetinalOCT_Dataset/train/NORMAL/normal_train_2422.jpg,0,512x512
train,NORMAL,/media/miglab/DATA_20TB1/OCT/archive/RetinalOCT_Dataset/RetinalOCT_Dataset/train/NORMAL/normal_train_1186.jpg,0,512x512
train,NORMAL,/media/miglab/DATA_20TB1/OCT/archive/RetinalOCT_Dataset/RetinalOCT_Dataset/train/NORMAL/normal_train_1281.jpg,0,496x512
train,NORMAL,/media/miglab/DATA_20TB1/OCT/archive/RetinalOCT_Dataset/RetinalOCT_Dataset/train/NORMAL/normal_train_1441.jpg,0,496x512
train,NORMAL,/media/miglab/DATA_20TB1/OCT/archive/RetinalOCT_Dataset/RetinalOCT_Dataset/train/NORMAL/normal_train_2595.jpg,0,512x512
train,NORMAL,/media/miglab/DATA_20TB1/OCT/archive/RetinalOCT_Dataset/RetinalOCT_Dataset/train/NORMAL/normal_train_1290.jpg,0,496x512
train,NORMAL,/media/miglab/DATA_20TB1/OCT/archive/RetinalOCT_Dataset/RetinalOCT_Dataset/train/NORMAL/normal_train_1622.jpg,0,496x768
train,NORMAL,/media/miglab/DATA_20TB1/OCT/archive/RetinalOCT_Dataset/RetinalOCT_Dataset/train/NORMAL/normal_train_1936.jpg,0,496x512
train,NORMAL,/media/miglab/DATA_20TB1/OCT/archive/RetinalOCT_Dataset/RetinalOCT_Dataset/train/NORMAL/normal_train_2174.jpg,0,496x512
train,NORMAL,/media/miglab/DATA_20TB1/OCT/archive/RetinalOCT_Dataset/RetinalOCT_Dataset/train/NORMAL/normal_train_1246.jpg,0,496x768
train,NORMAL,/media/miglab/DATA_20TB1/OCT/archive/RetinalOCT_Dataset/RetinalOCT_Dataset/train/NORMAL/normal_train_1897.jpg,0,496x512
train,NORMAL,/media/miglab/DATA_20TB1/OCT/archive/RetinalOCT_Dataset/RetinalOCT_Dataset/train/NORMAL/normal_train_1737.jpg,0,512x512
train,NORMAL,/media/miglab/DATA_20TB1/OCT/archive/RetinalOCT_Dataset/RetinalOCT_Dataset/train/NORMAL/normal_train_3202.jpg,0,496x512
train,NORMAL,/media/miglab/DATA_20TB1/OCT/archive/RetinalOCT_Dataset/RetinalOCT_Dataset/train/NORMAL/normal_train_2965.jpg,0,512x512
train,NORMAL,/media/miglab/DATA_20TB1/OCT/archive/RetinalOCT_Dataset/RetinalOCT_Dataset/train/NORMAL/normal_train_1358.jpg,0,496x512
train,NORMAL,/media/miglab/DATA_20TB1/OCT/archive/RetinalOCT_Dataset/RetinalOCT_Dataset/train/NORMAL/normal_train_1717.jpg,0,512x512
train,NORMAL,/media/miglab/DATA_20TB1/OCT/archive/RetinalOCT_Dataset/RetinalOCT_Dataset/train/NORMAL/normal_train_2521.jpg,0,496x768
train,NORMAL,/media/miglab/DATA_20TB1/OCT/archive/RetinalOCT_Dataset/RetinalOCT_Dataset/train/NORMAL/normal_train_2069.jpg,0,496x512
train,NORMAL,/media/miglab/DATA_20TB1/OCT/archive/RetinalOCT_Dataset/RetinalOCT_Dataset/train/NORMAL/normal_train_1120.jpg,0,512x512
train,NORMAL,/media/miglab/DATA_20TB1/OCT/archive/RetinalOCT_Dataset/RetinalOCT_Dataset/train/NORMAL/normal_train_2039.jpg,0,496x768
train,NORMAL,/media/miglab/DATA_20TB1/OCT/archive/RetinalOCT_Dataset/RetinalOCT_Dataset/train/NORMAL/normal_train_2129.jpg,0,512x512
train,NORMAL,/media/miglab/DATA_20TB1/OCT/archive/RetinalOCT_Dataset/RetinalOCT_Dataset/train/NORMAL/normal_train_3230.jpg,0,496x512
train,NORMAL,/media/miglab/DATA_20TB1/OCT/archive/RetinalOCT_Dataset/RetinalOCT_Dataset/train/NORMAL/normal_train_1148.jpg,0,496x512
train,NORMAL,/media/miglab/DATA_20TB1/OCT/archive/RetinalOCT_Dataset/RetinalOCT_Dataset/train/NORMAL/normal_train_2042.jpg,0,496x512
train,NORMAL,/media/miglab/DATA_20TB1/OCT/archive/RetinalOCT_Dataset/RetinalOCT_Dataset/train/NORMAL/normal_train_1641.jpg,0,496x512
train,NORMAL,/media/miglab/DATA_20TB1/OCT/archive/RetinalOCT_Dataset/RetinalOCT_Dataset/train/NORMAL/normal_train_3152.jpg,0,496x512
train,NORMAL,/media/miglab/DATA_20TB1/OCT/archive/RetinalOCT_Dataset/RetinalOCT_Dataset/train/NORMAL/normal_train_1793.jpg,0,512x512
train,NORMAL,/media/miglab/DATA_20TB1/OCT/archive/RetinalOCT_Dataset/RetinalOCT_Dataset/train/NORMAL/normal_train_1830.jpg,0,496x512
train,NORMAL,/media/miglab/DATA_20TB1/OCT/archive/RetinalOCT_Dataset/RetinalOCT_Dataset/train/NORMAL/normal_train_1092.jpg,0,512x512
train,NORMAL,/media/miglab/DATA_20TB1/OCT/archive/RetinalOCT_Dataset/RetinalOCT_Dataset/train/NORMAL/normal_train_1910.jpg,0,496x768
train,NORMAL,/media/miglab/DATA_20TB1/OCT/archive/RetinalOCT_Dataset/RetinalOCT_Dataset/train/NORMAL/normal_train_1951.jpg,0,496x512
train,NORMAL,/media/miglab/DATA_20TB1/OCT/archive/RetinalOCT_Dataset/RetinalOCT_Dataset/train/NORMAL/normal_train_1444.jpg,0,496x512
train,NORMAL,/media/miglab/DATA_20TB1/OCT/archive/RetinalOCT_Dataset/RetinalOCT_Dataset/train/NORMAL/normal_train_3143.jpg,0,512x512
train,NORMAL,/media/miglab/DATA_20TB1/OCT/archive/RetinalOCT_Dataset/RetinalOCT_Dataset/train/NORMAL/normal_train_1068.jpg,0,496x512
train,NORMAL,/media/miglab/DATA_20TB1/OCT/archive/RetinalOCT_Dataset/RetinalOCT_Dataset/train/NORMAL/normal_train_1967.jpg,0,496x768
train,NORMAL,/media/miglab/DATA_20TB1/OCT/archive/RetinalOCT_Dataset/RetinalOCT_Dataset/train/NORMAL/normal_train_2380.jpg,0,512x512
train,NORMAL,/media/miglab/DATA_20TB1/OCT/archive/RetinalOCT_Dataset/RetinalOCT_Dataset/train/NORMAL/normal_train_2939.jpg,0,496x768
train,NORMAL,/media/miglab/DATA_20TB1/OCT/archive/RetinalOCT_Dataset/RetinalOCT_Dataset/train/NORMAL/normal_train_1235.jpg,0,496x768
train,NORMAL,/media/miglab/DATA_20TB1/OCT/archive/RetinalOCT_Dataset/RetinalOCT_Dataset/train/NORMAL/normal_train_2222.jpg,0,496x512
train,NORMAL,/media/miglab/DATA_20TB1/OCT/archive/RetinalOCT_Dataset/RetinalOCT_Dataset/train/NORMAL/normal_train_3232.jpg,0,496x512
train,NORMAL,/media/miglab/DATA_20TB1/OCT/archive/RetinalOCT_Dataset/RetinalOCT_Dataset/train/NORMAL/normal_train_1619.jpg,0,496x512
train,NORMAL,/media/miglab/DATA_20TB1/OCT/archive/RetinalOCT_Dataset/RetinalOCT_Dataset/train/NORMAL/normal_train_1244.jpg,0,512x512
train,NORMAL,/media/miglab/DATA_20TB1/OCT/archive/RetinalOCT_Dataset/RetinalOCT_Dataset/train/NORMAL/normal_train_3039.jpg,0,496x512
train,NORMAL,/media/miglab/DATA_20TB1/OCT/archive/RetinalOCT_Dataset/RetinalOCT_Dataset/train/NORMAL/normal_train_3269.jpg,0,512x512
train,NORMAL,/media/miglab/DATA_20TB1/OCT/archive/RetinalOCT_Dataset/RetinalOCT_Dataset/train/NORMAL/normal_train_1464.jpg,0,496x768
train,NORMAL,/media/miglab/DATA_20TB1/OCT/archive/RetinalOCT_Dataset/RetinalOCT_Dataset/train/NORMAL/normal_train_2169.jpg,0,496x512
train,NORMAL,/media/miglab/DATA_20TB1/OCT/archive/RetinalOCT_Dataset/RetinalOCT_Dataset/train/NORMAL/normal_train_1433.jpg,0,496x768
train,NORMAL,/media/miglab/DATA_20TB1/OCT/archive/RetinalOCT_Dataset/RetinalOCT_Dataset/train/NORMAL/normal_train_2726.jpg,0,496x768
train,NORMAL,/media/miglab/DATA_20TB1/OCT/archive/RetinalOCT_Dataset/RetinalOCT_Dataset/train/NORMAL/normal_train_1218.jpg,0,496x512
train,NORMAL,/media/miglab/DATA_20TB1/OCT/archive/RetinalOCT_Dataset/RetinalOCT_Dataset/train/NORMAL/normal_train_2506.jpg,0,496x512
train,NORMAL,/media/miglab/DATA_20TB1/OCT/archive/RetinalOCT_Dataset/RetinalOCT_Dataset/train/NORMAL/normal_train_2398.jpg,0,512x512
train,NORMAL,/media/miglab/DATA_20TB1/OCT/archive/RetinalOCT_Dataset/RetinalOCT_Dataset/train/NORMAL/normal_train_2120.jpg,0,496x512
train,NORMAL,/media/miglab/DATA_20TB1/OCT/archive/RetinalOCT_Dataset/RetinalOCT_Dataset/train/NORMAL/normal_train_2332.jpg,0,496x512
train,NORMAL,/media/miglab/DATA_20TB1/OCT/archive/RetinalOCT_Dataset/RetinalOCT_Dataset/train/NORMAL/normal_train_1707.jpg,0,512x512
train,NORMAL,/media/miglab/DATA_20TB1/OCT/archive/RetinalOCT_Dataset/RetinalOCT_Dataset/train/NORMAL/normal_train_2942.jpg,0,496x768
train,NORMAL,/media/miglab/DATA_20TB1/OCT/archive/RetinalOCT_Dataset/RetinalOCT_Dataset/train/NORMAL/normal_train_2319.jpg,0,496x512
train,NORMAL,/media/miglab/DATA_20TB1/OCT/archive/RetinalOCT_Dataset/RetinalOCT_Dataset/train/NORMAL/normal_train_1656.jpg,0,496x768
train,NORMAL,/media/miglab/DATA_20TB1/OCT/archive/RetinalOCT_Dataset/RetinalOCT_Dataset/train/NORMAL/normal_train_2370.jpg,0,496x768
train,NORMAL,/media/miglab/DATA_20TB1/OCT/archive/RetinalOCT_Dataset/RetinalOCT_Dataset/train/NORMAL/normal_train_1634.jpg,0,496x768
train,NORMAL,/media/miglab/DATA_20TB1/OCT/archive/RetinalOCT_Dataset/RetinalOCT_Dataset/train/NORMAL/normal_train_1617.jpg,0,496x768
train,NORMAL,/media/miglab/DATA_20TB1/OCT/archive/RetinalOCT_Dataset/RetinalOCT_Dataset/train/NORMAL/normal_train_2387.jpg,0,512x512
train,NORMAL,/media/miglab/DATA_20TB1/OCT/archive/RetinalOCT_Dataset/RetinalOCT_Dataset/train/NORMAL/normal_train_1397.jpg,0,496x512
train,NORMAL,/media/miglab/DATA_20TB1/OCT/archive/RetinalOCT_Dataset/RetinalOCT_Dataset/train/NORMAL/normal_train_1305.jpg,0,496x512
train,NORMAL,/media/miglab/DATA_20TB1/OCT/archive/RetinalOCT_Dataset/RetinalOCT_Dataset/train/NORMAL/normal_train_2721.jpg,0,496x512
train,NORMAL,/media/miglab/DATA_20TB1/OCT/archive/RetinalOCT_Dataset/RetinalOCT_Dataset/train/NORMAL/normal_train_2373.jpg,0,512x512
train,NORMAL,/media/miglab/DATA_20TB1/OCT/archive/RetinalOCT_Dataset/RetinalOCT_Dataset/train/NORMAL/normal_train_2172.jpg,0,496x512
train,NORMAL,/media/miglab/DATA_20TB1/OCT/archive/RetinalOCT_Dataset/RetinalOCT_Dataset/train/NORMAL/normal_train_1146.jpg,0,496x768
train,NORMAL,/media/miglab/DATA_20TB1/OCT/archive/RetinalOCT_Dataset/RetinalOCT_Dataset/train/NORMAL/normal_train_2315.jpg,0,496x768
train,NORMAL,/media/miglab/DATA_20TB1/OCT/archive/RetinalOCT_Dataset/RetinalOCT_Dataset/train/NORMAL/normal_train_1502.jpg,0,496x512
train,NORMAL,/media/miglab/DATA_20TB1/OCT/archive/RetinalOCT_Dataset/RetinalOCT_Dataset/train/NORMAL/normal_train_1950.jpg,0,496x512
train,NORMAL,/media/miglab/DATA_20TB1/OCT/archive/RetinalOCT_Dataset/RetinalOCT_Dataset/train/NORMAL/normal_train_2828.jpg,0,496x768
train,NORMAL,/media/miglab/DATA_20TB1/OCT/archive/RetinalOCT_Dataset/RetinalOCT_Dataset/train/NORMAL/normal_train_1744.jpg,0,512x512
train,NORMAL,/media/miglab/DATA_20TB1/OCT/archive/RetinalOCT_Dataset/RetinalOCT_Dataset/train/NORMAL/normal_train_3259.jpg,0,496x512
train,NORMAL,/media/miglab/DATA_20TB1/OCT/archive/RetinalOCT_Dataset/RetinalOCT_Dataset/train/NORMAL/normal_train_3136.jpg,0,496x512
train,NORMAL,/media/miglab/DATA_20TB1/OCT/archive/RetinalOCT_Dataset/RetinalOCT_Dataset/train/NORMAL/normal_train_2751.jpg,0,512x512
train,NORMAL,/media/miglab/DATA_20TB1/OCT/archive/RetinalOCT_Dataset/RetinalOCT_Dataset/train/NORMAL/normal_train_3004.jpg,0,512x512
train,NORMAL,/media/miglab/DATA_20TB1/OCT/archive/RetinalOCT_Dataset/RetinalOCT_Dataset/train/NORMAL/normal_train_2809.jpg,0,496x768
train,NORMAL,/media/miglab/DATA_20TB1/OCT/archive/RetinalOCT_Dataset/RetinalOCT_Dataset/train/NORMAL/normal_train_1826.jpg,0,496x768
train,NORMAL,/media/miglab/DATA_20TB1/OCT/archive/RetinalOCT_Dataset/RetinalOCT_Dataset/train/NORMAL/normal_train_2333.jpg,0,496x512
train,NORMAL,/media/miglab/DATA_20TB1/OCT/archive/RetinalOCT_Dataset/RetinalOCT_Dataset/train/NORMAL/normal_train_2280.jpg,0,512x512
train,NORMAL,/media/miglab/DATA_20TB1/OCT/archive/RetinalOCT_Dataset/RetinalOCT_Dataset/train/NORMAL/normal_train_2734.jpg,0,496x512
train,NORMAL,/media/miglab/DATA_20TB1/OCT/archive/RetinalOCT_Dataset/RetinalOCT_Dataset/train/NORMAL/normal_train_2394.jpg,0,512x512
train,NORMAL,/media/miglab/DATA_20TB1/OCT/archive/RetinalOCT_Dataset/RetinalOCT_Dataset/train/NORMAL/normal_train_1145.jpg,0,496x768
train,NORMAL,/media/miglab/DATA_20TB1/OCT/archive/RetinalOCT_Dataset/RetinalOCT_Dataset/train/NORMAL/normal_train_1216.jpg,0,496x512
train,NORMAL,/media/miglab/DATA_20TB1/OCT/archive/RetinalOCT_Dataset/RetinalOCT_Dataset/train/NORMAL/normal_train_2587.jpg,0,496x768
train,NORMAL,/media/miglab/DATA_20TB1/OCT/archive/RetinalOCT_Dataset/RetinalOCT_Dataset/train/NORMAL/normal_train_3085.jpg,0,496x768
train,NORMAL,/media/miglab/DATA_20TB1/OCT/archive/RetinalOCT_Dataset/RetinalOCT_Dataset/train/NORMAL/normal_train_1479.jpg,0,496x512
train,NORMAL,/media/miglab/DATA_20TB1/OCT/archive/RetinalOCT_Dataset/RetinalOCT_Dataset/train/NORMAL/normal_train_1107.jpg,0,512x512
train,NORMAL,/media/miglab/DATA_20TB1/OCT/archive/RetinalOCT_Dataset/RetinalOCT_Dataset/train/NORMAL/normal_train_1511.jpg,0,496x768
train,NORMAL,/media/miglab/DATA_20TB1/OCT/archive/RetinalOCT_Dataset/RetinalOCT_Dataset/train/NORMAL/normal_train_1189.jpg,0,496x512
train,NORMAL,/media/miglab/DATA_20TB1/OCT/archive/RetinalOCT_Dataset/RetinalOCT_Dataset/train/NORMAL/normal_train_2471.jpg,0,496x512
train,NORMAL,/media/miglab/DATA_20TB1/OCT/archive/RetinalOCT_Dataset/RetinalOCT_Dataset/train/NORMAL/normal_train_2528.jpg,0,512x512
train,NORMAL,/media/miglab/DATA_20TB1/OCT/archive/RetinalOCT_Dataset/RetinalOCT_Dataset/train/NORMAL/normal_train_3000.jpg,0,496x512
train,NORMAL,/media/miglab/DATA_20TB1/OCT/archive/RetinalOCT_Dataset/RetinalOCT_Dataset/train/NORMAL/normal_train_2940.jpg,0,496x512
train,NORMAL,/media/miglab/DATA_20TB1/OCT/archive/RetinalOCT_Dataset/RetinalOCT_Dataset/train/NORMAL/normal_train_1162.jpg,0,496x512
train,NORMAL,/media/miglab/DATA_20TB1/OCT/archive/RetinalOCT_Dataset/RetinalOCT_Dataset/train/NORMAL/normal_train_1103.jpg,0,512x512
train,NORMAL,/media/miglab/DATA_20TB1/OCT/archive/RetinalOCT_Dataset/RetinalOCT_Dataset/train/NORMAL/normal_train_3096.jpg,0,496x512
train,NORMAL,/media/miglab/DATA_20TB1/OCT/archive/RetinalOCT_Dataset/RetinalOCT_Dataset/train/NORMAL/normal_train_1069.jpg,0,496x768
train,NORMAL,/media/miglab/DATA_20TB1/OCT/archive/RetinalOCT_Dataset/RetinalOCT_Dataset/train/NORMAL/normal_train_2014.jpg,0,496x768
train,NORMAL,/media/miglab/DATA_20TB1/OCT/archive/RetinalOCT_Dataset/RetinalOCT_Dataset/train/NORMAL/normal_train_2803.jpg,0,496x512
train,NORMAL,/media/miglab/DATA_20TB1/OCT/archive/RetinalOCT_Dataset/RetinalOCT_Dataset/train/NORMAL/normal_train_1664.jpg,0,512x512
train,NORMAL,/media/miglab/DATA_20TB1/OCT/archive/RetinalOCT_Dataset/RetinalOCT_Dataset/train/NORMAL/normal_train_2219.jpg,0,496x512
train,NORMAL,/media/miglab/DATA_20TB1/OCT/archive/RetinalOCT_Dataset/RetinalOCT_Dataset/train/NORMAL/normal_train_1405.jpg,0,496x768
train,NORMAL,/media/miglab/DATA_20TB1/OCT/archive/RetinalOCT_Dataset/RetinalOCT_Dataset/train/NORMAL/normal_train_2754.jpg,0,496x512
train,NORMAL,/media/miglab/DATA_20TB1/OCT/archive/RetinalOCT_Dataset/RetinalOCT_Dataset/train/NORMAL/normal_train_1662.jpg,0,512x512
train,NORMAL,/media/miglab/DATA_20TB1/OCT/archive/RetinalOCT_Dataset/RetinalOCT_Dataset/train/NORMAL/normal_train_2530.jpg,0,496x768
train,NORMAL,/media/miglab/DATA_20TB1/OCT/archive/RetinalOCT_Dataset/RetinalOCT_Dataset/train/NORMAL/normal_train_1977.jpg,0,512x512
train,NORMAL,/media/miglab/DATA_20TB1/OCT/archive/RetinalOCT_Dataset/RetinalOCT_Dataset/train/NORMAL/normal_train_2104.jpg,0,512x512
train,NORMAL,/media/miglab/DATA_20TB1/OCT/archive/RetinalOCT_Dataset/RetinalOCT_Dataset/train/NORMAL/normal_train_3011.jpg,0,496x512
train,NORMAL,/media/miglab/DATA_20TB1/OCT/archive/RetinalOCT_Dataset/RetinalOCT_Dataset/train/NORMAL/normal_train_1395.jpg,0,496x512
train,NORMAL,/media/miglab/DATA_20TB1/OCT/archive/RetinalOCT_Dataset/RetinalOCT_Dataset/train/NORMAL/normal_train_3193.jpg,0,496x512
train,NORMAL,/media/miglab/DATA_20TB1/OCT/archive/RetinalOCT_Dataset/RetinalOCT_Dataset/train/NORMAL/normal_train_3062.jpg,0,496x512
train,NORMAL,/media/miglab/DATA_20TB1/OCT/archive/RetinalOCT_Dataset/RetinalOCT_Dataset/train/NORMAL/normal_train_2124.jpg,0,512x512
train,NORMAL,/media/miglab/DATA_20TB1/OCT/archive/RetinalOCT_Dataset/RetinalOCT_Dataset/train/NORMAL/normal_train_1204.jpg,0,512x512
train,NORMAL,/media/miglab/DATA_20TB1/OCT/archive/RetinalOCT_Dataset/RetinalOCT_Dataset/train/NORMAL/normal_train_1110.jpg,0,512x512
train,NORMAL,/media/miglab/DATA_20TB1/OCT/archive/RetinalOCT_Dataset/RetinalOCT_Dataset/train/NORMAL/normal_train_1474.jpg,0,496x768
train,NORMAL,/media/miglab/DATA_20TB1/OCT/archive/RetinalOCT_Dataset/RetinalOCT_Dataset/train/NORMAL/normal_train_2449.jpg,0,496x768
train,NORMAL,/media/miglab/DATA_20TB1/OCT/archive/RetinalOCT_Dataset/RetinalOCT_Dataset/train/NORMAL/normal_train_2292.jpg,0,496x512
train,NORMAL,/media/miglab/DATA_20TB1/OCT/archive/RetinalOCT_Dataset/RetinalOCT_Dataset/train/NORMAL/normal_train_2341.jpg,0,496x512
train,NORMAL,/media/miglab/DATA_20TB1/OCT/archive/RetinalOCT_Dataset/RetinalOCT_Dataset/train/NORMAL/normal_train_1182.jpg,0,496x768
train,NORMAL,/media/miglab/DATA_20TB1/OCT/archive/RetinalOCT_Dataset/RetinalOCT_Dataset/train/NORMAL/normal_train_2008.jpg,0,496x512
train,NORMAL,/media/miglab/DATA_20TB1/OCT/archive/RetinalOCT_Dataset/RetinalOCT_Dataset/train/NORMAL/normal_train_1937.jpg,0,496x512
train,NORMAL,/media/miglab/DATA_20TB1/OCT/archive/RetinalOCT_Dataset/RetinalOCT_Dataset/train/NORMAL/normal_train_1614.jpg,0,496x512
train,NORMAL,/media/miglab/DATA_20TB1/OCT/archive/RetinalOCT_Dataset/RetinalOCT_Dataset/train/NORMAL/normal_train_1851.jpg,0,496x512
train,NORMAL,/media/miglab/DATA_20TB1/OCT/archive/RetinalOCT_Dataset/RetinalOCT_Dataset/train/NORMAL/normal_train_1119.jpg,0,512x512
train,NORMAL,/media/miglab/DATA_20TB1/OCT/archive/RetinalOCT_Dataset/RetinalOCT_Dataset/train/NORMAL/normal_train_2473.jpg,0,496x768
train,NORMAL,/media/miglab/DATA_20TB1/OCT/archive/RetinalOCT_Dataset/RetinalOCT_Dataset/train/NORMAL/normal_train_1496.jpg,0,496x768
train,NORMAL,/media/miglab/DATA_20TB1/OCT/archive/RetinalOCT_Dataset/RetinalOCT_Dataset/train/NORMAL/normal_train_3038.jpg,0,496x512
train,NORMAL,/media/miglab/DATA_20TB1/OCT/archive/RetinalOCT_Dataset/RetinalOCT_Dataset/train/NORMAL/normal_train_3175.jpg,0,496x512
train,NORMAL,/media/miglab/DATA_20TB1/OCT/archive/RetinalOCT_Dataset/RetinalOCT_Dataset/train/NORMAL/normal_train_2617.jpg,0,512x512
train,NORMAL,/media/miglab/DATA_20TB1/OCT/archive/RetinalOCT_Dataset/RetinalOCT_Dataset/train/NORMAL/normal_train_1280.jpg,0,496x768
train,NORMAL,/media/miglab/DATA_20TB1/OCT/archive/RetinalOCT_Dataset/RetinalOCT_Dataset/train/NORMAL/normal_train_3105.jpg,0,496x512
train,NORMAL,/media/miglab/DATA_20TB1/OCT/archive/RetinalOCT_Dataset/RetinalOCT_Dataset/train/NORMAL/normal_train_2993.jpg,0,496x512
train,NORMAL,/media/miglab/DATA_20TB1/OCT/archive/RetinalOCT_Dataset/RetinalOCT_Dataset/train/NORMAL/normal_train_2327.jpg,0,496x768
train,NORMAL,/media/miglab/DATA_20TB1/OCT/archive/RetinalOCT_Dataset/RetinalOCT_Dataset/train/NORMAL/normal_train_3282.jpg,0,496x512
train,NORMAL,/media/miglab/DATA_20TB1/OCT/archive/RetinalOCT_Dataset/RetinalOCT_Dataset/train/NORMAL/normal_train_3110.jpg,0,496x512
train,NORMAL,/media/miglab/DATA_20TB1/OCT/archive/RetinalOCT_Dataset/RetinalOCT_Dataset/train/NORMAL/normal_train_1167.jpg,0,496x512
train,NORMAL,/media/miglab/DATA_20TB1/OCT/archive/RetinalOCT_Dataset/RetinalOCT_Dataset/train/NORMAL/normal_train_1877.jpg,0,496x768
train,NORMAL,/media/miglab/DATA_20TB1/OCT/archive/RetinalOCT_Dataset/RetinalOCT_Dataset/train/NORMAL/normal_train_1672.jpg,0,512x512
train,NORMAL,/media/miglab/DATA_20TB1/OCT/archive/RetinalOCT_Dataset/RetinalOCT_Dataset/train/NORMAL/normal_train_1507.jpg,0,496x512
train,NORMAL,/media/miglab/DATA_20TB1/OCT/archive/RetinalOCT_Dataset/RetinalOCT_Dataset/train/NORMAL/normal_train_3292.jpg,0,496x512
train,NORMAL,/media/miglab/DATA_20TB1/OCT/archive/RetinalOCT_Dataset/RetinalOCT_Dataset/train/NORMAL/normal_train_1674.jpg,0,512x512
train,NORMAL,/media/miglab/DATA_20TB1/OCT/archive/RetinalOCT_Dataset/RetinalOCT_Dataset/train/NORMAL/normal_train_2678.jpg,0,496x768
train,NORMAL,/media/miglab/DATA_20TB1/OCT/archive/RetinalOCT_Dataset/RetinalOCT_Dataset/train/NORMAL/normal_train_2894.jpg,0,496x512
train,NORMAL,/media/miglab/DATA_20TB1/OCT/archive/RetinalOCT_Dataset/RetinalOCT_Dataset/train/NORMAL/normal_train_2603.jpg,0,512x512
train,NORMAL,/media/miglab/DATA_20TB1/OCT/archive/RetinalOCT_Dataset/RetinalOCT_Dataset/train/NORMAL/normal_train_1470.jpg,0,496x512
train,NORMAL,/media/miglab/DATA_20TB1/OCT/archive/RetinalOCT_Dataset/RetinalOCT_Dataset/train/NORMAL/normal_train_1980.jpg,0,496x512
train,NORMAL,/media/miglab/DATA_20TB1/OCT/archive/RetinalOCT_Dataset/RetinalOCT_Dataset/train/NORMAL/normal_train_3155.jpg,0,496x512
train,NORMAL,/media/miglab/DATA_20TB1/OCT/archive/RetinalOCT_Dataset/RetinalOCT_Dataset/train/NORMAL/normal_train_1909.jpg,0,496x512
train,NORMAL,/media/miglab/DATA_20TB1/OCT/archive/RetinalOCT_Dataset/RetinalOCT_Dataset/train/NORMAL/normal_train_2523.jpg,0,512x512
train,NORMAL,/media/miglab/DATA_20TB1/OCT/archive/RetinalOCT_Dataset/RetinalOCT_Dataset/train/NORMAL/normal_train_1026.jpg,0,496x512
train,NORMAL,/media/miglab/DATA_20TB1/OCT/archive/RetinalOCT_Dataset/RetinalOCT_Dataset/train/NORMAL/normal_train_1595.jpg,0,496x768
train,NORMAL,/media/miglab/DATA_20TB1/OCT/archive/RetinalOCT_Dataset/RetinalOCT_Dataset/train/NORMAL/normal_train_1445.jpg,0,496x512
train,NORMAL,/media/miglab/DATA_20TB1/OCT/archive/RetinalOCT_Dataset/RetinalOCT_Dataset/train/NORMAL/normal_train_2631.jpg,0,512x512
train,NORMAL,/media/miglab/DATA_20TB1/OCT/archive/RetinalOCT_Dataset/RetinalOCT_Dataset/train/NORMAL/normal_train_1038.jpg,0,496x512
train,NORMAL,/media/miglab/DATA_20TB1/OCT/archive/RetinalOCT_Dataset/RetinalOCT_Dataset/train/NORMAL/normal_train_2687.jpg,0,496x512
train,NORMAL,/media/miglab/DATA_20TB1/OCT/archive/RetinalOCT_Dataset/RetinalOCT_Dataset/train/NORMAL/normal_train_2728.jpg,0,496x512
train,NORMAL,/media/miglab/DATA_20TB1/OCT/archive/RetinalOCT_Dataset/RetinalOCT_Dataset/train/NORMAL/normal_train_1380.jpg,0,496x768
train,NORMAL,/media/miglab/DATA_20TB1/OCT/archive/RetinalOCT_Dataset/RetinalOCT_Dataset/train/NORMAL/normal_train_3006.jpg,0,496x512
train,NORMAL,/media/miglab/DATA_20TB1/OCT/archive/RetinalOCT_Dataset/RetinalOCT_Dataset/train/NORMAL/normal_train_1364.jpg,0,496x512
train,NORMAL,/media/miglab/DATA_20TB1/OCT/archive/RetinalOCT_Dataset/RetinalOCT_Dataset/train/NORMAL/normal_train_1269.jpg,0,496x512
train,NORMAL,/media/miglab/DATA_20TB1/OCT/archive/RetinalOCT_Dataset/RetinalOCT_Dataset/train/NORMAL/normal_train_1352.jpg,0,496x512
train,NORMAL,/media/miglab/DATA_20TB1/OCT/archive/RetinalOCT_Dataset/RetinalOCT_Dataset/train/NORMAL/normal_train_1729.jpg,0,512x512
train,NORMAL,/media/miglab/DATA_20TB1/OCT/archive/RetinalOCT_Dataset/RetinalOCT_Dataset/train/NORMAL/normal_train_1442.jpg,0,496x768
train,NORMAL,/media/miglab/DATA_20TB1/OCT/archive/RetinalOCT_Dataset/RetinalOCT_Dataset/train/NORMAL/normal_train_1285.jpg,0,512x512
train,NORMAL,/media/miglab/DATA_20TB1/OCT/archive/RetinalOCT_Dataset/RetinalOCT_Dataset/train/NORMAL/normal_train_2049.jpg,0,512x512
train,NORMAL,/media/miglab/DATA_20TB1/OCT/archive/RetinalOCT_Dataset/RetinalOCT_Dataset/train/NORMAL/normal_train_1961.jpg,0,496x512
train,NORMAL,/media/miglab/DATA_20TB1/OCT/archive/RetinalOCT_Dataset/RetinalOCT_Dataset/train/NORMAL/normal_train_1252.jpg,0,496x512
train,NORMAL,/media/miglab/DATA_20TB1/OCT/archive/RetinalOCT_Dataset/RetinalOCT_Dataset/train/NORMAL/normal_train_2627.jpg,0,512x512
train,NORMAL,/media/miglab/DATA_20TB1/OCT/archive/RetinalOCT_Dataset/RetinalOCT_Dataset/train/NORMAL/normal_train_2772.jpg,0,512x512
train,NORMAL,/media/miglab/DATA_20TB1/OCT/archive/RetinalOCT_Dataset/RetinalOCT_Dataset/train/NORMAL/normal_train_3138.jpg,0,496x768
train,NORMAL,/media/miglab/DATA_20TB1/OCT/archive/RetinalOCT_Dataset/RetinalOCT_Dataset/train/NORMAL/normal_train_2176.jpg,0,496x512
train,NORMAL,/media/miglab/DATA_20TB1/OCT/archive/RetinalOCT_Dataset/RetinalOCT_Dataset/train/NORMAL/normal_train_1025.jpg,0,496x768
train,NORMAL,/media/miglab/DATA_20TB1/OCT/archive/RetinalOCT_Dataset/RetinalOCT_Dataset/train/NORMAL/normal_train_2261.jpg,0,512x512
train,NORMAL,/media/miglab/DATA_20TB1/OCT/archive/RetinalOCT_Dataset/RetinalOCT_Dataset/train/NORMAL/normal_train_2635.jpg,0,512x512
train,NORMAL,/media/miglab/DATA_20TB1/OCT/archive/RetinalOCT_Dataset/RetinalOCT_Dataset/train/NORMAL/normal_train_1640.jpg,0,496x768
train,NORMAL,/media/miglab/DATA_20TB1/OCT/archive/RetinalOCT_Dataset/RetinalOCT_Dataset/train/NORMAL/normal_train_1503.jpg,0,496x512
train,NORMAL,/media/miglab/DATA_20TB1/OCT/archive/RetinalOCT_Dataset/RetinalOCT_Dataset/train/NORMAL/normal_train_1138.jpg,0,512x512
train,NORMAL,/media/miglab/DATA_20TB1/OCT/archive/RetinalOCT_Dataset/RetinalOCT_Dataset/train/NORMAL/normal_train_1984.jpg,0,496x512
train,NORMAL,/media/miglab/DATA_20TB1/OCT/archive/RetinalOCT_Dataset/RetinalOCT_Dataset/train/NORMAL/normal_train_1432.jpg,0,496x512
train,NORMAL,/media/miglab/DATA_20TB1/OCT/archive/RetinalOCT_Dataset/RetinalOCT_Dataset/train/NORMAL/normal_train_2822.jpg,0,496x768
train,NORMAL,/media/miglab/DATA_20TB1/OCT/archive/RetinalOCT_Dataset/RetinalOCT_Dataset/train/NORMAL/normal_train_2346.jpg,0,496x768
train,NORMAL,/media/miglab/DATA_20TB1/OCT/archive/RetinalOCT_Dataset/RetinalOCT_Dataset/train/NORMAL/normal_train_1944.jpg,0,496x512
train,NORMAL,/media/miglab/DATA_20TB1/OCT/archive/RetinalOCT_Dataset/RetinalOCT_Dataset/train/NORMAL/normal_train_1460.jpg,0,496x512
train,NORMAL,/media/miglab/DATA_20TB1/OCT/archive/RetinalOCT_Dataset/RetinalOCT_Dataset/train/NORMAL/normal_train_1213.jpg,0,496x512
train,NORMAL,/media/miglab/DATA_20TB1/OCT/archive/RetinalOCT_Dataset/RetinalOCT_Dataset/train/NORMAL/normal_train_2141.jpg,0,496x512
train,NORMAL,/media/miglab/DATA_20TB1/OCT/archive/RetinalOCT_Dataset/RetinalOCT_Dataset/train/NORMAL/normal_train_1357.jpg,0,496x512
train,NORMAL,/media/miglab/DATA_20TB1/OCT/archive/RetinalOCT_Dataset/RetinalOCT_Dataset/train/NORMAL/normal_train_2126.jpg,0,512x512
train,NORMAL,/media/miglab/DATA_20TB1/OCT/archive/RetinalOCT_Dataset/RetinalOCT_Dataset/train/NORMAL/normal_train_2912.jpg,0,496x512
train,NORMAL,/media/miglab/DATA_20TB1/OCT/archive/RetinalOCT_Dataset/RetinalOCT_Dataset/train/NORMAL/normal_train_2404.jpg,0,512x512
train,NORMAL,/media/miglab/DATA_20TB1/OCT/archive/RetinalOCT_Dataset/RetinalOCT_Dataset/train/NORMAL/normal_train_2737.jpg,0,496x768
train,NORMAL,/media/miglab/DATA_20TB1/OCT/archive/RetinalOCT_Dataset/RetinalOCT_Dataset/train/NORMAL/normal_train_2407.jpg,0,512x512
train,NORMAL,/media/miglab/DATA_20TB1/OCT/archive/RetinalOCT_Dataset/RetinalOCT_Dataset/train/NORMAL/normal_train_2552.jpg,0,496x768
train,NORMAL,/media/miglab/DATA_20TB1/OCT/archive/RetinalOCT_Dataset/RetinalOCT_Dataset/train/NORMAL/normal_train_1466.jpg,0,496x512
train,NORMAL,/media/miglab/DATA_20TB1/OCT/archive/RetinalOCT_Dataset/RetinalOCT_Dataset/train/NORMAL/normal_train_1687.jpg,0,512x512
train,NORMAL,/media/miglab/DATA_20TB1/OCT/archive/RetinalOCT_Dataset/RetinalOCT_Dataset/train/NORMAL/normal_train_1443.jpg,0,496x512
train,NORMAL,/media/miglab/DATA_20TB1/OCT/archive/RetinalOCT_Dataset/RetinalOCT_Dataset/train/NORMAL/normal_train_1609.jpg,0,496x768
train,NORMAL,/media/miglab/DATA_20TB1/OCT/archive/RetinalOCT_Dataset/RetinalOCT_Dataset/train/NORMAL/normal_train_3020.jpg,0,496x768
train,NORMAL,/media/miglab/DATA_20TB1/OCT/archive/RetinalOCT_Dataset/RetinalOCT_Dataset/train/NORMAL/normal_train_1415.jpg,0,496x768
train,NORMAL,/media/miglab/DATA_20TB1/OCT/archive/RetinalOCT_Dataset/RetinalOCT_Dataset/train/NORMAL/normal_train_1675.jpg,0,512x512
train,NORMAL,/media/miglab/DATA_20TB1/OCT/archive/RetinalOCT_Dataset/RetinalOCT_Dataset/train/NORMAL/normal_train_2420.jpg,0,512x512
train,NORMAL,/media/miglab/DATA_20TB1/OCT/archive/RetinalOCT_Dataset/RetinalOCT_Dataset/train/NORMAL/normal_train_1790.jpg,0,496x512
train,NORMAL,/media/miglab/DATA_20TB1/OCT/archive/RetinalOCT_Dataset/RetinalOCT_Dataset/train/NORMAL/normal_train_3055.jpg,0,496x768
train,NORMAL,/media/miglab/DATA_20TB1/OCT/archive/RetinalOCT_Dataset/RetinalOCT_Dataset/train/NORMAL/normal_train_2095.jpg,0,496x768
train,NORMAL,/media/miglab/DATA_20TB1/OCT/archive/RetinalOCT_Dataset/RetinalOCT_Dataset/train/NORMAL/normal_train_3174.jpg,0,496x768
train,NORMAL,/media/miglab/DATA_20TB1/OCT/archive/RetinalOCT_Dataset/RetinalOCT_Dataset/train/NORMAL/normal_train_3142.jpg,0,496x768
train,NORMAL,/media/miglab/DATA_20TB1/OCT/archive/RetinalOCT_Dataset/RetinalOCT_Dataset/train/NORMAL/normal_train_1712.jpg,0,512x512
train,NORMAL,/media/miglab/DATA_20TB1/OCT/archive/RetinalOCT_Dataset/RetinalOCT_Dataset/train/NORMAL/normal_train_1233.jpg,0,496x768
train,NORMAL,/media/miglab/DATA_20TB1/OCT/archive/RetinalOCT_Dataset/RetinalOCT_Dataset/train/NORMAL/normal_train_2212.jpg,0,512x512
train,NORMAL,/media/miglab/DATA_20TB1/OCT/archive/RetinalOCT_Dataset/RetinalOCT_Dataset/train/NORMAL/normal_train_3182.jpg,0,496x768
train,NORMAL,/media/miglab/DATA_20TB1/OCT/archive/RetinalOCT_Dataset/RetinalOCT_Dataset/train/NORMAL/normal_train_2926.jpg,0,512x512
train,NORMAL,/media/miglab/DATA_20TB1/OCT/archive/RetinalOCT_Dataset/RetinalOCT_Dataset/train/NORMAL/normal_train_1053.jpg,0,496x768
train,NORMAL,/media/miglab/DATA_20TB1/OCT/archive/RetinalOCT_Dataset/RetinalOCT_Dataset/train/NORMAL/normal_train_3196.jpg,0,496x768
train,NORMAL,/media/miglab/DATA_20TB1/OCT/archive/RetinalOCT_Dataset/RetinalOCT_Dataset/train/NORMAL/normal_train_2082.jpg,0,496x512
train,NORMAL,/media/miglab/DATA_20TB1/OCT/archive/RetinalOCT_Dataset/RetinalOCT_Dataset/train/NORMAL/normal_train_1082.jpg,0,512x512
train,NORMAL,/media/miglab/DATA_20TB1/OCT/archive/RetinalOCT_Dataset/RetinalOCT_Dataset/train/NORMAL/normal_train_1272.jpg,0,496x512
train,NORMAL,/media/miglab/DATA_20TB1/OCT/archive/RetinalOCT_Dataset/RetinalOCT_Dataset/train/NORMAL/normal_train_2035.jpg,0,496x512
train,NORMAL,/media/miglab/DATA_20TB1/OCT/archive/RetinalOCT_Dataset/RetinalOCT_Dataset/train/NORMAL/normal_train_2959.jpg,0,512x512
train,NORMAL,/media/miglab/DATA_20TB1/OCT/archive/RetinalOCT_Dataset/RetinalOCT_Dataset/train/NORMAL/normal_train_1847.jpg,0,496x768
train,NORMAL,/media/miglab/DATA_20TB1/OCT/archive/RetinalOCT_Dataset/RetinalOCT_Dataset/train/NORMAL/normal_train_2927.jpg,0,512x512
train,NORMAL,/media/miglab/DATA_20TB1/OCT/archive/RetinalOCT_Dataset/RetinalOCT_Dataset/train/NORMAL/normal_train_2932.jpg,0,512x512
train,NORMAL,/media/miglab/DATA_20TB1/OCT/archive/RetinalOCT_Dataset/RetinalOCT_Dataset/train/NORMAL/normal_train_1804.jpg,0,496x512
train,NORMAL,/media/miglab/DATA_20TB1/OCT/archive/RetinalOCT_Dataset/RetinalOCT_Dataset/train/NORMAL/normal_train_1709.jpg,0,512x512
train,NORMAL,/media/miglab/DATA_20TB1/OCT/archive/RetinalOCT_Dataset/RetinalOCT_Dataset/train/NORMAL/normal_train_1459.jpg,0,496x768
train,NORMAL,/media/miglab/DATA_20TB1/OCT/archive/RetinalOCT_Dataset/RetinalOCT_Dataset/train/NORMAL/normal_train_2656.jpg,0,496x768
train,NORMAL,/media/miglab/DATA_20TB1/OCT/archive/RetinalOCT_Dataset/RetinalOCT_Dataset/train/NORMAL/normal_train_2907.jpg,0,496x512
train,NORMAL,/media/miglab/DATA_20TB1/OCT/archive/RetinalOCT_Dataset/RetinalOCT_Dataset/train/NORMAL/normal_train_2254.jpg,0,512x512
train,NORMAL,/media/miglab/DATA_20TB1/OCT/archive/RetinalOCT_Dataset/RetinalOCT_Dataset/train/NORMAL/normal_train_1769.jpg,0,496x768
train,NORMAL,/media/miglab/DATA_20TB1/OCT/archive/RetinalOCT_Dataset/RetinalOCT_Dataset/train/NORMAL/normal_train_3208.jpg,0,496x768
train,NORMAL,/media/miglab/DATA_20TB1/OCT/archive/RetinalOCT_Dataset/RetinalOCT_Dataset/train/NORMAL/normal_train_2618.jpg,0,512x512
train,NORMAL,/media/miglab/DATA_20TB1/OCT/archive/RetinalOCT_Dataset/RetinalOCT_Dataset/train/NORMAL/normal_train_3015.jpg,0,496x768
train,NORMAL,/media/miglab/DATA_20TB1/OCT/archive/RetinalOCT_Dataset/RetinalOCT_Dataset/train/NORMAL/normal_train_3095.jpg,0,496x512
train,NORMAL,/media/miglab/DATA_20TB1/OCT/archive/RetinalOCT_Dataset/RetinalOCT_Dataset/train/NORMAL/normal_train_2979.jpg,0,496x768
train,NORMAL,/media/miglab/DATA_20TB1/OCT/archive/RetinalOCT_Dataset/RetinalOCT_Dataset/train/NORMAL/normal_train_1602.jpg,0,496x512
train,NORMAL,/media/miglab/DATA_20TB1/OCT/archive/RetinalOCT_Dataset/RetinalOCT_Dataset/train/NORMAL/normal_train_1080.jpg,0,512x512
train,NORMAL,/media/miglab/DATA_20TB1/OCT/archive/RetinalOCT_Dataset/RetinalOCT_Dataset/train/NORMAL/normal_train_2808.jpg,0,496x512
train,NORMAL,/media/miglab/DATA_20TB1/OCT/archive/RetinalOCT_Dataset/RetinalOCT_Dataset/train/NORMAL/normal_train_1582.jpg,0,496x512
train,NORMAL,/media/miglab/DATA_20TB1/OCT/archive/RetinalOCT_Dataset/RetinalOCT_Dataset/train/NORMAL/normal_train_1549.jpg,0,496x512
train,NORMAL,/media/miglab/DATA_20TB1/OCT/archive/RetinalOCT_Dataset/RetinalOCT_Dataset/train/NORMAL/normal_train_3229.jpg,0,496x768
train,NORMAL,/media/miglab/DATA_20TB1/OCT/archive/RetinalOCT_Dataset/RetinalOCT_Dataset/train/NORMAL/normal_train_1832.jpg,0,496x512
train,NORMAL,/media/miglab/DATA_20TB1/OCT/archive/RetinalOCT_Dataset/RetinalOCT_Dataset/train/NORMAL/normal_train_1090.jpg,0,512x512
train,NORMAL,/media/miglab/DATA_20TB1/OCT/archive/RetinalOCT_Dataset/RetinalOCT_Dataset/train/NORMAL/normal_train_1677.jpg,0,512x512
train,NORMAL,/media/miglab/DATA_20TB1/OCT/archive/RetinalOCT_Dataset/RetinalOCT_Dataset/train/NORMAL/normal_train_2430.jpg,0,496x512
train,NORMAL,/media/miglab/DATA_20TB1/OCT/archive/RetinalOCT_Dataset/RetinalOCT_Dataset/train/NORMAL/normal_train_1799.jpg,0,496x512
train,NORMAL,/media/miglab/DATA_20TB1/OCT/archive/RetinalOCT_Dataset/RetinalOCT_Dataset/train/NORMAL/normal_train_1964.jpg,0,496x768
train,NORMAL,/media/miglab/DATA_20TB1/OCT/archive/RetinalOCT_Dataset/RetinalOCT_Dataset/train/NORMAL/normal_train_2949.jpg,0,512x512
train,NORMAL,/media/miglab/DATA_20TB1/OCT/archive/RetinalOCT_Dataset/RetinalOCT_Dataset/train/NORMAL/normal_train_1864.jpg,0,496x512
train,NORMAL,/media/miglab/DATA_20TB1/OCT/archive/RetinalOCT_Dataset/RetinalOCT_Dataset/train/NORMAL/normal_train_3037.jpg,0,496x512
train,NORMAL,/media/miglab/DATA_20TB1/OCT/archive/RetinalOCT_Dataset/RetinalOCT_Dataset/train/NORMAL/normal_train_1275.jpg,0,512x512
train,NORMAL,/media/miglab/DATA_20TB1/OCT/archive/RetinalOCT_Dataset/RetinalOCT_Dataset/train/NORMAL/normal_train_3048.jpg,0,512x512
train,NORMAL,/media/miglab/DATA_20TB1/OCT/archive/RetinalOCT_Dataset/RetinalOCT_Dataset/train/NORMAL/normal_train_1012.jpg,0,496x512
train,NORMAL,/media/miglab/DATA_20TB1/OCT/archive/RetinalOCT_Dataset/RetinalOCT_Dataset/train/NORMAL/normal_train_1705.jpg,0,512x512
train,NORMAL,/media/miglab/DATA_20TB1/OCT/archive/RetinalOCT_Dataset/RetinalOCT_Dataset/train/NORMAL/normal_train_2730.jpg,0,496x512
train,NORMAL,/media/miglab/DATA_20TB1/OCT/archive/RetinalOCT_Dataset/RetinalOCT_Dataset/train/NORMAL/normal_train_1414.jpg,0,496x512
train,NORMAL,/media/miglab/DATA_20TB1/OCT/archive/RetinalOCT_Dataset/RetinalOCT_Dataset/train/NORMAL/normal_train_1058.jpg,0,496x768
train,NORMAL,/media/miglab/DATA_20TB1/OCT/archive/RetinalOCT_Dataset/RetinalOCT_Dataset/train/NORMAL/normal_train_1378.jpg,0,496x512
train,NORMAL,/media/miglab/DATA_20TB1/OCT/archive/RetinalOCT_Dataset/RetinalOCT_Dataset/train/NORMAL/normal_train_2975.jpg,0,496x512
train,NORMAL,/media/miglab/DATA_20TB1/OCT/archive/RetinalOCT_Dataset/RetinalOCT_Dataset/train/NORMAL/normal_train_1655.jpg,0,496x512
train,NORMAL,/media/miglab/DATA_20TB1/OCT/archive/RetinalOCT_Dataset/RetinalOCT_Dataset/train/NORMAL/normal_train_1160.jpg,0,496x768
train,NORMAL,/media/miglab/DATA_20TB1/OCT/archive/RetinalOCT_Dataset/RetinalOCT_Dataset/train/NORMAL/normal_train_1283.jpg,0,496x512
train,NORMAL,/media/miglab/DATA_20TB1/OCT/archive/RetinalOCT_Dataset/RetinalOCT_Dataset/train/NORMAL/normal_train_2429.jpg,0,512x512
train,NORMAL,/media/miglab/DATA_20TB1/OCT/archive/RetinalOCT_Dataset/RetinalOCT_Dataset/train/NORMAL/normal_train_2050.jpg,0,512x512
train,NORMAL,/media/miglab/DATA_20TB1/OCT/archive/RetinalOCT_Dataset/RetinalOCT_Dataset/train/NORMAL/normal_train_1256.jpg,0,496x768
train,NORMAL,/media/miglab/DATA_20TB1/OCT/archive/RetinalOCT_Dataset/RetinalOCT_Dataset/train/NORMAL/normal_train_2620.jpg,0,496x768
train,NORMAL,/media/miglab/DATA_20TB1/OCT/archive/RetinalOCT_Dataset/RetinalOCT_Dataset/train/NORMAL/normal_train_1448.jpg,0,496x768
train,NORMAL,/media/miglab/DATA_20TB1/OCT/archive/RetinalOCT_Dataset/RetinalOCT_Dataset/train/NORMAL/normal_train_3270.jpg,0,496x512
train,NORMAL,/media/miglab/DATA_20TB1/OCT/archive/RetinalOCT_Dataset/RetinalOCT_Dataset/train/NORMAL/normal_train_2531.jpg,0,496x512
train,NORMAL,/media/miglab/DATA_20TB1/OCT/archive/RetinalOCT_Dataset/RetinalOCT_Dataset/train/NORMAL/normal_train_1245.jpg,0,512x512
train,NORMAL,/media/miglab/DATA_20TB1/OCT/archive/RetinalOCT_Dataset/RetinalOCT_Dataset/train/NORMAL/normal_train_1889.jpg,0,496x512
train,NORMAL,/media/miglab/DATA_20TB1/OCT/archive/RetinalOCT_Dataset/RetinalOCT_Dataset/train/NORMAL/normal_train_2545.jpg,0,496x512
train,NORMAL,/media/miglab/DATA_20TB1/OCT/archive/RetinalOCT_Dataset/RetinalOCT_Dataset/train/NORMAL/normal_train_1855.jpg,0,496x512
train,NORMAL,/media/miglab/DATA_20TB1/OCT/archive/RetinalOCT_Dataset/RetinalOCT_Dataset/train/NORMAL/normal_train_2698.jpg,0,496x768
train,NORMAL,/media/miglab/DATA_20TB1/OCT/archive/RetinalOCT_Dataset/RetinalOCT_Dataset/train/NORMAL/normal_train_1995.jpg,0,496x768
train,NORMAL,/media/miglab/DATA_20TB1/OCT/archive/RetinalOCT_Dataset/RetinalOCT_Dataset/train/NORMAL/normal_train_3022.jpg,0,496x768
train,NORMAL,/media/miglab/DATA_20TB1/OCT/archive/RetinalOCT_Dataset/RetinalOCT_Dataset/train/NORMAL/normal_train_2494.jpg,0,496x768
train,NORMAL,/media/miglab/DATA_20TB1/OCT/archive/RetinalOCT_Dataset/RetinalOCT_Dataset/train/NORMAL/normal_train_2425.jpg,0,496x768
train,NORMAL,/media/miglab/DATA_20TB1/OCT/archive/RetinalOCT_Dataset/RetinalOCT_Dataset/train/NORMAL/normal_train_2670.jpg,0,496x768
train,NORMAL,/media/miglab/DATA_20TB1/OCT/archive/RetinalOCT_Dataset/RetinalOCT_Dataset/train/NORMAL/normal_train_1850.jpg,0,496x512
train,NORMAL,/media/miglab/DATA_20TB1/OCT/archive/RetinalOCT_Dataset/RetinalOCT_Dataset/train/NORMAL/normal_train_1587.jpg,0,512x512
train,NORMAL,/media/miglab/DATA_20TB1/OCT/archive/RetinalOCT_Dataset/RetinalOCT_Dataset/train/NORMAL/normal_train_1947.jpg,0,496x512
train,NORMAL,/media/miglab/DATA_20TB1/OCT/archive/RetinalOCT_Dataset/RetinalOCT_Dataset/train/NORMAL/normal_train_1081.jpg,0,512x512
train,NORMAL,/media/miglab/DATA_20TB1/OCT/archive/RetinalOCT_Dataset/RetinalOCT_Dataset/train/NORMAL/normal_train_2377.jpg,0,512x512
train,NORMAL,/media/miglab/DATA_20TB1/OCT/archive/RetinalOCT_Dataset/RetinalOCT_Dataset/train/NORMAL/normal_train_1726.jpg,0,512x512
train,NORMAL,/media/miglab/DATA_20TB1/OCT/archive/RetinalOCT_Dataset/RetinalOCT_Dataset/train/NORMAL/normal_train_1054.jpg,0,496x768
train,NORMAL,/media/miglab/DATA_20TB1/OCT/archive/RetinalOCT_Dataset/RetinalOCT_Dataset/train/NORMAL/normal_train_2653.jpg,0,496x512
train,NORMAL,/media/miglab/DATA_20TB1/OCT/archive/RetinalOCT_Dataset/RetinalOCT_Dataset/train/NORMAL/normal_train_2515.jpg,0,496x512
train,NORMAL,/media/miglab/DATA_20TB1/OCT/archive/RetinalOCT_Dataset/RetinalOCT_Dataset/train/NORMAL/normal_train_2558.jpg,0,496x512
train,NORMAL,/media/miglab/DATA_20TB1/OCT/archive/RetinalOCT_Dataset/RetinalOCT_Dataset/train/NORMAL/normal_train_1929.jpg,0,496x512
train,NORMAL,/media/miglab/DATA_20TB1/OCT/archive/RetinalOCT_Dataset/RetinalOCT_Dataset/train/NORMAL/normal_train_3141.jpg,0,496x512
train,NORMAL,/media/miglab/DATA_20TB1/OCT/archive/RetinalOCT_Dataset/RetinalOCT_Dataset/train/NORMAL/normal_train_2491.jpg,0,496x512
train,NORMAL,/media/miglab/DATA_20TB1/OCT/archive/RetinalOCT_Dataset/RetinalOCT_Dataset/train/NORMAL/normal_train_1700.jpg,0,512x512
train,NORMAL,/media/miglab/DATA_20TB1/OCT/archive/RetinalOCT_Dataset/RetinalOCT_Dataset/train/NORMAL/normal_train_1824.jpg,0,496x512
train,NORMAL,/media/miglab/DATA_20TB1/OCT/archive/RetinalOCT_Dataset/RetinalOCT_Dataset/train/NORMAL/normal_train_1418.jpg,0,496x512
train,NORMAL,/media/miglab/DATA_20TB1/OCT/archive/RetinalOCT_Dataset/RetinalOCT_Dataset/train/NORMAL/normal_train_1993.jpg,0,496x512
train,NORMAL,/media/miglab/DATA_20TB1/OCT/archive/RetinalOCT_Dataset/RetinalOCT_Dataset/train/NORMAL/normal_train_3117.jpg,0,496x768
train,NORMAL,/media/miglab/DATA_20TB1/OCT/archive/RetinalOCT_Dataset/RetinalOCT_Dataset/train/NORMAL/normal_train_3241.jpg,0,496x768
train,NORMAL,/media/miglab/DATA_20TB1/OCT/archive/RetinalOCT_Dataset/RetinalOCT_Dataset/train/NORMAL/normal_train_2243.jpg,0,496x512
train,NORMAL,/media/miglab/DATA_20TB1/OCT/archive/RetinalOCT_Dataset/RetinalOCT_Dataset/train/NORMAL/normal_train_3287.jpg,0,512x512
train,NORMAL,/media/miglab/DATA_20TB1/OCT/archive/RetinalOCT_Dataset/RetinalOCT_Dataset/train/NORMAL/normal_train_2419.jpg,0,512x512
train,NORMAL,/media/miglab/DATA_20TB1/OCT/archive/RetinalOCT_Dataset/RetinalOCT_Dataset/train/NORMAL/normal_train_2769.jpg,0,512x512
train,NORMAL,/media/miglab/DATA_20TB1/OCT/archive/RetinalOCT_Dataset/RetinalOCT_Dataset/train/NORMAL/normal_train_3121.jpg,0,496x512
train,NORMAL,/media/miglab/DATA_20TB1/OCT/archive/RetinalOCT_Dataset/RetinalOCT_Dataset/train/NORMAL/normal_train_1221.jpg,0,496x512
train,NORMAL,/media/miglab/DATA_20TB1/OCT/archive/RetinalOCT_Dataset/RetinalOCT_Dataset/train/NORMAL/normal_train_1482.jpg,0,496x512
train,NORMAL,/media/miglab/DATA_20TB1/OCT/archive/RetinalOCT_Dataset/RetinalOCT_Dataset/train/NORMAL/normal_train_1867.jpg,0,496x512
train,NORMAL,/media/miglab/DATA_20TB1/OCT/archive/RetinalOCT_Dataset/RetinalOCT_Dataset/train/NORMAL/normal_train_2142.jpg,0,496x512
train,NORMAL,/media/miglab/DATA_20TB1/OCT/archive/RetinalOCT_Dataset/RetinalOCT_Dataset/train/NORMAL/normal_train_1743.jpg,0,512x512
train,NORMAL,/media/miglab/DATA_20TB1/OCT/archive/RetinalOCT_Dataset/RetinalOCT_Dataset/train/NORMAL/normal_train_2064.jpg,0,496x512
train,NORMAL,/media/miglab/DATA_20TB1/OCT/archive/RetinalOCT_Dataset/RetinalOCT_Dataset/train/NORMAL/normal_train_3261.jpg,0,496x512
train,NORMAL,/media/miglab/DATA_20TB1/OCT/archive/RetinalOCT_Dataset/RetinalOCT_Dataset/train/NORMAL/normal_train_2166.jpg,0,496x512
train,NORMAL,/media/miglab/DATA_20TB1/OCT/archive/RetinalOCT_Dataset/RetinalOCT_Dataset/train/NORMAL/normal_train_3227.jpg,0,512x512
train,NORMAL,/media/miglab/DATA_20TB1/OCT/archive/RetinalOCT_Dataset/RetinalOCT_Dataset/train/NORMAL/normal_train_1089.jpg,0,512x512
train,NORMAL,/media/miglab/DATA_20TB1/OCT/archive/RetinalOCT_Dataset/RetinalOCT_Dataset/train/NORMAL/normal_train_1814.jpg,0,496x768
train,NORMAL,/media/miglab/DATA_20TB1/OCT/archive/RetinalOCT_Dataset/RetinalOCT_Dataset/train/NORMAL/normal_train_2250.jpg,0,496x512
train,NORMAL,/media/miglab/DATA_20TB1/OCT/archive/RetinalOCT_Dataset/RetinalOCT_Dataset/train/NORMAL/normal_train_1527.jpg,0,496x512
train,NORMAL,/media/miglab/DATA_20TB1/OCT/archive/RetinalOCT_Dataset/RetinalOCT_Dataset/train/NORMAL/normal_train_2257.jpg,0,496x768
train,NORMAL,/media/miglab/DATA_20TB1/OCT/archive/RetinalOCT_Dataset/RetinalOCT_Dataset/train/NORMAL/normal_train_2415.jpg,0,512x512
train,NORMAL,/media/miglab/DATA_20TB1/OCT/archive/RetinalOCT_Dataset/RetinalOCT_Dataset/train/NORMAL/normal_train_2740.jpg,0,496x512
train,NORMAL,/media/miglab/DATA_20TB1/OCT/archive/RetinalOCT_Dataset/RetinalOCT_Dataset/train/NORMAL/normal_train_3299.jpg,0,512x512
train,NORMAL,/media/miglab/DATA_20TB1/OCT/archive/RetinalOCT_Dataset/RetinalOCT_Dataset/train/NORMAL/normal_train_1755.jpg,0,512x512
train,NORMAL,/media/miglab/DATA_20TB1/OCT/archive/RetinalOCT_Dataset/RetinalOCT_Dataset/train/NORMAL/normal_train_1718.jpg,0,512x512
train,NORMAL,/media/miglab/DATA_20TB1/OCT/archive/RetinalOCT_Dataset/RetinalOCT_Dataset/train/NORMAL/normal_train_1879.jpg,0,512x512
train,NORMAL,/media/miglab/DATA_20TB1/OCT/archive/RetinalOCT_Dataset/RetinalOCT_Dataset/train/NORMAL/normal_train_2867.jpg,0,496x768
train,NORMAL,/media/miglab/DATA_20TB1/OCT/archive/RetinalOCT_Dataset/RetinalOCT_Dataset/train/NORMAL/normal_train_2659.jpg,0,512x512
train,NORMAL,/media/miglab/DATA_20TB1/OCT/archive/RetinalOCT_Dataset/RetinalOCT_Dataset/train/NORMAL/normal_train_3177.jpg,0,496x768
train,NORMAL,/media/miglab/DATA_20TB1/OCT/archive/RetinalOCT_Dataset/RetinalOCT_Dataset/train/NORMAL/normal_train_1046.jpg,0,496x768
train,NORMAL,/media/miglab/DATA_20TB1/OCT/archive/RetinalOCT_Dataset/RetinalOCT_Dataset/train/NORMAL/normal_train_1679.jpg,0,512x512
train,NORMAL,/media/miglab/DATA_20TB1/OCT/archive/RetinalOCT_Dataset/RetinalOCT_Dataset/train/NORMAL/normal_train_2006.jpg,0,512x512
train,NORMAL,/media/miglab/DATA_20TB1/OCT/archive/RetinalOCT_Dataset/RetinalOCT_Dataset/train/NORMAL/normal_train_2755.jpg,0,496x512
train,NORMAL,/media/miglab/DATA_20TB1/OCT/archive/RetinalOCT_Dataset/RetinalOCT_Dataset/train/NORMAL/normal_train_2799.jpg,0,496x512
train,NORMAL,/media/miglab/DATA_20TB1/OCT/archive/RetinalOCT_Dataset/RetinalOCT_Dataset/train/NORMAL/normal_train_2189.jpg,0,496x768
train,NORMAL,/media/miglab/DATA_20TB1/OCT/archive/RetinalOCT_Dataset/RetinalOCT_Dataset/train/NORMAL/normal_train_1350.jpg,0,496x512
train,NORMAL,/media/miglab/DATA_20TB1/OCT/archive/RetinalOCT_Dataset/RetinalOCT_Dataset/train/NORMAL/normal_train_2844.jpg,0,496x512
train,NORMAL,/media/miglab/DATA_20TB1/OCT/archive/RetinalOCT_Dataset/RetinalOCT_Dataset/train/NORMAL/normal_train_3002.jpg,0,496x512
train,NORMAL,/media/miglab/DATA_20TB1/OCT/archive/RetinalOCT_Dataset/RetinalOCT_Dataset/train/NORMAL/normal_train_2079.jpg,0,496x768
train,NORMAL,/media/miglab/DATA_20TB1/OCT/archive/RetinalOCT_Dataset/RetinalOCT_Dataset/train/NORMAL/normal_train_2873.jpg,0,512x512
train,NORMAL,/media/miglab/DATA_20TB1/OCT/archive/RetinalOCT_Dataset/RetinalOCT_Dataset/train/NORMAL/normal_train_1279.jpg,0,496x512
train,NORMAL,/media/miglab/DATA_20TB1/OCT/archive/RetinalOCT_Dataset/RetinalOCT_Dataset/train/NORMAL/normal_train_2702.jpg,0,496x768
train,NORMAL,/media/miglab/DATA_20TB1/OCT/archive/RetinalOCT_Dataset/RetinalOCT_Dataset/train/NORMAL/normal_train_1751.jpg,0,512x512
train,NORMAL,/media/miglab/DATA_20TB1/OCT/archive/RetinalOCT_Dataset/RetinalOCT_Dataset/train/NORMAL/normal_train_2831.jpg,0,496x512
train,NORMAL,/media/miglab/DATA_20TB1/OCT/archive/RetinalOCT_Dataset/RetinalOCT_Dataset/train/NORMAL/normal_train_1391.jpg,0,496x512
train,NORMAL,/media/miglab/DATA_20TB1/OCT/archive/RetinalOCT_Dataset/RetinalOCT_Dataset/train/NORMAL/normal_train_1901.jpg,0,496x768
train,NORMAL,/media/miglab/DATA_20TB1/OCT/archive/RetinalOCT_Dataset/RetinalOCT_Dataset/train/NORMAL/normal_train_2997.jpg,0,496x768
train,NORMAL,/media/miglab/DATA_20TB1/OCT/archive/RetinalOCT_Dataset/RetinalOCT_Dataset/train/NORMAL/normal_train_1248.jpg,0,512x512
train,NORMAL,/media/miglab/DATA_20TB1/OCT/archive/RetinalOCT_Dataset/RetinalOCT_Dataset/train/NORMAL/normal_train_2151.jpg,0,496x768
train,NORMAL,/media/miglab/DATA_20TB1/OCT/archive/RetinalOCT_Dataset/RetinalOCT_Dataset/train/NORMAL/normal_train_3264.jpg,0,512x512
train,NORMAL,/media/miglab/DATA_20TB1/OCT/archive/RetinalOCT_Dataset/RetinalOCT_Dataset/train/NORMAL/normal_train_3149.jpg,0,496x512
train,NORMAL,/media/miglab/DATA_20TB1/OCT/archive/RetinalOCT_Dataset/RetinalOCT_Dataset/train/NORMAL/normal_train_2246.jpg,0,496x512
train,NORMAL,/media/miglab/DATA_20TB1/OCT/archive/RetinalOCT_Dataset/RetinalOCT_Dataset/train/NORMAL/normal_train_2204.jpg,0,496x512
train,NORMAL,/media/miglab/DATA_20TB1/OCT/archive/RetinalOCT_Dataset/RetinalOCT_Dataset/train/NORMAL/normal_train_1570.jpg,0,496x768
train,NORMAL,/media/miglab/DATA_20TB1/OCT/archive/RetinalOCT_Dataset/RetinalOCT_Dataset/train/NORMAL/normal_train_1958.jpg,0,496x512
train,NORMAL,/media/miglab/DATA_20TB1/OCT/archive/RetinalOCT_Dataset/RetinalOCT_Dataset/train/NORMAL/normal_train_1740.jpg,0,512x512
train,NORMAL,/media/miglab/DATA_20TB1/OCT/archive/RetinalOCT_Dataset/RetinalOCT_Dataset/train/NORMAL/normal_train_2813.jpg,0,512x512
train,NORMAL,/media/miglab/DATA_20TB1/OCT/archive/RetinalOCT_Dataset/RetinalOCT_Dataset/train/NORMAL/normal_train_2807.jpg,0,496x768
train,NORMAL,/media/miglab/DATA_20TB1/OCT/archive/RetinalOCT_Dataset/RetinalOCT_Dataset/train/NORMAL/normal_train_2113.jpg,0,496x512
train,NORMAL,/media/miglab/DATA_20TB1/OCT/archive/RetinalOCT_Dataset/RetinalOCT_Dataset/train/NORMAL/normal_train_2272.jpg,0,512x512
train,NORMAL,/media/miglab/DATA_20TB1/OCT/archive/RetinalOCT_Dataset/RetinalOCT_Dataset/train/NORMAL/normal_train_2902.jpg,0,496x512
train,NORMAL,/media/miglab/DATA_20TB1/OCT/archive/RetinalOCT_Dataset/RetinalOCT_Dataset/train/NORMAL/normal_train_2458.jpg,0,496x512
train,NORMAL,/media/miglab/DATA_20TB1/OCT/archive/RetinalOCT_Dataset/RetinalOCT_Dataset/train/NORMAL/normal_train_2814.jpg,0,512x512
train,NORMAL,/media/miglab/DATA_20TB1/OCT/archive/RetinalOCT_Dataset/RetinalOCT_Dataset/train/NORMAL/normal_train_1573.jpg,0,496x768
train,NORMAL,/media/miglab/DATA_20TB1/OCT/archive/RetinalOCT_Dataset/RetinalOCT_Dataset/train/NORMAL/normal_train_2714.jpg,0,512x512
train,NORMAL,/media/miglab/DATA_20TB1/OCT/archive/RetinalOCT_Dataset/RetinalOCT_Dataset/train/NORMAL/normal_train_1271.jpg,0,496x768
train,NORMAL,/media/miglab/DATA_20TB1/OCT/archive/RetinalOCT_Dataset/RetinalOCT_Dataset/train/NORMAL/normal_train_2842.jpg,0,496x512
train,NORMAL,/media/miglab/DATA_20TB1/OCT/archive/RetinalOCT_Dataset/RetinalOCT_Dataset/train/NORMAL/normal_train_2570.jpg,0,496x512
train,NORMAL,/media/miglab/DATA_20TB1/OCT/archive/RetinalOCT_Dataset/RetinalOCT_Dataset/train/NORMAL/normal_train_1022.jpg,0,496x512
train,NORMAL,/media/miglab/DATA_20TB1/OCT/archive/RetinalOCT_Dataset/RetinalOCT_Dataset/train/NORMAL/normal_train_3111.jpg,0,512x512
train,NORMAL,/media/miglab/DATA_20TB1/OCT/archive/RetinalOCT_Dataset/RetinalOCT_Dataset/train/NORMAL/normal_train_2761.jpg,0,496x768
train,NORMAL,/media/miglab/DATA_20TB1/OCT/archive/RetinalOCT_Dataset/RetinalOCT_Dataset/train/NORMAL/normal_train_1568.jpg,0,496x768
train,NORMAL,/media/miglab/DATA_20TB1/OCT/archive/RetinalOCT_Dataset/RetinalOCT_Dataset/train/NORMAL/normal_train_1918.jpg,0,496x512
train,NORMAL,/media/miglab/DATA_20TB1/OCT/archive/RetinalOCT_Dataset/RetinalOCT_Dataset/train/NORMAL/normal_train_2689.jpg,0,496x768
train,NORMAL,/media/miglab/DATA_20TB1/OCT/archive/RetinalOCT_Dataset/RetinalOCT_Dataset/train/NORMAL/normal_train_2171.jpg,0,496x512
train,NORMAL,/media/miglab/DATA_20TB1/OCT/archive/RetinalOCT_Dataset/RetinalOCT_Dataset/train/NORMAL/normal_train_1591.jpg,0,496x512
train,NORMAL,/media/miglab/DATA_20TB1/OCT/archive/RetinalOCT_Dataset/RetinalOCT_Dataset/train/NORMAL/normal_train_1787.jpg,0,496x512
train,NORMAL,/media/miglab/DATA_20TB1/OCT/archive/RetinalOCT_Dataset/RetinalOCT_Dataset/train/NORMAL/normal_train_1340.jpg,0,496x768
train,NORMAL,/media/miglab/DATA_20TB1/OCT/archive/RetinalOCT_Dataset/RetinalOCT_Dataset/train/NORMAL/normal_train_1237.jpg,0,496x512
train,NORMAL,/media/miglab/DATA_20TB1/OCT/archive/RetinalOCT_Dataset/RetinalOCT_Dataset/train/NORMAL/normal_train_2955.jpg,0,512x512
train,NORMAL,/media/miglab/DATA_20TB1/OCT/archive/RetinalOCT_Dataset/RetinalOCT_Dataset/train/NORMAL/normal_train_3103.jpg,0,496x512
train,NORMAL,/media/miglab/DATA_20TB1/OCT/archive/RetinalOCT_Dataset/RetinalOCT_Dataset/train/NORMAL/normal_train_1765.jpg,0,512x512
train,NORMAL,/media/miglab/DATA_20TB1/OCT/archive/RetinalOCT_Dataset/RetinalOCT_Dataset/train/NORMAL/normal_train_3145.jpg,0,512x512
train,NORMAL,/media/miglab/DATA_20TB1/OCT/archive/RetinalOCT_Dataset/RetinalOCT_Dataset/train/NORMAL/normal_train_1485.jpg,0,496x512
train,NORMAL,/media/miglab/DATA_20TB1/OCT/archive/RetinalOCT_Dataset/RetinalOCT_Dataset/train/NORMAL/normal_train_1014.jpg,0,496x768
train,NORMAL,/media/miglab/DATA_20TB1/OCT/archive/RetinalOCT_Dataset/RetinalOCT_Dataset/train/NORMAL/normal_train_2550.jpg,0,496x512
train,NORMAL,/media/miglab/DATA_20TB1/OCT/archive/RetinalOCT_Dataset/RetinalOCT_Dataset/train/NORMAL/normal_train_2584.jpg,0,496x768
train,NORMAL,/media/miglab/DATA_20TB1/OCT/archive/RetinalOCT_Dataset/RetinalOCT_Dataset/train/NORMAL/normal_train_3028.jpg,0,512x512
train,NORMAL,/media/miglab/DATA_20TB1/OCT/archive/RetinalOCT_Dataset/RetinalOCT_Dataset/train/NORMAL/normal_train_2271.jpg,0,512x512
train,NORMAL,/media/miglab/DATA_20TB1/OCT/archive/RetinalOCT_Dataset/RetinalOCT_Dataset/train/NORMAL/normal_train_2796.jpg,0,496x512
train,NORMAL,/media/miglab/DATA_20TB1/OCT/archive/RetinalOCT_Dataset/RetinalOCT_Dataset/train/NORMAL/normal_train_2248.jpg,0,512x512
train,NORMAL,/media/miglab/DATA_20TB1/OCT/archive/RetinalOCT_Dataset/RetinalOCT_Dataset/train/NORMAL/normal_train_2242.jpg,0,496x512
train,NORMAL,/media/miglab/DATA_20TB1/OCT/archive/RetinalOCT_Dataset/RetinalOCT_Dataset/train/NORMAL/normal_train_2489.jpg,0,496x512
train,NORMAL,/media/miglab/DATA_20TB1/OCT/archive/RetinalOCT_Dataset/RetinalOCT_Dataset/train/NORMAL/normal_train_1818.jpg,0,496x512
train,NORMAL,/media/miglab/DATA_20TB1/OCT/archive/RetinalOCT_Dataset/RetinalOCT_Dataset/train/NORMAL/normal_train_3180.jpg,0,496x768
train,NORMAL,/media/miglab/DATA_20TB1/OCT/archive/RetinalOCT_Dataset/RetinalOCT_Dataset/train/NORMAL/normal_train_2235.jpg,0,512x512
train,NORMAL,/media/miglab/DATA_20TB1/OCT/archive/RetinalOCT_Dataset/RetinalOCT_Dataset/train/NORMAL/normal_train_1215.jpg,0,496x512
train,NORMAL,/media/miglab/DATA_20TB1/OCT/archive/RetinalOCT_Dataset/RetinalOCT_Dataset/train/NORMAL/normal_train_3108.jpg,0,496x768
train,NORMAL,/media/miglab/DATA_20TB1/OCT/archive/RetinalOCT_Dataset/RetinalOCT_Dataset/train/NORMAL/normal_train_2067.jpg,0,496x768
train,NORMAL,/media/miglab/DATA_20TB1/OCT/archive/RetinalOCT_Dataset/RetinalOCT_Dataset/train/NORMAL/normal_train_2078.jpg,0,496x512
train,NORMAL,/media/miglab/DATA_20TB1/OCT/archive/RetinalOCT_Dataset/RetinalOCT_Dataset/train/NORMAL/normal_train_2080.jpg,0,496x512
train,NORMAL,/media/miglab/DATA_20TB1/OCT/archive/RetinalOCT_Dataset/RetinalOCT_Dataset/train/NORMAL/normal_train_1694.jpg,0,512x512
train,NORMAL,/media/miglab/DATA_20TB1/OCT/archive/RetinalOCT_Dataset/RetinalOCT_Dataset/train/NORMAL/normal_train_2460.jpg,0,496x768
train,NORMAL,/media/miglab/DATA_20TB1/OCT/archive/RetinalOCT_Dataset/RetinalOCT_Dataset/train/NORMAL/normal_train_3081.jpg,0,496x512
train,NORMAL,/media/miglab/DATA_20TB1/OCT/archive/RetinalOCT_Dataset/RetinalOCT_Dataset/train/NORMAL/normal_train_2363.jpg,0,496x768
train,NORMAL,/media/miglab/DATA_20TB1/OCT/archive/RetinalOCT_Dataset/RetinalOCT_Dataset/train/NORMAL/normal_train_1451.jpg,0,496x512
train,NORMAL,/media/miglab/DATA_20TB1/OCT/archive/RetinalOCT_Dataset/RetinalOCT_Dataset/train/NORMAL/normal_train_3278.jpg,0,496x768
train,NORMAL,/media/miglab/DATA_20TB1/OCT/archive/RetinalOCT_Dataset/RetinalOCT_Dataset/train/NORMAL/normal_train_1152.jpg,0,496x512
train,NORMAL,/media/miglab/DATA_20TB1/OCT/archive/RetinalOCT_Dataset/RetinalOCT_Dataset/train/NORMAL/normal_train_1899.jpg,0,496x512
train,NORMAL,/media/miglab/DATA_20TB1/OCT/archive/RetinalOCT_Dataset/RetinalOCT_Dataset/train/NORMAL/normal_train_1699.jpg,0,512x512
train,NORMAL,/media/miglab/DATA_20TB1/OCT/archive/RetinalOCT_Dataset/RetinalOCT_Dataset/train/NORMAL/normal_train_2561.jpg,0,496x512
train,NORMAL,/media/miglab/DATA_20TB1/OCT/archive/RetinalOCT_Dataset/RetinalOCT_Dataset/train/NORMAL/normal_train_3112.jpg,0,496x768
train,NORMAL,/media/miglab/DATA_20TB1/OCT/archive/RetinalOCT_Dataset/RetinalOCT_Dataset/train/NORMAL/normal_train_2910.jpg,0,496x512
train,NORMAL,/media/miglab/DATA_20TB1/OCT/archive/RetinalOCT_Dataset/RetinalOCT_Dataset/train/NORMAL/normal_train_2326.jpg,0,496x512
train,NORMAL,/media/miglab/DATA_20TB1/OCT/archive/RetinalOCT_Dataset/RetinalOCT_Dataset/train/NORMAL/normal_train_1806.jpg,0,496x512
train,NORMAL,/media/miglab/DATA_20TB1/OCT/archive/RetinalOCT_Dataset/RetinalOCT_Dataset/train/NORMAL/normal_train_1524.jpg,0,496x512
train,NORMAL,/media/miglab/DATA_20TB1/OCT/archive/RetinalOCT_Dataset/RetinalOCT_Dataset/train/NORMAL/normal_train_1429.jpg,0,496x512
train,NORMAL,/media/miglab/DATA_20TB1/OCT/archive/RetinalOCT_Dataset/RetinalOCT_Dataset/train/NORMAL/normal_train_1250.jpg,0,496x768
train,NORMAL,/media/miglab/DATA_20TB1/OCT/archive/RetinalOCT_Dataset/RetinalOCT_Dataset/train/NORMAL/normal_train_2109.jpg,0,496x768
train,NORMAL,/media/miglab/DATA_20TB1/OCT/archive/RetinalOCT_Dataset/RetinalOCT_Dataset/train/NORMAL/normal_train_3066.jpg,0,496x768
train,NORMAL,/media/miglab/DATA_20TB1/OCT/archive/RetinalOCT_Dataset/RetinalOCT_Dataset/train/NORMAL/normal_train_3090.jpg,0,496x768
train,NORMAL,/media/miglab/DATA_20TB1/OCT/archive/RetinalOCT_Dataset/RetinalOCT_Dataset/train/NORMAL/normal_train_1355.jpg,0,496x512
train,NORMAL,/media/miglab/DATA_20TB1/OCT/archive/RetinalOCT_Dataset/RetinalOCT_Dataset/train/NORMAL/normal_train_2990.jpg,0,496x768
train,NORMAL,/media/miglab/DATA_20TB1/OCT/archive/RetinalOCT_Dataset/RetinalOCT_Dataset/train/NORMAL/normal_train_1329.jpg,0,496x512
train,NORMAL,/media/miglab/DATA_20TB1/OCT/archive/RetinalOCT_Dataset/RetinalOCT_Dataset/train/NORMAL/normal_train_2518.jpg,0,496x512
train,NORMAL,/media/miglab/DATA_20TB1/OCT/archive/RetinalOCT_Dataset/RetinalOCT_Dataset/train/NORMAL/normal_train_2779.jpg,0,496x512
train,NORMAL,/media/miglab/DATA_20TB1/OCT/archive/RetinalOCT_Dataset/RetinalOCT_Dataset/train/NORMAL/normal_train_2244.jpg,0,496x768
train,NORMAL,/media/miglab/DATA_20TB1/OCT/archive/RetinalOCT_Dataset/RetinalOCT_Dataset/train/NORMAL/normal_train_1061.jpg,0,496x512
train,NORMAL,/media/miglab/DATA_20TB1/OCT/archive/RetinalOCT_Dataset/RetinalOCT_Dataset/train/NORMAL/normal_train_3170.jpg,0,496x512
train,NORMAL,/media/miglab/DATA_20TB1/OCT/archive/RetinalOCT_Dataset/RetinalOCT_Dataset/train/NORMAL/normal_train_2457.jpg,0,496x512
train,NORMAL,/media/miglab/DATA_20TB1/OCT/archive/RetinalOCT_Dataset/RetinalOCT_Dataset/train/NORMAL/normal_train_2677.jpg,0,496x512
train,NORMAL,/media/miglab/DATA_20TB1/OCT/archive/RetinalOCT_Dataset/RetinalOCT_Dataset/train/NORMAL/normal_train_2924.jpg,0,496x512
train,NORMAL,/media/miglab/DATA_20TB1/OCT/archive/RetinalOCT_Dataset/RetinalOCT_Dataset/train/NORMAL/normal_train_2697.jpg,0,496x512
train,NORMAL,/media/miglab/DATA_20TB1/OCT/archive/RetinalOCT_Dataset/RetinalOCT_Dataset/train/NORMAL/normal_train_1630.jpg,0,496x512
train,NORMAL,/media/miglab/DATA_20TB1/OCT/archive/RetinalOCT_Dataset/RetinalOCT_Dataset/train/NORMAL/normal_train_1382.jpg,0,496x512
train,NORMAL,/media/miglab/DATA_20TB1/OCT/archive/RetinalOCT_Dataset/RetinalOCT_Dataset/train/NORMAL/normal_train_2334.jpg,0,496x768
train,NORMAL,/media/miglab/DATA_20TB1/OCT/archive/RetinalOCT_Dataset/RetinalOCT_Dataset/train/NORMAL/normal_train_2289.jpg,0,496x768
train,NORMAL,/media/miglab/DATA_20TB1/OCT/archive/RetinalOCT_Dataset/RetinalOCT_Dataset/train/NORMAL/normal_train_1741.jpg,0,512x512
train,NORMAL,/media/miglab/DATA_20TB1/OCT/archive/RetinalOCT_Dataset/RetinalOCT_Dataset/train/NORMAL/normal_train_2043.jpg,0,496x512
train,NORMAL,/media/miglab/DATA_20TB1/OCT/archive/RetinalOCT_Dataset/RetinalOCT_Dataset/train/NORMAL/normal_train_1277.jpg,0,496x512
train,NORMAL,/media/miglab/DATA_20TB1/OCT/archive/RetinalOCT_Dataset/RetinalOCT_Dataset/train/NORMAL/normal_train_3034.jpg,0,512x512
train,NORMAL,/media/miglab/DATA_20TB1/OCT/archive/RetinalOCT_Dataset/RetinalOCT_Dataset/train/NORMAL/normal_train_2482.jpg,0,496x512
train,NORMAL,/media/miglab/DATA_20TB1/OCT/archive/RetinalOCT_Dataset/RetinalOCT_Dataset/train/NORMAL/normal_train_3220.jpg,0,496x768
train,NORMAL,/media/miglab/DATA_20TB1/OCT/archive/RetinalOCT_Dataset/RetinalOCT_Dataset/train/NORMAL/normal_train_1913.jpg,0,512x512
train,NORMAL,/media/miglab/DATA_20TB1/OCT/archive/RetinalOCT_Dataset/RetinalOCT_Dataset/train/NORMAL/normal_train_2947.jpg,0,496x768
train,NORMAL,/media/miglab/DATA_20TB1/OCT/archive/RetinalOCT_Dataset/RetinalOCT_Dataset/train/NORMAL/normal_train_2027.jpg,0,496x768
train,NORMAL,/media/miglab/DATA_20TB1/OCT/archive/RetinalOCT_Dataset/RetinalOCT_Dataset/train/NORMAL/normal_train_3190.jpg,0,496x512
train,NORMAL,/media/miglab/DATA_20TB1/OCT/archive/RetinalOCT_Dataset/RetinalOCT_Dataset/train/NORMAL/normal_train_3127.jpg,0,496x512
train,NORMAL,/media/miglab/DATA_20TB1/OCT/archive/RetinalOCT_Dataset/RetinalOCT_Dataset/train/NORMAL/normal_train_3280.jpg,0,496x512
train,NORMAL,/media/miglab/DATA_20TB1/OCT/archive/RetinalOCT_Dataset/RetinalOCT_Dataset/train/NORMAL/normal_train_2493.jpg,0,496x512
train,NORMAL,/media/miglab/DATA_20TB1/OCT/archive/RetinalOCT_Dataset/RetinalOCT_Dataset/train/NORMAL/normal_train_3125.jpg,0,496x512
train,NORMAL,/media/miglab/DATA_20TB1/OCT/archive/RetinalOCT_Dataset/RetinalOCT_Dataset/train/NORMAL/normal_train_1251.jpg,0,496x512
train,NORMAL,/media/miglab/DATA_20TB1/OCT/archive/RetinalOCT_Dataset/RetinalOCT_Dataset/train/NORMAL/normal_train_1136.jpg,0,496x512
train,NORMAL,/media/miglab/DATA_20TB1/OCT/archive/RetinalOCT_Dataset/RetinalOCT_Dataset/train/NORMAL/normal_train_1626.jpg,0,496x512
train,NORMAL,/media/miglab/DATA_20TB1/OCT/archive/RetinalOCT_Dataset/RetinalOCT_Dataset/train/NORMAL/normal_train_1696.jpg,0,512x512
train,NORMAL,/media/miglab/DATA_20TB1/OCT/archive/RetinalOCT_Dataset/RetinalOCT_Dataset/train/NORMAL/normal_train_2230.jpg,0,496x512
train,NORMAL,/media/miglab/DATA_20TB1/OCT/archive/RetinalOCT_Dataset/RetinalOCT_Dataset/train/NORMAL/normal_train_2180.jpg,0,496x512
train,NORMAL,/media/miglab/DATA_20TB1/OCT/archive/RetinalOCT_Dataset/RetinalOCT_Dataset/train/NORMAL/normal_train_1882.jpg,0,496x512
train,NORMAL,/media/miglab/DATA_20TB1/OCT/archive/RetinalOCT_Dataset/RetinalOCT_Dataset/train/NORMAL/normal_train_3199.jpg,0,496x512
train,NORMAL,/media/miglab/DATA_20TB1/OCT/archive/RetinalOCT_Dataset/RetinalOCT_Dataset/train/NORMAL/normal_train_1931.jpg,0,496x512
train,NORMAL,/media/miglab/DATA_20TB1/OCT/archive/RetinalOCT_Dataset/RetinalOCT_Dataset/train/NORMAL/normal_train_2944.jpg,0,496x512
train,NORMAL,/media/miglab/DATA_20TB1/OCT/archive/RetinalOCT_Dataset/RetinalOCT_Dataset/train/NORMAL/normal_train_1177.jpg,0,496x768
train,NORMAL,/media/miglab/DATA_20TB1/OCT/archive/RetinalOCT_Dataset/RetinalOCT_Dataset/train/NORMAL/normal_train_2948.jpg,0,496x512
train,NORMAL,/media/miglab/DATA_20TB1/OCT/archive/RetinalOCT_Dataset/RetinalOCT_Dataset/train/NORMAL/normal_train_1128.jpg,0,512x512
train,NORMAL,/media/miglab/DATA_20TB1/OCT/archive/RetinalOCT_Dataset/RetinalOCT_Dataset/train/NORMAL/normal_train_1144.jpg,0,496x768
train,NORMAL,/media/miglab/DATA_20TB1/OCT/archive/RetinalOCT_Dataset/RetinalOCT_Dataset/train/NORMAL/normal_train_2753.jpg,0,496x512
train,NORMAL,/media/miglab/DATA_20TB1/OCT/archive/RetinalOCT_Dataset/RetinalOCT_Dataset/train/NORMAL/normal_train_1714.jpg,0,496x512
train,NORMAL,/media/miglab/DATA_20TB1/OCT/archive/RetinalOCT_Dataset/RetinalOCT_Dataset/train/NORMAL/normal_train_2614.jpg,0,496x768
train,NORMAL,/media/miglab/DATA_20TB1/OCT/archive/RetinalOCT_Dataset/RetinalOCT_Dataset/train/NORMAL/normal_train_2421.jpg,0,512x512
train,NORMAL,/media/miglab/DATA_20TB1/OCT/archive/RetinalOCT_Dataset/RetinalOCT_Dataset/train/NORMAL/normal_train_1131.jpg,0,512x512
train,NORMAL,/media/miglab/DATA_20TB1/OCT/archive/RetinalOCT_Dataset/RetinalOCT_Dataset/train/NORMAL/normal_train_2150.jpg,0,496x768
train,NORMAL,/media/miglab/DATA_20TB1/OCT/archive/RetinalOCT_Dataset/RetinalOCT_Dataset/train/NORMAL/normal_train_2891.jpg,0,496x768
train,NORMAL,/media/miglab/DATA_20TB1/OCT/archive/RetinalOCT_Dataset/RetinalOCT_Dataset/train/NORMAL/normal_train_1341.jpg,0,496x512
train,NORMAL,/media/miglab/DATA_20TB1/OCT/archive/RetinalOCT_Dataset/RetinalOCT_Dataset/train/NORMAL/normal_train_2843.jpg,0,496x512
train,NORMAL,/media/miglab/DATA_20TB1/OCT/archive/RetinalOCT_Dataset/RetinalOCT_Dataset/train/NORMAL/normal_train_1601.jpg,0,496x512
train,NORMAL,/media/miglab/DATA_20TB1/OCT/archive/RetinalOCT_Dataset/RetinalOCT_Dataset/train/NORMAL/normal_train_1295.jpg,0,496x512
train,NORMAL,/media/miglab/DATA_20TB1/OCT/archive/RetinalOCT_Dataset/RetinalOCT_Dataset/train/NORMAL/normal_train_3251.jpg,0,496x512
train,NORMAL,/media/miglab/DATA_20TB1/OCT/archive/RetinalOCT_Dataset/RetinalOCT_Dataset/train/NORMAL/normal_train_2906.jpg,0,496x512
train,NORMAL,/media/miglab/DATA_20TB1/OCT/archive/RetinalOCT_Dataset/RetinalOCT_Dataset/train/NORMAL/normal_train_2414.jpg,0,512x512
train,NORMAL,/media/miglab/DATA_20TB1/OCT/archive/RetinalOCT_Dataset/RetinalOCT_Dataset/train/NORMAL/normal_train_3253.jpg,0,496x768
train,NORMAL,/media/miglab/DATA_20TB1/OCT/archive/RetinalOCT_Dataset/RetinalOCT_Dataset/train/NORMAL/normal_train_1274.jpg,0,512x512
train,NORMAL,/media/miglab/DATA_20TB1/OCT/archive/RetinalOCT_Dataset/RetinalOCT_Dataset/train/NORMAL/normal_train_1065.jpg,0,512x512
train,NORMAL,/media/miglab/DATA_20TB1/OCT/archive/RetinalOCT_Dataset/RetinalOCT_Dataset/train/NORMAL/normal_train_1494.jpg,0,496x512
train,NORMAL,/media/miglab/DATA_20TB1/OCT/archive/RetinalOCT_Dataset/RetinalOCT_Dataset/train/NORMAL/normal_train_2834.jpg,0,496x512
train,NORMAL,/media/miglab/DATA_20TB1/OCT/archive/RetinalOCT_Dataset/RetinalOCT_Dataset/train/NORMAL/normal_train_1650.jpg,0,512x512
train,NORMAL,/media/miglab/DATA_20TB1/OCT/archive/RetinalOCT_Dataset/RetinalOCT_Dataset/train/NORMAL/normal_train_1890.jpg,0,496x512
train,NORMAL,/media/miglab/DATA_20TB1/OCT/archive/RetinalOCT_Dataset/RetinalOCT_Dataset/train/NORMAL/normal_train_1685.jpg,0,512x512
train,NORMAL,/media/miglab/DATA_20TB1/OCT/archive/RetinalOCT_Dataset/RetinalOCT_Dataset/train/NORMAL/normal_train_1732.jpg,0,512x512
train,NORMAL,/media/miglab/DATA_20TB1/OCT/archive/RetinalOCT_Dataset/RetinalOCT_Dataset/train/NORMAL/normal_train_1592.jpg,0,496x512
train,NORMAL,/media/miglab/DATA_20TB1/OCT/archive/RetinalOCT_Dataset/RetinalOCT_Dataset/train/NORMAL/normal_train_1117.jpg,0,512x512
train,NORMAL,/media/miglab/DATA_20TB1/OCT/archive/RetinalOCT_Dataset/RetinalOCT_Dataset/train/NORMAL/normal_train_2413.jpg,0,512x512
train,NORMAL,/media/miglab/DATA_20TB1/OCT/archive/RetinalOCT_Dataset/RetinalOCT_Dataset/train/NORMAL/normal_train_2316.jpg,0,496x768
train,NORMAL,/media/miglab/DATA_20TB1/OCT/archive/RetinalOCT_Dataset/RetinalOCT_Dataset/train/NORMAL/normal_train_2971.jpg,0,512x512
train,NORMAL,/media/miglab/DATA_20TB1/OCT/archive/RetinalOCT_Dataset/RetinalOCT_Dataset/train/NORMAL/normal_train_3226.jpg,0,496x512
train,NORMAL,/media/miglab/DATA_20TB1/OCT/archive/RetinalOCT_Dataset/RetinalOCT_Dataset/train/NORMAL/normal_train_2646.jpg,0,496x512
train,NORMAL,/media/miglab/DATA_20TB1/OCT/archive/RetinalOCT_Dataset/RetinalOCT_Dataset/train/NORMAL/normal_train_1752.jpg,0,512x512
train,NORMAL,/media/miglab/DATA_20TB1/OCT/archive/RetinalOCT_Dataset/RetinalOCT_Dataset/train/NORMAL/normal_train_3025.jpg,0,496x512
train,NORMAL,/media/miglab/DATA_20TB1/OCT/archive/RetinalOCT_Dataset/RetinalOCT_Dataset/train/NORMAL/normal_train_1776.jpg,0,496x512
train,NORMAL,/media/miglab/DATA_20TB1/OCT/archive/RetinalOCT_Dataset/RetinalOCT_Dataset/train/NORMAL/normal_train_2227.jpg,0,512x512
train,NORMAL,/media/miglab/DATA_20TB1/OCT/archive/RetinalOCT_Dataset/RetinalOCT_Dataset/train/NORMAL/normal_train_2087.jpg,0,496x512
train,NORMAL,/media/miglab/DATA_20TB1/OCT/archive/RetinalOCT_Dataset/RetinalOCT_Dataset/train/NORMAL/normal_train_1838.jpg,0,496x768
train,NORMAL,/media/miglab/DATA_20TB1/OCT/archive/RetinalOCT_Dataset/RetinalOCT_Dataset/train/NORMAL/normal_train_1347.jpg,0,496x512
train,NORMAL,/media/miglab/DATA_20TB1/OCT/archive/RetinalOCT_Dataset/RetinalOCT_Dataset/train/NORMAL/normal_train_1124.jpg,0,512x512
train,NORMAL,/media/miglab/DATA_20TB1/OCT/archive/RetinalOCT_Dataset/RetinalOCT_Dataset/train/NORMAL/normal_train_2640.jpg,0,496x768
train,NORMAL,/media/miglab/DATA_20TB1/OCT/archive/RetinalOCT_Dataset/RetinalOCT_Dataset/train/NORMAL/normal_train_2161.jpg,0,496x512
train,NORMAL,/media/miglab/DATA_20TB1/OCT/archive/RetinalOCT_Dataset/RetinalOCT_Dataset/train/NORMAL/normal_train_2832.jpg,0,496x768
train,NORMAL,/media/miglab/DATA_20TB1/OCT/archive/RetinalOCT_Dataset/RetinalOCT_Dataset/train/NORMAL/normal_train_1123.jpg,0,512x512
train,NORMAL,/media/miglab/DATA_20TB1/OCT/archive/RetinalOCT_Dataset/RetinalOCT_Dataset/train/NORMAL/normal_train_2376.jpg,0,512x512
train,NORMAL,/media/miglab/DATA_20TB1/OCT/archive/RetinalOCT_Dataset/RetinalOCT_Dataset/train/NORMAL/normal_train_2848.jpg,0,496x512
train,NORMAL,/media/miglab/DATA_20TB1/OCT/archive/RetinalOCT_Dataset/RetinalOCT_Dataset/train/NORMAL/normal_train_1292.jpg,0,496x512
train,NORMAL,/media/miglab/DATA_20TB1/OCT/archive/RetinalOCT_Dataset/RetinalOCT_Dataset/train/NORMAL/normal_train_3013.jpg,0,496x512
train,NORMAL,/media/miglab/DATA_20TB1/OCT/archive/RetinalOCT_Dataset/RetinalOCT_Dataset/train/NORMAL/normal_train_1955.jpg,0,496x768
train,NORMAL,/media/miglab/DATA_20TB1/OCT/archive/RetinalOCT_Dataset/RetinalOCT_Dataset/train/NORMAL/normal_train_2469.jpg,0,496x512
train,NORMAL,/media/miglab/DATA_20TB1/OCT/archive/RetinalOCT_Dataset/RetinalOCT_Dataset/train/NORMAL/normal_train_1184.jpg,0,512x512
train,NORMAL,/media/miglab/DATA_20TB1/OCT/archive/RetinalOCT_Dataset/RetinalOCT_Dataset/train/NORMAL/normal_train_2165.jpg,0,496x512
train,NORMAL,/media/miglab/DATA_20TB1/OCT/archive/RetinalOCT_Dataset/RetinalOCT_Dataset/train/NORMAL/normal_train_2294.jpg,0,496x768
train,NORMAL,/media/miglab/DATA_20TB1/OCT/archive/RetinalOCT_Dataset/RetinalOCT_Dataset/train/NORMAL/normal_train_3135.jpg,0,496x512
train,NORMAL,/media/miglab/DATA_20TB1/OCT/archive/RetinalOCT_Dataset/RetinalOCT_Dataset/train/NORMAL/normal_train_3132.jpg,0,496x768
train,NORMAL,/media/miglab/DATA_20TB1/OCT/archive/RetinalOCT_Dataset/RetinalOCT_Dataset/train/NORMAL/normal_train_1396.jpg,0,496x768
train,NORMAL,/media/miglab/DATA_20TB1/OCT/archive/RetinalOCT_Dataset/RetinalOCT_Dataset/train/NORMAL/normal_train_1454.jpg,0,496x512
train,NORMAL,/media/miglab/DATA_20TB1/OCT/archive/RetinalOCT_Dataset/RetinalOCT_Dataset/train/NORMAL/normal_train_3281.jpg,0,496x768
train,NORMAL,/media/miglab/DATA_20TB1/OCT/archive/RetinalOCT_Dataset/RetinalOCT_Dataset/train/NORMAL/normal_train_2845.jpg,0,496x768
train,NORMAL,/media/miglab/DATA_20TB1/OCT/archive/RetinalOCT_Dataset/RetinalOCT_Dataset/train/NORMAL/normal_train_1701.jpg,0,512x512
train,NORMAL,/media/miglab/DATA_20TB1/OCT/archive/RetinalOCT_Dataset/RetinalOCT_Dataset/train/NORMAL/normal_train_2768.jpg,0,496x512
train,NORMAL,/media/miglab/DATA_20TB1/OCT/archive/RetinalOCT_Dataset/RetinalOCT_Dataset/train/NORMAL/normal_train_2365.jpg,0,496x512
train,NORMAL,/media/miglab/DATA_20TB1/OCT/archive/RetinalOCT_Dataset/RetinalOCT_Dataset/train/NORMAL/normal_train_2123.jpg,0,512x512
train,NORMAL,/media/miglab/DATA_20TB1/OCT/archive/RetinalOCT_Dataset/RetinalOCT_Dataset/train/NORMAL/normal_train_3242.jpg,0,496x512
train,NORMAL,/media/miglab/DATA_20TB1/OCT/archive/RetinalOCT_Dataset/RetinalOCT_Dataset/train/NORMAL/normal_train_3255.jpg,0,496x768
train,NORMAL,/media/miglab/DATA_20TB1/OCT/archive/RetinalOCT_Dataset/RetinalOCT_Dataset/train/NORMAL/normal_train_3204.jpg,0,512x512
train,NORMAL,/media/miglab/DATA_20TB1/OCT/archive/RetinalOCT_Dataset/RetinalOCT_Dataset/train/NORMAL/normal_train_2007.jpg,0,512x512
train,NORMAL,/media/miglab/DATA_20TB1/OCT/archive/RetinalOCT_Dataset/RetinalOCT_Dataset/train/NORMAL/normal_train_1067.jpg,0,496x512
train,NORMAL,/media/miglab/DATA_20TB1/OCT/archive/RetinalOCT_Dataset/RetinalOCT_Dataset/train/NORMAL/normal_train_2720.jpg,0,512x512
train,NORMAL,/media/miglab/DATA_20TB1/OCT/archive/RetinalOCT_Dataset/RetinalOCT_Dataset/train/NORMAL/normal_train_3058.jpg,0,496x768
train,NORMAL,/media/miglab/DATA_20TB1/OCT/archive/RetinalOCT_Dataset/RetinalOCT_Dataset/train/NORMAL/normal_train_2331.jpg,0,496x512
train,NORMAL,/media/miglab/DATA_20TB1/OCT/archive/RetinalOCT_Dataset/RetinalOCT_Dataset/train/NORMAL/normal_train_2003.jpg,0,496x512
train,NORMAL,/media/miglab/DATA_20TB1/OCT/archive/RetinalOCT_Dataset/RetinalOCT_Dataset/train/NORMAL/normal_train_2767.jpg,0,496x512
train,NORMAL,/media/miglab/DATA_20TB1/OCT/archive/RetinalOCT_Dataset/RetinalOCT_Dataset/train/NORMAL/normal_train_1373.jpg,0,496x512
train,NORMAL,/media/miglab/DATA_20TB1/OCT/archive/RetinalOCT_Dataset/RetinalOCT_Dataset/train/NORMAL/normal_train_2232.jpg,0,496x512
train,NORMAL,/media/miglab/DATA_20TB1/OCT/archive/RetinalOCT_Dataset/RetinalOCT_Dataset/train/NORMAL/normal_train_2238.jpg,0,512x512
train,NORMAL,/media/miglab/DATA_20TB1/OCT/archive/RetinalOCT_Dataset/RetinalOCT_Dataset/train/NORMAL/normal_train_3218.jpg,0,496x768
train,NORMAL,/media/miglab/DATA_20TB1/OCT/archive/RetinalOCT_Dataset/RetinalOCT_Dataset/train/NORMAL/normal_train_2560.jpg,0,496x768
train,NORMAL,/media/miglab/DATA_20TB1/OCT/archive/RetinalOCT_Dataset/RetinalOCT_Dataset/train/NORMAL/normal_train_1704.jpg,0,512x512
train,NORMAL,/media/miglab/DATA_20TB1/OCT/archive/RetinalOCT_Dataset/RetinalOCT_Dataset/train/NORMAL/normal_train_2679.jpg,0,496x768
train,NORMAL,/media/miglab/DATA_20TB1/OCT/archive/RetinalOCT_Dataset/RetinalOCT_Dataset/train/NORMAL/normal_train_1100.jpg,0,512x512
train,NORMAL,/media/miglab/DATA_20TB1/OCT/archive/RetinalOCT_Dataset/RetinalOCT_Dataset/train/NORMAL/normal_train_2343.jpg,0,512x512
train,NORMAL,/media/miglab/DATA_20TB1/OCT/archive/RetinalOCT_Dataset/RetinalOCT_Dataset/train/NORMAL/normal_train_1723.jpg,0,512x512
train,NORMAL,/media/miglab/DATA_20TB1/OCT/archive/RetinalOCT_Dataset/RetinalOCT_Dataset/train/NORMAL/normal_train_1948.jpg,0,496x512
train,NORMAL,/media/miglab/DATA_20TB1/OCT/archive/RetinalOCT_Dataset/RetinalOCT_Dataset/train/NORMAL/normal_train_2860.jpg,0,496x768
train,NORMAL,/media/miglab/DATA_20TB1/OCT/archive/RetinalOCT_Dataset/RetinalOCT_Dataset/train/NORMAL/normal_train_3069.jpg,0,496x512
train,NORMAL,/media/miglab/DATA_20TB1/OCT/archive/RetinalOCT_Dataset/RetinalOCT_Dataset/train/NORMAL/normal_train_2117.jpg,0,512x512
train,NORMAL,/media/miglab/DATA_20TB1/OCT/archive/RetinalOCT_Dataset/RetinalOCT_Dataset/train/NORMAL/normal_train_1484.jpg,0,496x768
train,NORMAL,/media/miglab/DATA_20TB1/OCT/archive/RetinalOCT_Dataset/RetinalOCT_Dataset/train/NORMAL/normal_train_1960.jpg,0,496x768
train,NORMAL,/media/miglab/DATA_20TB1/OCT/archive/RetinalOCT_Dataset/RetinalOCT_Dataset/train/NORMAL/normal_train_2052.jpg,0,496x768
train,NORMAL,/media/miglab/DATA_20TB1/OCT/archive/RetinalOCT_Dataset/RetinalOCT_Dataset/train/NORMAL/normal_train_1362.jpg,0,496x768
train,NORMAL,/media/miglab/DATA_20TB1/OCT/archive/RetinalOCT_Dataset/RetinalOCT_Dataset/train/NORMAL/normal_train_1906.jpg,0,496x512
train,NORMAL,/media/miglab/DATA_20TB1/OCT/archive/RetinalOCT_Dataset/RetinalOCT_Dataset/train/NORMAL/normal_train_3123.jpg,0,496x512
train,NORMAL,/media/miglab/DATA_20TB1/OCT/archive/RetinalOCT_Dataset/RetinalOCT_Dataset/train/NORMAL/normal_train_1845.jpg,0,496x512
train,NORMAL,/media/miglab/DATA_20TB1/OCT/archive/RetinalOCT_Dataset/RetinalOCT_Dataset/train/NORMAL/normal_train_1104.jpg,0,512x512
train,NORMAL,/media/miglab/DATA_20TB1/OCT/archive/RetinalOCT_Dataset/RetinalOCT_Dataset/train/NORMAL/normal_train_3043.jpg,0,496x512
train,NORMAL,/media/miglab/DATA_20TB1/OCT/archive/RetinalOCT_Dataset/RetinalOCT_Dataset/train/NORMAL/normal_train_2321.jpg,0,496x768
train,NORMAL,/media/miglab/DATA_20TB1/OCT/archive/RetinalOCT_Dataset/RetinalOCT_Dataset/train/NORMAL/normal_train_1810.jpg,0,496x768
train,NORMAL,/media/miglab/DATA_20TB1/OCT/archive/RetinalOCT_Dataset/RetinalOCT_Dataset/train/NORMAL/normal_train_1185.jpg,0,496x768
train,NORMAL,/media/miglab/DATA_20TB1/OCT/archive/RetinalOCT_Dataset/RetinalOCT_Dataset/train/NORMAL/normal_train_1762.jpg,0,512x512
train,NORMAL,/media/miglab/DATA_20TB1/OCT/archive/RetinalOCT_Dataset/RetinalOCT_Dataset/train/NORMAL/normal_train_1083.jpg,0,512x512
train,NORMAL,/media/miglab/DATA_20TB1/OCT/archive/RetinalOCT_Dataset/RetinalOCT_Dataset/train/NORMAL/normal_train_1974.jpg,0,496x512
train,NORMAL,/media/miglab/DATA_20TB1/OCT/archive/RetinalOCT_Dataset/RetinalOCT_Dataset/train/NORMAL/normal_train_2613.jpg,0,512x512
train,NORMAL,/media/miglab/DATA_20TB1/OCT/archive/RetinalOCT_Dataset/RetinalOCT_Dataset/train/NORMAL/normal_train_1098.jpg,0,512x512
train,NORMAL,/media/miglab/DATA_20TB1/OCT/archive/RetinalOCT_Dataset/RetinalOCT_Dataset/train/NORMAL/normal_train_2119.jpg,0,512x512
train,NORMAL,/media/miglab/DATA_20TB1/OCT/archive/RetinalOCT_Dataset/RetinalOCT_Dataset/train/NORMAL/normal_train_2004.jpg,0,512x512
train,NORMAL,/media/miglab/DATA_20TB1/OCT/archive/RetinalOCT_Dataset/RetinalOCT_Dataset/train/NORMAL/normal_train_1114.jpg,0,512x512
train,NORMAL,/media/miglab/DATA_20TB1/OCT/archive/RetinalOCT_Dataset/RetinalOCT_Dataset/train/NORMAL/normal_train_2817.jpg,0,496x512
train,NORMAL,/media/miglab/DATA_20TB1/OCT/archive/RetinalOCT_Dataset/RetinalOCT_Dataset/train/NORMAL/normal_train_2729.jpg,0,496x512
train,NORMAL,/media/miglab/DATA_20TB1/OCT/archive/RetinalOCT_Dataset/RetinalOCT_Dataset/train/NORMAL/normal_train_1692.jpg,0,512x512
train,NORMAL,/media/miglab/DATA_20TB1/OCT/archive/RetinalOCT_Dataset/RetinalOCT_Dataset/train/NORMAL/normal_train_1589.jpg,0,496x512
train,NORMAL,/media/miglab/DATA_20TB1/OCT/archive/RetinalOCT_Dataset/RetinalOCT_Dataset/train/NORMAL/normal_train_2790.jpg,0,496x512
train,NORMAL,/media/miglab/DATA_20TB1/OCT/archive/RetinalOCT_Dataset/RetinalOCT_Dataset/train/NORMAL/normal_train_2367.jpg,0,496x512
train,NORMAL,/media/miglab/DATA_20TB1/OCT/archive/RetinalOCT_Dataset/RetinalOCT_Dataset/train/NORMAL/normal_train_3201.jpg,0,496x512
train,NORMAL,/media/miglab/DATA_20TB1/OCT/archive/RetinalOCT_Dataset/RetinalOCT_Dataset/train/NORMAL/normal_train_2981.jpg,0,496x512
train,NORMAL,/media/miglab/DATA_20TB1/OCT/archive/RetinalOCT_Dataset/RetinalOCT_Dataset/train/NORMAL/normal_train_2945.jpg,0,496x512
train,NORMAL,/media/miglab/DATA_20TB1/OCT/archive/RetinalOCT_Dataset/RetinalOCT_Dataset/train/NORMAL/normal_train_1330.jpg,0,496x512
train,NORMAL,/media/miglab/DATA_20TB1/OCT/archive/RetinalOCT_Dataset/RetinalOCT_Dataset/train/NORMAL/normal_train_1417.jpg,0,496x768
train,NORMAL,/media/miglab/DATA_20TB1/OCT/archive/RetinalOCT_Dataset/RetinalOCT_Dataset/train/NORMAL/normal_train_1763.jpg,0,512x512
train,NORMAL,/media/miglab/DATA_20TB1/OCT/archive/RetinalOCT_Dataset/RetinalOCT_Dataset/train/NORMAL/normal_train_1566.jpg,0,512x512
train,NORMAL,/media/miglab/DATA_20TB1/OCT/archive/RetinalOCT_Dataset/RetinalOCT_Dataset/train/NORMAL/normal_train_1934.jpg,0,496x512
train,NORMAL,/media/miglab/DATA_20TB1/OCT/archive/RetinalOCT_Dataset/RetinalOCT_Dataset/train/NORMAL/normal_train_2402.jpg,0,512x512
train,NORMAL,/media/miglab/DATA_20TB1/OCT/archive/RetinalOCT_Dataset/RetinalOCT_Dataset/train/NORMAL/normal_train_2708.jpg,0,496x512
train,NORMAL,/media/miglab/DATA_20TB1/OCT/archive/RetinalOCT_Dataset/RetinalOCT_Dataset/train/NORMAL/normal_train_3041.jpg,0,496x768
train,NORMAL,/media/miglab/DATA_20TB1/OCT/archive/RetinalOCT_Dataset/RetinalOCT_Dataset/train/NORMAL/normal_train_1293.jpg,0,496x512
train,NORMAL,/media/miglab/DATA_20TB1/OCT/archive/RetinalOCT_Dataset/RetinalOCT_Dataset/train/NORMAL/normal_train_3160.jpg,0,496x768
train,NORMAL,/media/miglab/DATA_20TB1/OCT/archive/RetinalOCT_Dataset/RetinalOCT_Dataset/train/NORMAL/normal_train_2871.jpg,0,512x512
train,NORMAL,/media/miglab/DATA_20TB1/OCT/archive/RetinalOCT_Dataset/RetinalOCT_Dataset/train/NORMAL/normal_train_1531.jpg,0,512x512
train,NORMAL,/media/miglab/DATA_20TB1/OCT/archive/RetinalOCT_Dataset/RetinalOCT_Dataset/train/NORMAL/normal_train_2508.jpg,0,496x512
train,NORMAL,/media/miglab/DATA_20TB1/OCT/archive/RetinalOCT_Dataset/RetinalOCT_Dataset/train/NORMAL/normal_train_2428.jpg,0,496x512
train,NORMAL,/media/miglab/DATA_20TB1/OCT/archive/RetinalOCT_Dataset/RetinalOCT_Dataset/train/NORMAL/normal_train_3008.jpg,0,496x512
train,NORMAL,/media/miglab/DATA_20TB1/OCT/archive/RetinalOCT_Dataset/RetinalOCT_Dataset/train/NORMAL/normal_train_1270.jpg,0,496x512
train,NORMAL,/media/miglab/DATA_20TB1/OCT/archive/RetinalOCT_Dataset/RetinalOCT_Dataset/train/NORMAL/normal_train_1008.jpg,0,512x512
train,NORMAL,/media/miglab/DATA_20TB1/OCT/archive/RetinalOCT_Dataset/RetinalOCT_Dataset/train/NORMAL/normal_train_1147.jpg,0,496x512
train,NORMAL,/media/miglab/DATA_20TB1/OCT/archive/RetinalOCT_Dataset/RetinalOCT_Dataset/train/NORMAL/normal_train_2440.jpg,0,496x768
train,NORMAL,/media/miglab/DATA_20TB1/OCT/archive/RetinalOCT_Dataset/RetinalOCT_Dataset/train/NORMAL/normal_train_1625.jpg,0,496x512
train,NORMAL,/media/miglab/DATA_20TB1/OCT/archive/RetinalOCT_Dataset/RetinalOCT_Dataset/train/NORMAL/normal_train_1756.jpg,0,512x512
train,NORMAL,/media/miglab/DATA_20TB1/OCT/archive/RetinalOCT_Dataset/RetinalOCT_Dataset/train/NORMAL/normal_train_2220.jpg,0,496x512
train,NORMAL,/media/miglab/DATA_20TB1/OCT/archive/RetinalOCT_Dataset/RetinalOCT_Dataset/train/NORMAL/normal_train_1509.jpg,0,496x512
train,NORMAL,/media/miglab/DATA_20TB1/OCT/archive/RetinalOCT_Dataset/RetinalOCT_Dataset/train/NORMAL/normal_train_1490.jpg,0,496x512
train,NORMAL,/media/miglab/DATA_20TB1/OCT/archive/RetinalOCT_Dataset/RetinalOCT_Dataset/train/NORMAL/normal_train_1574.jpg,0,496x768
train,NORMAL,/media/miglab/DATA_20TB1/OCT/archive/RetinalOCT_Dataset/RetinalOCT_Dataset/train/NORMAL/normal_train_1682.jpg,0,496x768
train,NORMAL,/media/miglab/DATA_20TB1/OCT/archive/RetinalOCT_Dataset/RetinalOCT_Dataset/train/NORMAL/normal_train_2351.jpg,0,496x512
train,NORMAL,/media/miglab/DATA_20TB1/OCT/archive/RetinalOCT_Dataset/RetinalOCT_Dataset/train/NORMAL/normal_train_2155.jpg,0,496x512
train,NORMAL,/media/miglab/DATA_20TB1/OCT/archive/RetinalOCT_Dataset/RetinalOCT_Dataset/train/NORMAL/normal_train_1852.jpg,0,496x512
train,NORMAL,/media/miglab/DATA_20TB1/OCT/archive/RetinalOCT_Dataset/RetinalOCT_Dataset/train/NORMAL/normal_train_2077.jpg,0,512x512
train,NORMAL,/media/miglab/DATA_20TB1/OCT/archive/RetinalOCT_Dataset/RetinalOCT_Dataset/train/NORMAL/normal_train_2861.jpg,0,496x768
train,NORMAL,/media/miglab/DATA_20TB1/OCT/archive/RetinalOCT_Dataset/RetinalOCT_Dataset/train/NORMAL/normal_train_2883.jpg,0,496x512
train,NORMAL,/media/miglab/DATA_20TB1/OCT/archive/RetinalOCT_Dataset/RetinalOCT_Dataset/train/NORMAL/normal_train_2735.jpg,0,496x512
train,NORMAL,/media/miglab/DATA_20TB1/OCT/archive/RetinalOCT_Dataset/RetinalOCT_Dataset/train/NORMAL/normal_train_2247.jpg,0,496x512
train,NORMAL,/media/miglab/DATA_20TB1/OCT/archive/RetinalOCT_Dataset/RetinalOCT_Dataset/train/NORMAL/normal_train_2432.jpg,0,512x512
train,NORMAL,/media/miglab/DATA_20TB1/OCT/archive/RetinalOCT_Dataset/RetinalOCT_Dataset/train/NORMAL/normal_train_2604.jpg,0,512x512
train,NORMAL,/media/miglab/DATA_20TB1/OCT/archive/RetinalOCT_Dataset/RetinalOCT_Dataset/train/NORMAL/normal_train_2083.jpg,0,496x768
train,NORMAL,/media/miglab/DATA_20TB1/OCT/archive/RetinalOCT_Dataset/RetinalOCT_Dataset/train/NORMAL/normal_train_1499.jpg,0,496x512
train,NORMAL,/media/miglab/DATA_20TB1/OCT/archive/RetinalOCT_Dataset/RetinalOCT_Dataset/train/NORMAL/normal_train_3047.jpg,0,512x512
train,NORMAL,/media/miglab/DATA_20TB1/OCT/archive/RetinalOCT_Dataset/RetinalOCT_Dataset/train/NORMAL/normal_train_1708.jpg,0,512x512
train,NORMAL,/media/miglab/DATA_20TB1/OCT/archive/RetinalOCT_Dataset/RetinalOCT_Dataset/train/NORMAL/normal_train_2313.jpg,0,496x512
train,NORMAL,/media/miglab/DATA_20TB1/OCT/archive/RetinalOCT_Dataset/RetinalOCT_Dataset/train/NORMAL/normal_train_1745.jpg,0,512x512
train,NORMAL,/media/miglab/DATA_20TB1/OCT/archive/RetinalOCT_Dataset/RetinalOCT_Dataset/train/NORMAL/normal_train_2259.jpg,0,512x512
train,NORMAL,/media/miglab/DATA_20TB1/OCT/archive/RetinalOCT_Dataset/RetinalOCT_Dataset/train/NORMAL/normal_train_1976.jpg,0,512x512
train,NORMAL,/media/miglab/DATA_20TB1/OCT/archive/RetinalOCT_Dataset/RetinalOCT_Dataset/train/NORMAL/normal_train_1372.jpg,0,496x512
train,NORMAL,/media/miglab/DATA_20TB1/OCT/archive/RetinalOCT_Dataset/RetinalOCT_Dataset/train/NORMAL/normal_train_2134.jpg,0,496x512
train,NORMAL,/media/miglab/DATA_20TB1/OCT/archive/RetinalOCT_Dataset/RetinalOCT_Dataset/train/NORMAL/normal_train_2517.jpg,0,496x512
train,NORMAL,/media/miglab/DATA_20TB1/OCT/archive/RetinalOCT_Dataset/RetinalOCT_Dataset/train/NORMAL/normal_train_3163.jpg,0,496x512
train,NORMAL,/media/miglab/DATA_20TB1/OCT/archive/RetinalOCT_Dataset/RetinalOCT_Dataset/train/NORMAL/normal_train_1748.jpg,0,512x512
train,NORMAL,/media/miglab/DATA_20TB1/OCT/archive/RetinalOCT_Dataset/RetinalOCT_Dataset/train/NORMAL/normal_train_1336.jpg,0,496x512
train,NORMAL,/media/miglab/DATA_20TB1/OCT/archive/RetinalOCT_Dataset/RetinalOCT_Dataset/train/NORMAL/normal_train_3191.jpg,0,496x512
train,NORMAL,/media/miglab/DATA_20TB1/OCT/archive/RetinalOCT_Dataset/RetinalOCT_Dataset/train/NORMAL/normal_train_1628.jpg,0,496x768
train,NORMAL,/media/miglab/DATA_20TB1/OCT/archive/RetinalOCT_Dataset/RetinalOCT_Dataset/train/NORMAL/normal_train_1667.jpg,0,496x768
train,NORMAL,/media/miglab/DATA_20TB1/OCT/archive/RetinalOCT_Dataset/RetinalOCT_Dataset/train/NORMAL/normal_train_1268.jpg,0,496x768
train,NORMAL,/media/miglab/DATA_20TB1/OCT/archive/RetinalOCT_Dataset/RetinalOCT_Dataset/train/NORMAL/normal_train_2278.jpg,0,512x512
train,NORMAL,/media/miglab/DATA_20TB1/OCT/archive/RetinalOCT_Dataset/RetinalOCT_Dataset/train/NORMAL/normal_train_1492.jpg,0,496x512
train,NORMAL,/media/miglab/DATA_20TB1/OCT/archive/RetinalOCT_Dataset/RetinalOCT_Dataset/train/NORMAL/normal_train_2881.jpg,0,496x768
train,NORMAL,/media/miglab/DATA_20TB1/OCT/archive/RetinalOCT_Dataset/RetinalOCT_Dataset/train/NORMAL/normal_train_3063.jpg,0,496x512
train,NORMAL,/media/miglab/DATA_20TB1/OCT/archive/RetinalOCT_Dataset/RetinalOCT_Dataset/train/NORMAL/normal_train_3074.jpg,0,496x512
train,NORMAL,/media/miglab/DATA_20TB1/OCT/archive/RetinalOCT_Dataset/RetinalOCT_Dataset/train/NORMAL/normal_train_1412.jpg,0,496x512
train,NORMAL,/media/miglab/DATA_20TB1/OCT/archive/RetinalOCT_Dataset/RetinalOCT_Dataset/train/NORMAL/normal_train_2073.jpg,0,496x512
train,NORMAL,/media/miglab/DATA_20TB1/OCT/archive/RetinalOCT_Dataset/RetinalOCT_Dataset/train/NORMAL/normal_train_2114.jpg,0,496x768
train,NORMAL,/media/miglab/DATA_20TB1/OCT/archive/RetinalOCT_Dataset/RetinalOCT_Dataset/train/NORMAL/normal_train_3054.jpg,0,496x512
train,NORMAL,/media/miglab/DATA_20TB1/OCT/archive/RetinalOCT_Dataset/RetinalOCT_Dataset/train/NORMAL/normal_train_2122.jpg,0,512x512
train,NORMAL,/media/miglab/DATA_20TB1/OCT/archive/RetinalOCT_Dataset/RetinalOCT_Dataset/train/NORMAL/normal_train_1986.jpg,0,496x512
train,NORMAL,/media/miglab/DATA_20TB1/OCT/archive/RetinalOCT_Dataset/RetinalOCT_Dataset/train/NORMAL/normal_train_1037.jpg,0,496x512
train,NORMAL,/media/miglab/DATA_20TB1/OCT/archive/RetinalOCT_Dataset/RetinalOCT_Dataset/train/NORMAL/normal_train_2209.jpg,0,496x512
train,NORMAL,/media/miglab/DATA_20TB1/OCT/archive/RetinalOCT_Dataset/RetinalOCT_Dataset/train/NORMAL/normal_train_2350.jpg,0,512x512
train,NORMAL,/media/miglab/DATA_20TB1/OCT/archive/RetinalOCT_Dataset/RetinalOCT_Dataset/train/NORMAL/normal_train_1671.jpg,0,512x512
train,NORMAL,/media/miglab/DATA_20TB1/OCT/archive/RetinalOCT_Dataset/RetinalOCT_Dataset/train/NORMAL/normal_train_2778.jpg,0,496x512
train,NORMAL,/media/miglab/DATA_20TB1/OCT/archive/RetinalOCT_Dataset/RetinalOCT_Dataset/train/NORMAL/normal_train_2205.jpg,0,496x768
train,NORMAL,/media/miglab/DATA_20TB1/OCT/archive/RetinalOCT_Dataset/RetinalOCT_Dataset/train/NORMAL/normal_train_1988.jpg,0,496x512
train,NORMAL,/media/miglab/DATA_20TB1/OCT/archive/RetinalOCT_Dataset/RetinalOCT_Dataset/train/NORMAL/normal_train_1161.jpg,0,496x512
train,NORMAL,/media/miglab/DATA_20TB1/OCT/archive/RetinalOCT_Dataset/RetinalOCT_Dataset/train/NORMAL/normal_train_2342.jpg,0,496x512
train,NORMAL,/media/miglab/DATA_20TB1/OCT/archive/RetinalOCT_Dataset/RetinalOCT_Dataset/train/NORMAL/normal_train_1761.jpg,0,512x512
train,NORMAL,/media/miglab/DATA_20TB1/OCT/archive/RetinalOCT_Dataset/RetinalOCT_Dataset/train/NORMAL/normal_train_1633.jpg,0,496x512
train,NORMAL,/media/miglab/DATA_20TB1/OCT/archive/RetinalOCT_Dataset/RetinalOCT_Dataset/train/NORMAL/normal_train_1313.jpg,0,496x512
train,NORMAL,/media/miglab/DATA_20TB1/OCT/archive/RetinalOCT_Dataset/RetinalOCT_Dataset/train/NORMAL/normal_train_2480.jpg,0,512x512
train,NORMAL,/media/miglab/DATA_20TB1/OCT/archive/RetinalOCT_Dataset/RetinalOCT_Dataset/train/NORMAL/normal_train_1821.jpg,0,496x768
train,NORMAL,/media/miglab/DATA_20TB1/OCT/archive/RetinalOCT_Dataset/RetinalOCT_Dataset/train/NORMAL/normal_train_2139.jpg,0,496x768
train,NORMAL,/media/miglab/DATA_20TB1/OCT/archive/RetinalOCT_Dataset/RetinalOCT_Dataset/train/NORMAL/normal_train_2711.jpg,0,496x768
train,NORMAL,/media/miglab/DATA_20TB1/OCT/archive/RetinalOCT_Dataset/RetinalOCT_Dataset/train/NORMAL/normal_train_1254.jpg,0,496x768
train,NORMAL,/media/miglab/DATA_20TB1/OCT/archive/RetinalOCT_Dataset/RetinalOCT_Dataset/train/NORMAL/normal_train_2539.jpg,0,496x768
train,NORMAL,/media/miglab/DATA_20TB1/OCT/archive/RetinalOCT_Dataset/RetinalOCT_Dataset/train/NORMAL/normal_train_2512.jpg,0,496x512
train,NORMAL,/media/miglab/DATA_20TB1/OCT/archive/RetinalOCT_Dataset/RetinalOCT_Dataset/train/NORMAL/normal_train_3003.jpg,0,512x512
train,NORMAL,/media/miglab/DATA_20TB1/OCT/archive/RetinalOCT_Dataset/RetinalOCT_Dataset/train/NORMAL/normal_train_2269.jpg,0,496x512
train,NORMAL,/media/miglab/DATA_20TB1/OCT/archive/RetinalOCT_Dataset/RetinalOCT_Dataset/train/NORMAL/normal_train_1678.jpg,0,512x512
train,NORMAL,/media/miglab/DATA_20TB1/OCT/archive/RetinalOCT_Dataset/RetinalOCT_Dataset/train/NORMAL/normal_train_1571.jpg,0,496x768
train,NORMAL,/media/miglab/DATA_20TB1/OCT/archive/RetinalOCT_Dataset/RetinalOCT_Dataset/train/NORMAL/normal_train_1616.jpg,0,496x512
train,NORMAL,/media/miglab/DATA_20TB1/OCT/archive/RetinalOCT_Dataset/RetinalOCT_Dataset/train/NORMAL/normal_train_2874.jpg,0,496x512
train,NORMAL,/media/miglab/DATA_20TB1/OCT/archive/RetinalOCT_Dataset/RetinalOCT_Dataset/train/NORMAL/normal_train_1169.jpg,0,496x768
train,NORMAL,/media/miglab/DATA_20TB1/OCT/archive/RetinalOCT_Dataset/RetinalOCT_Dataset/train/NORMAL/normal_train_2357.jpg,0,496x512
train,NORMAL,/media/miglab/DATA_20TB1/OCT/archive/RetinalOCT_Dataset/RetinalOCT_Dataset/train/NORMAL/normal_train_2310.jpg,0,512x512
train,NORMAL,/media/miglab/DATA_20TB1/OCT/archive/RetinalOCT_Dataset/RetinalOCT_Dataset/train/NORMAL/normal_train_3101.jpg,0,496x512
train,NORMAL,/media/miglab/DATA_20TB1/OCT/archive/RetinalOCT_Dataset/RetinalOCT_Dataset/train/NORMAL/normal_train_2177.jpg,0,496x768
train,NORMAL,/media/miglab/DATA_20TB1/OCT/archive/RetinalOCT_Dataset/RetinalOCT_Dataset/train/NORMAL/normal_train_2669.jpg,0,512x512
train,NORMAL,/media/miglab/DATA_20TB1/OCT/archive/RetinalOCT_Dataset/RetinalOCT_Dataset/train/NORMAL/normal_train_1073.jpg,0,512x512
train,NORMAL,/media/miglab/DATA_20TB1/OCT/archive/RetinalOCT_Dataset/RetinalOCT_Dataset/train/NORMAL/normal_train_1130.jpg,0,512x512
train,NORMAL,/media/miglab/DATA_20TB1/OCT/archive/RetinalOCT_Dataset/RetinalOCT_Dataset/train/NORMAL/normal_train_2417.jpg,0,496x512
train,NORMAL,/media/miglab/DATA_20TB1/OCT/archive/RetinalOCT_Dataset/RetinalOCT_Dataset/train/NORMAL/normal_train_3205.jpg,0,512x512
train,NORMAL,/media/miglab/DATA_20TB1/OCT/archive/RetinalOCT_Dataset/RetinalOCT_Dataset/train/NORMAL/normal_train_2056.jpg,0,512x512
train,NORMAL,/media/miglab/DATA_20TB1/OCT/archive/RetinalOCT_Dataset/RetinalOCT_Dataset/train/NORMAL/normal_train_2736.jpg,0,496x512
train,NORMAL,/media/miglab/DATA_20TB1/OCT/archive/RetinalOCT_Dataset/RetinalOCT_Dataset/train/NORMAL/normal_train_1116.jpg,0,512x512
train,NORMAL,/media/miglab/DATA_20TB1/OCT/archive/RetinalOCT_Dataset/RetinalOCT_Dataset/train/NORMAL/normal_train_2252.jpg,0,512x512
train,NORMAL,/media/miglab/DATA_20TB1/OCT/archive/RetinalOCT_Dataset/RetinalOCT_Dataset/train/NORMAL/normal_train_1086.jpg,0,512x512
train,NORMAL,/media/miglab/DATA_20TB1/OCT/archive/RetinalOCT_Dataset/RetinalOCT_Dataset/train/NORMAL/normal_train_1440.jpg,0,496x512
train,NORMAL,/media/miglab/DATA_20TB1/OCT/archive/RetinalOCT_Dataset/RetinalOCT_Dataset/train/NORMAL/normal_train_2776.jpg,0,496x768
train,NORMAL,/media/miglab/DATA_20TB1/OCT/archive/RetinalOCT_Dataset/RetinalOCT_Dataset/train/NORMAL/normal_train_2291.jpg,0,496x512
train,NORMAL,/media/miglab/DATA_20TB1/OCT/archive/RetinalOCT_Dataset/RetinalOCT_Dataset/train/NORMAL/normal_train_2992.jpg,0,496x512
train,NORMAL,/media/miglab/DATA_20TB1/OCT/archive/RetinalOCT_Dataset/RetinalOCT_Dataset/train/NORMAL/normal_train_2361.jpg,0,512x512
train,NORMAL,/media/miglab/DATA_20TB1/OCT/archive/RetinalOCT_Dataset/RetinalOCT_Dataset/train/NORMAL/normal_train_2855.jpg,0,496x768
train,NORMAL,/media/miglab/DATA_20TB1/OCT/archive/RetinalOCT_Dataset/RetinalOCT_Dataset/train/NORMAL/normal_train_1703.jpg,0,512x512
train,NORMAL,/media/miglab/DATA_20TB1/OCT/archive/RetinalOCT_Dataset/RetinalOCT_Dataset/train/NORMAL/normal_train_2836.jpg,0,496x512
train,NORMAL,/media/miglab/DATA_20TB1/OCT/archive/RetinalOCT_Dataset/RetinalOCT_Dataset/train/NORMAL/normal_train_2666.jpg,0,496x512
train,NORMAL,/media/miglab/DATA_20TB1/OCT/archive/RetinalOCT_Dataset/RetinalOCT_Dataset/train/NORMAL/normal_train_1783.jpg,0,496x512
train,NORMAL,/media/miglab/DATA_20TB1/OCT/archive/RetinalOCT_Dataset/RetinalOCT_Dataset/train/NORMAL/normal_train_1468.jpg,0,496x768
train,NORMAL,/media/miglab/DATA_20TB1/OCT/archive/RetinalOCT_Dataset/RetinalOCT_Dataset/train/NORMAL/normal_train_2901.jpg,0,496x512
train,NORMAL,/media/miglab/DATA_20TB1/OCT/archive/RetinalOCT_Dataset/RetinalOCT_Dataset/train/NORMAL/normal_train_2364.jpg,0,496x512
train,NORMAL,/media/miglab/DATA_20TB1/OCT/archive/RetinalOCT_Dataset/RetinalOCT_Dataset/train/NORMAL/normal_train_3233.jpg,0,496x512
train,NORMAL,/media/miglab/DATA_20TB1/OCT/archive/RetinalOCT_Dataset/RetinalOCT_Dataset/train/NORMAL/normal_train_1747.jpg,0,512x512
train,NORMAL,/media/miglab/DATA_20TB1/OCT/archive/RetinalOCT_Dataset/RetinalOCT_Dataset/train/NORMAL/normal_train_1087.jpg,0,512x512
train,NORMAL,/media/miglab/DATA_20TB1/OCT/archive/RetinalOCT_Dataset/RetinalOCT_Dataset/train/NORMAL/normal_train_1033.jpg,0,496x768
train,NORMAL,/media/miglab/DATA_20TB1/OCT/archive/RetinalOCT_Dataset/RetinalOCT_Dataset/train/NORMAL/normal_train_2330.jpg,0,496x768
train,NORMAL,/media/miglab/DATA_20TB1/OCT/archive/RetinalOCT_Dataset/RetinalOCT_Dataset/train/NORMAL/normal_train_2835.jpg,0,496x768
train,NORMAL,/media/miglab/DATA_20TB1/OCT/archive/RetinalOCT_Dataset/RetinalOCT_Dataset/train/NORMAL/normal_train_1105.jpg,0,512x512
train,NORMAL,/media/miglab/DATA_20TB1/OCT/archive/RetinalOCT_Dataset/RetinalOCT_Dataset/train/NORMAL/normal_train_2513.jpg,0,496x512
train,NORMAL,/media/miglab/DATA_20TB1/OCT/archive/RetinalOCT_Dataset/RetinalOCT_Dataset/train/NORMAL/normal_train_3092.jpg,0,496x768
train,NORMAL,/media/miglab/DATA_20TB1/OCT/archive/RetinalOCT_Dataset/RetinalOCT_Dataset/train/NORMAL/normal_train_2818.jpg,0,496x512
train,NORMAL,/media/miglab/DATA_20TB1/OCT/archive/RetinalOCT_Dataset/RetinalOCT_Dataset/train/NORMAL/normal_train_2164.jpg,0,496x768
train,NORMAL,/media/miglab/DATA_20TB1/OCT/archive/RetinalOCT_Dataset/RetinalOCT_Dataset/train/NORMAL/normal_train_1118.jpg,0,512x512
train,NORMAL,/media/miglab/DATA_20TB1/OCT/archive/RetinalOCT_Dataset/RetinalOCT_Dataset/train/NORMAL/normal_train_1991.jpg,0,496x512
train,NORMAL,/media/miglab/DATA_20TB1/OCT/archive/RetinalOCT_Dataset/RetinalOCT_Dataset/train/NORMAL/normal_train_1651.jpg,0,512x512
train,NORMAL,/media/miglab/DATA_20TB1/OCT/archive/RetinalOCT_Dataset/RetinalOCT_Dataset/train/NORMAL/normal_train_1276.jpg,0,496x512
train,NORMAL,/media/miglab/DATA_20TB1/OCT/archive/RetinalOCT_Dataset/RetinalOCT_Dataset/train/NORMAL/normal_train_3200.jpg,0,512x512
train,NORMAL,/media/miglab/DATA_20TB1/OCT/archive/RetinalOCT_Dataset/RetinalOCT_Dataset/train/NORMAL/normal_train_1437.jpg,0,496x512
train,NORMAL,/media/miglab/DATA_20TB1/OCT/archive/RetinalOCT_Dataset/RetinalOCT_Dataset/train/NORMAL/normal_train_3244.jpg,0,496x512
train,NORMAL,/media/miglab/DATA_20TB1/OCT/archive/RetinalOCT_Dataset/RetinalOCT_Dataset/train/NORMAL/normal_train_2680.jpg,0,496x512
train,NORMAL,/media/miglab/DATA_20TB1/OCT/archive/RetinalOCT_Dataset/RetinalOCT_Dataset/train/NORMAL/normal_train_2630.jpg,0,512x512
train,NORMAL,/media/miglab/DATA_20TB1/OCT/archive/RetinalOCT_Dataset/RetinalOCT_Dataset/train/NORMAL/normal_train_1775.jpg,0,496x768
train,NORMAL,/media/miglab/DATA_20TB1/OCT/archive/RetinalOCT_Dataset/RetinalOCT_Dataset/train/NORMAL/normal_train_2452.jpg,0,512x512
train,NORMAL,/media/miglab/DATA_20TB1/OCT/archive/RetinalOCT_Dataset/RetinalOCT_Dataset/train/NORMAL/normal_train_2236.jpg,0,512x512
train,NORMAL,/media/miglab/DATA_20TB1/OCT/archive/RetinalOCT_Dataset/RetinalOCT_Dataset/train/NORMAL/normal_train_1413.jpg,0,496x768
train,NORMAL,/media/miglab/DATA_20TB1/OCT/archive/RetinalOCT_Dataset/RetinalOCT_Dataset/train/NORMAL/normal_train_1561.jpg,0,512x512
train,NORMAL,/media/miglab/DATA_20TB1/OCT/archive/RetinalOCT_Dataset/RetinalOCT_Dataset/train/NORMAL/normal_train_2798.jpg,0,496x512
train,NORMAL,/media/miglab/DATA_20TB1/OCT/archive/RetinalOCT_Dataset/RetinalOCT_Dataset/train/NORMAL/normal_train_2424.jpg,0,496x768
train,NORMAL,/media/miglab/DATA_20TB1/OCT/archive/RetinalOCT_Dataset/RetinalOCT_Dataset/train/NORMAL/normal_train_2187.jpg,0,496x512
train,NORMAL,/media/miglab/DATA_20TB1/OCT/archive/RetinalOCT_Dataset/RetinalOCT_Dataset/train/NORMAL/normal_train_2218.jpg,0,496x512
train,NORMAL,/media/miglab/DATA_20TB1/OCT/archive/RetinalOCT_Dataset/RetinalOCT_Dataset/train/NORMAL/normal_train_2547.jpg,0,512x512
train,NORMAL,/media/miglab/DATA_20TB1/OCT/archive/RetinalOCT_Dataset/RetinalOCT_Dataset/train/NORMAL/normal_train_1192.jpg,0,496x768
train,NORMAL,/media/miglab/DATA_20TB1/OCT/archive/RetinalOCT_Dataset/RetinalOCT_Dataset/train/NORMAL/normal_train_2856.jpg,0,496x512
train,NORMAL,/media/miglab/DATA_20TB1/OCT/archive/RetinalOCT_Dataset/RetinalOCT_Dataset/train/NORMAL/normal_train_2980.jpg,0,496x768
train,NORMAL,/media/miglab/DATA_20TB1/OCT/archive/RetinalOCT_Dataset/RetinalOCT_Dataset/train/NORMAL/normal_train_1426.jpg,0,496x512
train,NORMAL,/media/miglab/DATA_20TB1/OCT/archive/RetinalOCT_Dataset/RetinalOCT_Dataset/train/NORMAL/normal_train_2146.jpg,0,512x512
train,NORMAL,/media/miglab/DATA_20TB1/OCT/archive/RetinalOCT_Dataset/RetinalOCT_Dataset/train/NORMAL/normal_train_3213.jpg,0,496x768
train,NORMAL,/media/miglab/DATA_20TB1/OCT/archive/RetinalOCT_Dataset/RetinalOCT_Dataset/train/NORMAL/normal_train_1586.jpg,0,512x512
train,NORMAL,/media/miglab/DATA_20TB1/OCT/archive/RetinalOCT_Dataset/RetinalOCT_Dataset/train/NORMAL/normal_train_2335.jpg,0,496x768
train,NORMAL,/media/miglab/DATA_20TB1/OCT/archive/RetinalOCT_Dataset/RetinalOCT_Dataset/train/NORMAL/normal_train_1823.jpg,0,496x768
train,NORMAL,/media/miglab/DATA_20TB1/OCT/archive/RetinalOCT_Dataset/RetinalOCT_Dataset/train/NORMAL/normal_train_1101.jpg,0,512x512
train,NORMAL,/media/miglab/DATA_20TB1/OCT/archive/RetinalOCT_Dataset/RetinalOCT_Dataset/train/NORMAL/normal_train_1220.jpg,0,496x512
train,NORMAL,/media/miglab/DATA_20TB1/OCT/archive/RetinalOCT_Dataset/RetinalOCT_Dataset/train/NORMAL/normal_train_1926.jpg,0,496x512
train,NORMAL,/media/miglab/DATA_20TB1/OCT/archive/RetinalOCT_Dataset/RetinalOCT_Dataset/train/NORMAL/normal_train_2410.jpg,0,512x512
train,NORMAL,/media/miglab/DATA_20TB1/OCT/archive/RetinalOCT_Dataset/RetinalOCT_Dataset/train/NORMAL/normal_train_2581.jpg,0,496x512
train,NORMAL,/media/miglab/DATA_20TB1/OCT/archive/RetinalOCT_Dataset/RetinalOCT_Dataset/train/NORMAL/normal_train_2010.jpg,0,512x512
train,NORMAL,/media/miglab/DATA_20TB1/OCT/archive/RetinalOCT_Dataset/RetinalOCT_Dataset/train/NORMAL/normal_train_1613.jpg,0,496x512
train,NORMAL,/media/miglab/DATA_20TB1/OCT/archive/RetinalOCT_Dataset/RetinalOCT_Dataset/train/NORMAL/normal_train_1017.jpg,0,496x512
train,NORMAL,/media/miglab/DATA_20TB1/OCT/archive/RetinalOCT_Dataset/RetinalOCT_Dataset/train/NORMAL/normal_train_2582.jpg,0,496x512
train,NORMAL,/media/miglab/DATA_20TB1/OCT/archive/RetinalOCT_Dataset/RetinalOCT_Dataset/train/NORMAL/normal_train_2020.jpg,0,512x512
train,NORMAL,/media/miglab/DATA_20TB1/OCT/archive/RetinalOCT_Dataset/RetinalOCT_Dataset/train/NORMAL/normal_train_2116.jpg,0,512x512
train,NORMAL,/media/miglab/DATA_20TB1/OCT/archive/RetinalOCT_Dataset/RetinalOCT_Dataset/train/NORMAL/normal_train_2297.jpg,0,496x768
train,NORMAL,/media/miglab/DATA_20TB1/OCT/archive/RetinalOCT_Dataset/RetinalOCT_Dataset/train/NORMAL/normal_train_1668.jpg,0,512x512
train,NORMAL,/media/miglab/DATA_20TB1/OCT/archive/RetinalOCT_Dataset/RetinalOCT_Dataset/train/NORMAL/normal_train_3263.jpg,0,496x768
train,NORMAL,/media/miglab/DATA_20TB1/OCT/archive/RetinalOCT_Dataset/RetinalOCT_Dataset/train/NORMAL/normal_train_1015.jpg,0,496x768
train,NORMAL,/media/miglab/DATA_20TB1/OCT/archive/RetinalOCT_Dataset/RetinalOCT_Dataset/train/NORMAL/normal_train_2163.jpg,0,496x512
train,NORMAL,/media/miglab/DATA_20TB1/OCT/archive/RetinalOCT_Dataset/RetinalOCT_Dataset/train/NORMAL/normal_train_2880.jpg,0,496x768
train,NORMAL,/media/miglab/DATA_20TB1/OCT/archive/RetinalOCT_Dataset/RetinalOCT_Dataset/train/NORMAL/normal_train_1154.jpg,0,512x512
train,NORMAL,/media/miglab/DATA_20TB1/OCT/archive/RetinalOCT_Dataset/RetinalOCT_Dataset/train/NORMAL/normal_train_3009.jpg,0,496x768
train,NORMAL,/media/miglab/DATA_20TB1/OCT/archive/RetinalOCT_Dataset/RetinalOCT_Dataset/train/NORMAL/normal_train_2488.jpg,0,496x768
train,NORMAL,/media/miglab/DATA_20TB1/OCT/archive/RetinalOCT_Dataset/RetinalOCT_Dataset/train/NORMAL/normal_train_1812.jpg,0,496x512
train,NORMAL,/media/miglab/DATA_20TB1/OCT/archive/RetinalOCT_Dataset/RetinalOCT_Dataset/train/NORMAL/normal_train_2557.jpg,0,496x512
train,NORMAL,/media/miglab/DATA_20TB1/OCT/archive/RetinalOCT_Dataset/RetinalOCT_Dataset/train/NORMAL/normal_train_2668.jpg,0,496x512
train,NORMAL,/media/miglab/DATA_20TB1/OCT/archive/RetinalOCT_Dataset/RetinalOCT_Dataset/train/NORMAL/normal_train_1102.jpg,0,512x512
train,NORMAL,/media/miglab/DATA_20TB1/OCT/archive/RetinalOCT_Dataset/RetinalOCT_Dataset/train/NORMAL/normal_train_1084.jpg,0,512x512
train,NORMAL,/media/miglab/DATA_20TB1/OCT/archive/RetinalOCT_Dataset/RetinalOCT_Dataset/train/NORMAL/normal_train_2731.jpg,0,496x768
train,NORMAL,/media/miglab/DATA_20TB1/OCT/archive/RetinalOCT_Dataset/RetinalOCT_Dataset/train/NORMAL/normal_train_2562.jpg,0,496x768
train,NORMAL,/media/miglab/DATA_20TB1/OCT/archive/RetinalOCT_Dataset/RetinalOCT_Dataset/train/NORMAL/normal_train_2349.jpg,0,512x512
train,NORMAL,/media/miglab/DATA_20TB1/OCT/archive/RetinalOCT_Dataset/RetinalOCT_Dataset/train/NORMAL/normal_train_1309.jpg,0,496x512
train,NORMAL,/media/miglab/DATA_20TB1/OCT/archive/RetinalOCT_Dataset/RetinalOCT_Dataset/train/NORMAL/normal_train_1673.jpg,0,512x512
train,NORMAL,/media/miglab/DATA_20TB1/OCT/archive/RetinalOCT_Dataset/RetinalOCT_Dataset/train/NORMAL/normal_train_1540.jpg,0,496x768
train,NORMAL,/media/miglab/DATA_20TB1/OCT/archive/RetinalOCT_Dataset/RetinalOCT_Dataset/train/NORMAL/normal_train_1544.jpg,0,496x512
train,NORMAL,/media/miglab/DATA_20TB1/OCT/archive/RetinalOCT_Dataset/RetinalOCT_Dataset/train/NORMAL/normal_train_2590.jpg,0,496x512
train,NORMAL,/media/miglab/DATA_20TB1/OCT/archive/RetinalOCT_Dataset/RetinalOCT_Dataset/train/NORMAL/normal_train_1844.jpg,0,496x768
train,NORMAL,/media/miglab/DATA_20TB1/OCT/archive/RetinalOCT_Dataset/RetinalOCT_Dataset/train/NORMAL/normal_train_1979.jpg,0,496x768
train,NORMAL,/media/miglab/DATA_20TB1/OCT/archive/RetinalOCT_Dataset/RetinalOCT_Dataset/train/NORMAL/normal_train_1273.jpg,0,512x512
train,NORMAL,/media/miglab/DATA_20TB1/OCT/archive/RetinalOCT_Dataset/RetinalOCT_Dataset/train/NORMAL/normal_train_2371.jpg,0,496x512
train,NORMAL,/media/miglab/DATA_20TB1/OCT/archive/RetinalOCT_Dataset/RetinalOCT_Dataset/train/NORMAL/normal_train_1698.jpg,0,512x512
train,NORMAL,/media/miglab/DATA_20TB1/OCT/archive/RetinalOCT_Dataset/RetinalOCT_Dataset/train/NORMAL/normal_train_2649.jpg,0,512x512
train,NORMAL,/media/miglab/DATA_20TB1/OCT/archive/RetinalOCT_Dataset/RetinalOCT_Dataset/train/NORMAL/normal_train_1715.jpg,0,512x512
train,NORMAL,/media/miglab/DATA_20TB1/OCT/archive/RetinalOCT_Dataset/RetinalOCT_Dataset/train/NORMAL/normal_train_1390.jpg,0,496x768
train,NORMAL,/media/miglab/DATA_20TB1/OCT/archive/RetinalOCT_Dataset/RetinalOCT_Dataset/train/NORMAL/normal_train_1543.jpg,0,496x512
train,NORMAL,/media/miglab/DATA_20TB1/OCT/archive/RetinalOCT_Dataset/RetinalOCT_Dataset/train/NORMAL/normal_train_3099.jpg,0,512x512
train,NORMAL,/media/miglab/DATA_20TB1/OCT/archive/RetinalOCT_Dataset/RetinalOCT_Dataset/train/NORMAL/normal_train_2090.jpg,0,496x768
train,NORMAL,/media/miglab/DATA_20TB1/OCT/archive/RetinalOCT_Dataset/RetinalOCT_Dataset/train/NORMAL/normal_train_2013.jpg,0,496x512
train,NORMAL,/media/miglab/DATA_20TB1/OCT/archive/RetinalOCT_Dataset/RetinalOCT_Dataset/train/NORMAL/normal_train_2960.jpg,0,512x512
train,NORMAL,/media/miglab/DATA_20TB1/OCT/archive/RetinalOCT_Dataset/RetinalOCT_Dataset/train/NORMAL/normal_train_2805.jpg,0,496x512
train,NORMAL,/media/miglab/DATA_20TB1/OCT/archive/RetinalOCT_Dataset/RetinalOCT_Dataset/train/NORMAL/normal_train_2884.jpg,0,496x512
train,NORMAL,/media/miglab/DATA_20TB1/OCT/archive/RetinalOCT_Dataset/RetinalOCT_Dataset/train/NORMAL/normal_train_1093.jpg,0,512x512
train,NORMAL,/media/miglab/DATA_20TB1/OCT/archive/RetinalOCT_Dataset/RetinalOCT_Dataset/train/NORMAL/normal_train_3165.jpg,0,496x768
train,NORMAL,/media/miglab/DATA_20TB1/OCT/archive/RetinalOCT_Dataset/RetinalOCT_Dataset/train/NORMAL/normal_train_2868.jpg,0,496x512
train,NORMAL,/media/miglab/DATA_20TB1/OCT/archive/RetinalOCT_Dataset/RetinalOCT_Dataset/train/NORMAL/normal_train_1680.jpg,0,512x512
train,NORMAL,/media/miglab/DATA_20TB1/OCT/archive/RetinalOCT_Dataset/RetinalOCT_Dataset/train/NORMAL/normal_train_2005.jpg,0,512x512
train,NORMAL,/media/miglab/DATA_20TB1/OCT/archive/RetinalOCT_Dataset/RetinalOCT_Dataset/train/NORMAL/normal_train_2723.jpg,0,496x512
train,NORMAL,/media/miglab/DATA_20TB1/OCT/archive/RetinalOCT_Dataset/RetinalOCT_Dataset/train/NORMAL/normal_train_1996.jpg,0,496x512
train,NORMAL,/media/miglab/DATA_20TB1/OCT/archive/RetinalOCT_Dataset/RetinalOCT_Dataset/train/NORMAL/normal_train_1361.jpg,0,496x512
train,NORMAL,/media/miglab/DATA_20TB1/OCT/archive/RetinalOCT_Dataset/RetinalOCT_Dataset/train/NORMAL/normal_train_1291.jpg,0,496x512
train,NORMAL,/media/miglab/DATA_20TB1/OCT/archive/RetinalOCT_Dataset/RetinalOCT_Dataset/train/NORMAL/normal_train_3300.jpg,0,512x512
train,NORMAL,/media/miglab/DATA_20TB1/OCT/archive/RetinalOCT_Dataset/RetinalOCT_Dataset/train/NORMAL/normal_train_2743.jpg,0,496x512
train,NORMAL,/media/miglab/DATA_20TB1/OCT/archive/RetinalOCT_Dataset/RetinalOCT_Dataset/train/NORMAL/normal_train_2658.jpg,0,512x512
train,NORMAL,/media/miglab/DATA_20TB1/OCT/archive/RetinalOCT_Dataset/RetinalOCT_Dataset/train/NORMAL/normal_train_3262.jpg,0,496x512
train,NORMAL,/media/miglab/DATA_20TB1/OCT/archive/RetinalOCT_Dataset/RetinalOCT_Dataset/train/NORMAL/normal_train_1645.jpg,0,512x512
train,NORMAL,/media/miglab/DATA_20TB1/OCT/archive/RetinalOCT_Dataset/RetinalOCT_Dataset/train/NORMAL/normal_train_3078.jpg,0,496x768
train,NORMAL,/media/miglab/DATA_20TB1/OCT/archive/RetinalOCT_Dataset/RetinalOCT_Dataset/train/NORMAL/normal_train_2522.jpg,0,496x512
train,NORMAL,/media/miglab/DATA_20TB1/OCT/archive/RetinalOCT_Dataset/RetinalOCT_Dataset/train/NORMAL/normal_train_2773.jpg,0,496x512
train,NORMAL,/media/miglab/DATA_20TB1/OCT/archive/RetinalOCT_Dataset/RetinalOCT_Dataset/train/NORMAL/normal_train_2709.jpg,0,496x512
train,NORMAL,/media/miglab/DATA_20TB1/OCT/archive/RetinalOCT_Dataset/RetinalOCT_Dataset/train/NORMAL/normal_train_3294.jpg,0,496x512
train,NORMAL,/media/miglab/DATA_20TB1/OCT/archive/RetinalOCT_Dataset/RetinalOCT_Dataset/train/NORMAL/normal_train_1563.jpg,0,496x512
train,NORMAL,/media/miglab/DATA_20TB1/OCT/archive/RetinalOCT_Dataset/RetinalOCT_Dataset/train/NORMAL/normal_train_1546.jpg,0,496x512
train,NORMAL,/media/miglab/DATA_20TB1/OCT/archive/RetinalOCT_Dataset/RetinalOCT_Dataset/train/NORMAL/normal_train_1635.jpg,0,496x512
train,NORMAL,/media/miglab/DATA_20TB1/OCT/archive/RetinalOCT_Dataset/RetinalOCT_Dataset/train/NORMAL/normal_train_3194.jpg,0,496x512
train,NORMAL,/media/miglab/DATA_20TB1/OCT/archive/RetinalOCT_Dataset/RetinalOCT_Dataset/train/NORMAL/normal_train_1006.jpg,0,496x512
train,NORMAL,/media/miglab/DATA_20TB1/OCT/archive/RetinalOCT_Dataset/RetinalOCT_Dataset/train/NORMAL/normal_train_2147.jpg,0,512x512
train,NORMAL,/media/miglab/DATA_20TB1/OCT/archive/RetinalOCT_Dataset/RetinalOCT_Dataset/train/NORMAL/normal_train_2839.jpg,0,496x512
train,NORMAL,/media/miglab/DATA_20TB1/OCT/archive/RetinalOCT_Dataset/RetinalOCT_Dataset/train/NORMAL/normal_train_3046.jpg,0,496x512
train,NORMAL,/media/miglab/DATA_20TB1/OCT/archive/RetinalOCT_Dataset/RetinalOCT_Dataset/train/NORMAL/normal_train_1982.jpg,0,496x512
train,NORMAL,/media/miglab/DATA_20TB1/OCT/archive/RetinalOCT_Dataset/RetinalOCT_Dataset/train/NORMAL/normal_train_1135.jpg,0,512x512
train,NORMAL,/media/miglab/DATA_20TB1/OCT/archive/RetinalOCT_Dataset/RetinalOCT_Dataset/train/NORMAL/normal_train_1654.jpg,0,496x512
train,NORMAL,/media/miglab/DATA_20TB1/OCT/archive/RetinalOCT_Dataset/RetinalOCT_Dataset/train/NORMAL/normal_train_1837.jpg,0,496x768
train,NORMAL,/media/miglab/DATA_20TB1/OCT/archive/RetinalOCT_Dataset/RetinalOCT_Dataset/train/NORMAL/normal_train_2399.jpg,0,512x512
train,NORMAL,/media/miglab/DATA_20TB1/OCT/archive/RetinalOCT_Dataset/RetinalOCT_Dataset/train/NORMAL/normal_train_1325.jpg,0,496x768
train,NORMAL,/media/miglab/DATA_20TB1/OCT/archive/RetinalOCT_Dataset/RetinalOCT_Dataset/train/NORMAL/normal_train_1193.jpg,0,496x768
train,NORMAL,/media/miglab/DATA_20TB1/OCT/archive/RetinalOCT_Dataset/RetinalOCT_Dataset/train/NORMAL/normal_train_1348.jpg,0,496x512
train,NORMAL,/media/miglab/DATA_20TB1/OCT/archive/RetinalOCT_Dataset/RetinalOCT_Dataset/train/NORMAL/normal_train_2152.jpg,0,512x512
train,NORMAL,/media/miglab/DATA_20TB1/OCT/archive/RetinalOCT_Dataset/RetinalOCT_Dataset/train/NORMAL/normal_train_2694.jpg,0,496x768
train,NORMAL,/media/miglab/DATA_20TB1/OCT/archive/RetinalOCT_Dataset/RetinalOCT_Dataset/train/NORMAL/normal_train_1983.jpg,0,512x512
train,NORMAL,/media/miglab/DATA_20TB1/OCT/archive/RetinalOCT_Dataset/RetinalOCT_Dataset/train/NORMAL/normal_train_3019.jpg,0,512x512
train,NORMAL,/media/miglab/DATA_20TB1/OCT/archive/RetinalOCT_Dataset/RetinalOCT_Dataset/train/NORMAL/normal_train_1774.jpg,0,496x512
train,NORMAL,/media/miglab/DATA_20TB1/OCT/archive/RetinalOCT_Dataset/RetinalOCT_Dataset/train/NORMAL/normal_train_2096.jpg,0,496x512
train,NORMAL,/media/miglab/DATA_20TB1/OCT/archive/RetinalOCT_Dataset/RetinalOCT_Dataset/train/NORMAL/normal_train_1253.jpg,0,496x768
train,NORMAL,/media/miglab/DATA_20TB1/OCT/archive/RetinalOCT_Dataset/RetinalOCT_Dataset/train/NORMAL/normal_train_2210.jpg,0,496x512
train,NORMAL,/media/miglab/DATA_20TB1/OCT/archive/RetinalOCT_Dataset/RetinalOCT_Dataset/train/NORMAL/normal_train_2622.jpg,0,496x512
train,NORMAL,/media/miglab/DATA_20TB1/OCT/archive/RetinalOCT_Dataset/RetinalOCT_Dataset/train/NORMAL/normal_train_1072.jpg,0,512x512
train,NORMAL,/media/miglab/DATA_20TB1/OCT/archive/RetinalOCT_Dataset/RetinalOCT_Dataset/train/NORMAL/normal_train_1508.jpg,0,496x768
train,NORMAL,/media/miglab/DATA_20TB1/OCT/archive/RetinalOCT_Dataset/RetinalOCT_Dataset/train/NORMAL/normal_train_1588.jpg,0,512x512
train,NORMAL,/media/miglab/DATA_20TB1/OCT/archive/RetinalOCT_Dataset/RetinalOCT_Dataset/train/NORMAL/normal_train_1461.jpg,0,496x768
train,NORMAL,/media/miglab/DATA_20TB1/OCT/archive/RetinalOCT_Dataset/RetinalOCT_Dataset/train/NORMAL/normal_train_1858.jpg,0,496x512
train,NORMAL,/media/miglab/DATA_20TB1/OCT/archive/RetinalOCT_Dataset/RetinalOCT_Dataset/train/NORMAL/normal_train_2841.jpg,0,496x512
train,NORMAL,/media/miglab/DATA_20TB1/OCT/archive/RetinalOCT_Dataset/RetinalOCT_Dataset/train/NORMAL/normal_train_2303.jpg,0,496x512
train,NORMAL,/media/miglab/DATA_20TB1/OCT/archive/RetinalOCT_Dataset/RetinalOCT_Dataset/train/NORMAL/normal_train_2030.jpg,0,496x512
train,NORMAL,/media/miglab/DATA_20TB1/OCT/archive/RetinalOCT_Dataset/RetinalOCT_Dataset/train/NORMAL/normal_train_2023.jpg,0,496x768
train,NORMAL,/media/miglab/DATA_20TB1/OCT/archive/RetinalOCT_Dataset/RetinalOCT_Dataset/train/NORMAL/normal_train_2757.jpg,0,496x768
train,NORMAL,/media/miglab/DATA_20TB1/OCT/archive/RetinalOCT_Dataset/RetinalOCT_Dataset/train/NORMAL/normal_train_2609.jpg,0,512x512
train,NORMAL,/media/miglab/DATA_20TB1/OCT/archive/RetinalOCT_Dataset/RetinalOCT_Dataset/train/NORMAL/normal_train_2715.jpg,0,512x512
train,NORMAL,/media/miglab/DATA_20TB1/OCT/archive/RetinalOCT_Dataset/RetinalOCT_Dataset/train/NORMAL/normal_train_2433.jpg,0,496x512
train,NORMAL,/media/miglab/DATA_20TB1/OCT/archive/RetinalOCT_Dataset/RetinalOCT_Dataset/train/NORMAL/normal_train_1854.jpg,0,496x512
train,NORMAL,/media/miglab/DATA_20TB1/OCT/archive/RetinalOCT_Dataset/RetinalOCT_Dataset/train/NORMAL/normal_train_2251.jpg,0,496x512
train,NORMAL,/media/miglab/DATA_20TB1/OCT/archive/RetinalOCT_Dataset/RetinalOCT_Dataset/train/NORMAL/normal_train_1149.jpg,0,496x768
train,NORMAL,/media/miglab/DATA_20TB1/OCT/archive/RetinalOCT_Dataset/RetinalOCT_Dataset/train/NORMAL/normal_train_1887.jpg,0,496x768
train,NORMAL,/media/miglab/DATA_20TB1/OCT/archive/RetinalOCT_Dataset/RetinalOCT_Dataset/train/NORMAL/normal_train_2664.jpg,0,496x768
train,NORMAL,/media/miglab/DATA_20TB1/OCT/archive/RetinalOCT_Dataset/RetinalOCT_Dataset/train/NORMAL/normal_train_1797.jpg,0,496x512
train,NORMAL,/media/miglab/DATA_20TB1/OCT/archive/RetinalOCT_Dataset/RetinalOCT_Dataset/train/NORMAL/normal_train_2018.jpg,0,496x512
train,NORMAL,/media/miglab/DATA_20TB1/OCT/archive/RetinalOCT_Dataset/RetinalOCT_Dataset/train/NORMAL/normal_train_2497.jpg,0,496x512
train,NORMAL,/media/miglab/DATA_20TB1/OCT/archive/RetinalOCT_Dataset/RetinalOCT_Dataset/train/NORMAL/normal_train_1517.jpg,0,496x768
train,NORMAL,/media/miglab/DATA_20TB1/OCT/archive/RetinalOCT_Dataset/RetinalOCT_Dataset/train/NORMAL/normal_train_3146.jpg,0,512x512
train,NORMAL,/media/miglab/DATA_20TB1/OCT/archive/RetinalOCT_Dataset/RetinalOCT_Dataset/train/NORMAL/normal_train_1287.jpg,0,512x512
train,NORMAL,/media/miglab/DATA_20TB1/OCT/archive/RetinalOCT_Dataset/RetinalOCT_Dataset/train/NORMAL/normal_train_1749.jpg,0,512x512
train,NORMAL,/media/miglab/DATA_20TB1/OCT/archive/RetinalOCT_Dataset/RetinalOCT_Dataset/train/NORMAL/normal_train_2290.jpg,0,496x768
train,NORMAL,/media/miglab/DATA_20TB1/OCT/archive/RetinalOCT_Dataset/RetinalOCT_Dataset/train/NORMAL/normal_train_2245.jpg,0,496x768
train,NORMAL,/media/miglab/DATA_20TB1/OCT/archive/RetinalOCT_Dataset/RetinalOCT_Dataset/train/NORMAL/normal_train_1753.jpg,0,512x512
train,NORMAL,/media/miglab/DATA_20TB1/OCT/archive/RetinalOCT_Dataset/RetinalOCT_Dataset/train/NORMAL/normal_train_1158.jpg,0,496x512
train,NORMAL,/media/miglab/DATA_20TB1/OCT/archive/RetinalOCT_Dataset/RetinalOCT_Dataset/train/NORMAL/normal_train_1504.jpg,0,496x512
train,NORMAL,/media/miglab/DATA_20TB1/OCT/archive/RetinalOCT_Dataset/RetinalOCT_Dataset/train/NORMAL/normal_train_1201.jpg,0,512x512
train,NORMAL,/media/miglab/DATA_20TB1/OCT/archive/RetinalOCT_Dataset/RetinalOCT_Dataset/train/NORMAL/normal_train_2211.jpg,0,512x512
train,NORMAL,/media/miglab/DATA_20TB1/OCT/archive/RetinalOCT_Dataset/RetinalOCT_Dataset/train/NORMAL/normal_train_1652.jpg,0,512x512
train,NORMAL,/media/miglab/DATA_20TB1/OCT/archive/RetinalOCT_Dataset/RetinalOCT_Dataset/train/NORMAL/normal_train_1637.jpg,0,496x512
train,NORMAL,/media/miglab/DATA_20TB1/OCT/archive/RetinalOCT_Dataset/RetinalOCT_Dataset/train/NORMAL/normal_train_1555.jpg,0,496x512
train,NORMAL,/media/miglab/DATA_20TB1/OCT/archive/RetinalOCT_Dataset/RetinalOCT_Dataset/train/NORMAL/normal_train_2596.jpg,0,512x512
train,NORMAL,/media/miglab/DATA_20TB1/OCT/archive/RetinalOCT_Dataset/RetinalOCT_Dataset/train/NORMAL/normal_train_2279.jpg,0,512x512
train,NORMAL,/media/miglab/DATA_20TB1/OCT/archive/RetinalOCT_Dataset/RetinalOCT_Dataset/train/NORMAL/normal_train_1610.jpg,0,496x512
train,NORMAL,/media/miglab/DATA_20TB1/OCT/archive/RetinalOCT_Dataset/RetinalOCT_Dataset/train/NORMAL/normal_train_3197.jpg,0,496x512
train,NORMAL,/media/miglab/DATA_20TB1/OCT/archive/RetinalOCT_Dataset/RetinalOCT_Dataset/train/NORMAL/normal_train_3012.jpg,0,496x768
train,NORMAL,/media/miglab/DATA_20TB1/OCT/archive/RetinalOCT_Dataset/RetinalOCT_Dataset/train/NORMAL/normal_train_1881.jpg,0,496x768
train,NORMAL,/media/miglab/DATA_20TB1/OCT/archive/RetinalOCT_Dataset/RetinalOCT_Dataset/train/NORMAL/normal_train_1018.jpg,0,496x512
train,NORMAL,/media/miglab/DATA_20TB1/OCT/archive/RetinalOCT_Dataset/RetinalOCT_Dataset/train/NORMAL/normal_train_1727.jpg,0,512x512
train,NORMAL,/media/miglab/DATA_20TB1/OCT/archive/RetinalOCT_Dataset/RetinalOCT_Dataset/train/NORMAL/normal_train_1780.jpg,0,496x768
train,NORMAL,/media/miglab/DATA_20TB1/OCT/archive/RetinalOCT_Dataset/RetinalOCT_Dataset/train/NORMAL/normal_train_1028.jpg,0,496x768
train,NORMAL,/media/miglab/DATA_20TB1/OCT/archive/RetinalOCT_Dataset/RetinalOCT_Dataset/train/NORMAL/normal_train_1063.jpg,0,496x768
train,NORMAL,/media/miglab/DATA_20TB1/OCT/archive/RetinalOCT_Dataset/RetinalOCT_Dataset/train/NORMAL/normal_train_1611.jpg,0,496x768
train,NORMAL,/media/miglab/DATA_20TB1/OCT/archive/RetinalOCT_Dataset/RetinalOCT_Dataset/train/NORMAL/normal_train_2184.jpg,0,496x512
train,NORMAL,/media/miglab/DATA_20TB1/OCT/archive/RetinalOCT_Dataset/RetinalOCT_Dataset/train/NORMAL/normal_train_2107.jpg,0,512x512
train,NORMAL,/media/miglab/DATA_20TB1/OCT/archive/RetinalOCT_Dataset/RetinalOCT_Dataset/train/NORMAL/normal_train_1411.jpg,0,496x768
train,NORMAL,/media/miglab/DATA_20TB1/OCT/archive/RetinalOCT_Dataset/RetinalOCT_Dataset/train/NORMAL/normal_train_2564.jpg,0,496x512
train,NORMAL,/media/miglab/DATA_20TB1/OCT/archive/RetinalOCT_Dataset/RetinalOCT_Dataset/train/NORMAL/normal_train_1924.jpg,0,512x512
train,NORMAL,/media/miglab/DATA_20TB1/OCT/archive/RetinalOCT_Dataset/RetinalOCT_Dataset/train/NORMAL/normal_train_1113.jpg,0,512x512
train,NORMAL,/media/miglab/DATA_20TB1/OCT/archive/RetinalOCT_Dataset/RetinalOCT_Dataset/train/NORMAL/normal_train_1255.jpg,0,496x768
train,NORMAL,/media/miglab/DATA_20TB1/OCT/archive/RetinalOCT_Dataset/RetinalOCT_Dataset/train/NORMAL/normal_train_3198.jpg,0,496x768
train,NORMAL,/media/miglab/DATA_20TB1/OCT/archive/RetinalOCT_Dataset/RetinalOCT_Dataset/train/NORMAL/normal_train_2356.jpg,0,496x768
train,NORMAL,/media/miglab/DATA_20TB1/OCT/archive/RetinalOCT_Dataset/RetinalOCT_Dataset/train/NORMAL/normal_train_1334.jpg,0,496x512
train,NORMAL,/media/miglab/DATA_20TB1/OCT/archive/RetinalOCT_Dataset/RetinalOCT_Dataset/train/NORMAL/normal_train_2879.jpg,0,496x512
train,NORMAL,/media/miglab/DATA_20TB1/OCT/archive/RetinalOCT_Dataset/RetinalOCT_Dataset/train/NORMAL/normal_train_1590.jpg,0,496x512
train,NORMAL,/media/miglab/DATA_20TB1/OCT/archive/RetinalOCT_Dataset/RetinalOCT_Dataset/train/NORMAL/normal_train_2299.jpg,0,496x512
train,NORMAL,/media/miglab/DATA_20TB1/OCT/archive/RetinalOCT_Dataset/RetinalOCT_Dataset/train/NORMAL/normal_train_2017.jpg,0,496x512
train,NORMAL,/media/miglab/DATA_20TB1/OCT/archive/RetinalOCT_Dataset/RetinalOCT_Dataset/train/NORMAL/normal_train_1493.jpg,0,512x512
train,NORMAL,/media/miglab/DATA_20TB1/OCT/archive/RetinalOCT_Dataset/RetinalOCT_Dataset/train/NORMAL/normal_train_2358.jpg,0,496x512
train,NORMAL,/media/miglab/DATA_20TB1/OCT/archive/RetinalOCT_Dataset/RetinalOCT_Dataset/train/NORMAL/normal_train_2466.jpg,0,496x768
train,NORMAL,/media/miglab/DATA_20TB1/OCT/archive/RetinalOCT_Dataset/RetinalOCT_Dataset/train/NORMAL/normal_train_2470.jpg,0,512x512
train,NORMAL,/media/miglab/DATA_20TB1/OCT/archive/RetinalOCT_Dataset/RetinalOCT_Dataset/train/NORMAL/normal_train_1784.jpg,0,496x512
train,NORMAL,/media/miglab/DATA_20TB1/OCT/archive/RetinalOCT_Dataset/RetinalOCT_Dataset/train/NORMAL/normal_train_1074.jpg,0,496x512
train,NORMAL,/media/miglab/DATA_20TB1/OCT/archive/RetinalOCT_Dataset/RetinalOCT_Dataset/train/NORMAL/normal_train_2542.jpg,0,496x512
train,NORMAL,/media/miglab/DATA_20TB1/OCT/archive/RetinalOCT_Dataset/RetinalOCT_Dataset/train/NORMAL/normal_train_1863.jpg,0,496x768
train,NORMAL,/media/miglab/DATA_20TB1/OCT/archive/RetinalOCT_Dataset/RetinalOCT_Dataset/train/NORMAL/normal_train_1768.jpg,0,512x512
train,NORMAL,/media/miglab/DATA_20TB1/OCT/archive/RetinalOCT_Dataset/RetinalOCT_Dataset/train/NORMAL/normal_train_1638.jpg,0,496x512
train,NORMAL,/media/miglab/DATA_20TB1/OCT/archive/RetinalOCT_Dataset/RetinalOCT_Dataset/train/NORMAL/normal_train_2036.jpg,0,512x512
train,NORMAL,/media/miglab/DATA_20TB1/OCT/archive/RetinalOCT_Dataset/RetinalOCT_Dataset/train/NORMAL/normal_train_1050.jpg,0,496x768
train,NORMAL,/media/miglab/DATA_20TB1/OCT/archive/RetinalOCT_Dataset/RetinalOCT_Dataset/train/NORMAL/normal_train_1994.jpg,0,496x512
train,NORMAL,/media/miglab/DATA_20TB1/OCT/archive/RetinalOCT_Dataset/RetinalOCT_Dataset/train/NORMAL/normal_train_1078.jpg,0,512x512
train,NORMAL,/media/miglab/DATA_20TB1/OCT/archive/RetinalOCT_Dataset/RetinalOCT_Dataset/train/NORMAL/normal_train_1368.jpg,0,496x512
train,NORMAL,/media/miglab/DATA_20TB1/OCT/archive/RetinalOCT_Dataset/RetinalOCT_Dataset/train/NORMAL/normal_train_2543.jpg,0,496x512
train,NORMAL,/media/miglab/DATA_20TB1/OCT/archive/RetinalOCT_Dataset/RetinalOCT_Dataset/train/NORMAL/normal_train_2162.jpg,0,496x512
train,NORMAL,/media/miglab/DATA_20TB1/OCT/archive/RetinalOCT_Dataset/RetinalOCT_Dataset/train/NORMAL/normal_train_1829.jpg,0,496x512
train,NORMAL,/media/miglab/DATA_20TB1/OCT/archive/RetinalOCT_Dataset/RetinalOCT_Dataset/train/NORMAL/normal_train_2016.jpg,0,496x512
train,NORMAL,/media/miglab/DATA_20TB1/OCT/archive/RetinalOCT_Dataset/RetinalOCT_Dataset/train/NORMAL/normal_train_3285.jpg,0,496x512
train,NORMAL,/media/miglab/DATA_20TB1/OCT/archive/RetinalOCT_Dataset/RetinalOCT_Dataset/train/NORMAL/normal_train_1576.jpg,0,496x768
train,NORMAL,/media/miglab/DATA_20TB1/OCT/archive/RetinalOCT_Dataset/RetinalOCT_Dataset/train/NORMAL/normal_train_2532.jpg,0,496x768
train,NORMAL,/media/miglab/DATA_20TB1/OCT/archive/RetinalOCT_Dataset/RetinalOCT_Dataset/train/NORMAL/normal_train_1952.jpg,0,496x512
train,NORMAL,/media/miglab/DATA_20TB1/OCT/archive/RetinalOCT_Dataset/RetinalOCT_Dataset/train/NORMAL/normal_train_2076.jpg,0,496x512
train,NORMAL,/media/miglab/DATA_20TB1/OCT/archive/RetinalOCT_Dataset/RetinalOCT_Dataset/train/NORMAL/normal_train_1620.jpg,0,496x768
train,NORMAL,/media/miglab/DATA_20TB1/OCT/archive/RetinalOCT_Dataset/RetinalOCT_Dataset/train/NORMAL/normal_train_1719.jpg,0,512x512
train,NORMAL,/media/miglab/DATA_20TB1/OCT/archive/RetinalOCT_Dataset/RetinalOCT_Dataset/train/NORMAL/normal_train_1653.jpg,0,496x512
train,NORMAL,/media/miglab/DATA_20TB1/OCT/archive/RetinalOCT_Dataset/RetinalOCT_Dataset/train/NORMAL/normal_train_1428.jpg,0,496x512
train,NORMAL,/media/miglab/DATA_20TB1/OCT/archive/RetinalOCT_Dataset/RetinalOCT_Dataset/train/NORMAL/normal_train_3153.jpg,0,496x512
train,NORMAL,/media/miglab/DATA_20TB1/OCT/archive/RetinalOCT_Dataset/RetinalOCT_Dataset/train/NORMAL/normal_train_1016.jpg,0,496x512
train,NORMAL,/media/miglab/DATA_20TB1/OCT/archive/RetinalOCT_Dataset/RetinalOCT_Dataset/train/NORMAL/normal_train_1421.jpg,0,496x512
train,NORMAL,/media/miglab/DATA_20TB1/OCT/archive/RetinalOCT_Dataset/RetinalOCT_Dataset/train/NORMAL/normal_train_1551.jpg,0,496x512
train,NORMAL,/media/miglab/DATA_20TB1/OCT/archive/RetinalOCT_Dataset/RetinalOCT_Dataset/train/NORMAL/normal_train_2748.jpg,0,496x768
train,NORMAL,/media/miglab/DATA_20TB1/OCT/archive/RetinalOCT_Dataset/RetinalOCT_Dataset/train/NORMAL/normal_train_1819.jpg,0,512x512
train,NORMAL,/media/miglab/DATA_20TB1/OCT/archive/RetinalOCT_Dataset/RetinalOCT_Dataset/train/NORMAL/normal_train_2354.jpg,0,496x512
train,NORMAL,/media/miglab/DATA_20TB1/OCT/archive/RetinalOCT_Dataset/RetinalOCT_Dataset/train/NORMAL/normal_train_1954.jpg,0,496x768
train,NORMAL,/media/miglab/DATA_20TB1/OCT/archive/RetinalOCT_Dataset/RetinalOCT_Dataset/train/NORMAL/normal_train_2592.jpg,0,496x768
train,NORMAL,/media/miglab/DATA_20TB1/OCT/archive/RetinalOCT_Dataset/RetinalOCT_Dataset/train/NORMAL/normal_train_1542.jpg,0,496x512
train,NORMAL,/media/miglab/DATA_20TB1/OCT/archive/RetinalOCT_Dataset/RetinalOCT_Dataset/train/NORMAL/normal_train_2256.jpg,0,512x512
train,NORMAL,/media/miglab/DATA_20TB1/OCT/archive/RetinalOCT_Dataset/RetinalOCT_Dataset/train/NORMAL/normal_train_2700.jpg,0,496x768
train,NORMAL,/media/miglab/DATA_20TB1/OCT/archive/RetinalOCT_Dataset/RetinalOCT_Dataset/train/NORMAL/normal_train_1389.jpg,0,496x768
train,NORMAL,/media/miglab/DATA_20TB1/OCT/archive/RetinalOCT_Dataset/RetinalOCT_Dataset/train/NORMAL/normal_train_2957.jpg,0,512x512
train,NORMAL,/media/miglab/DATA_20TB1/OCT/archive/RetinalOCT_Dataset/RetinalOCT_Dataset/train/NORMAL/normal_train_1618.jpg,0,496x512
train,NORMAL,/media/miglab/DATA_20TB1/OCT/archive/RetinalOCT_Dataset/RetinalOCT_Dataset/train/NORMAL/normal_train_1140.jpg,0,496x768
train,NORMAL,/media/miglab/DATA_20TB1/OCT/archive/RetinalOCT_Dataset/RetinalOCT_Dataset/train/NORMAL/normal_train_2503.jpg,0,512x512
val,NORMAL,/media/miglab/DATA_20TB1/OCT/archive/RetinalOCT_Dataset/RetinalOCT_Dataset/val/NORMAL/normal_val_1161.jpg,0,512x512
val,NORMAL,/media/miglab/DATA_20TB1/OCT/archive/RetinalOCT_Dataset/RetinalOCT_Dataset/val/NORMAL/normal_val_1024.jpg,0,512x512
val,NORMAL,/media/miglab/DATA_20TB1/OCT/archive/RetinalOCT_Dataset/RetinalOCT_Dataset/val/NORMAL/normal_val_1017.jpg,0,496x512
val,NORMAL,/media/miglab/DATA_20TB1/OCT/archive/RetinalOCT_Dataset/RetinalOCT_Dataset/val/NORMAL/normal_val_1238.jpg,0,496x512
val,NORMAL,/media/miglab/DATA_20TB1/OCT/archive/RetinalOCT_Dataset/RetinalOCT_Dataset/val/NORMAL/normal_val_1106.jpg,0,496x512
val,NORMAL,/media/miglab/DATA_20TB1/OCT/archive/RetinalOCT_Dataset/RetinalOCT_Dataset/val/NORMAL/normal_val_1331.jpg,0,496x768
val,NORMAL,/media/miglab/DATA_20TB1/OCT/archive/RetinalOCT_Dataset/RetinalOCT_Dataset/val/NORMAL/normal_val_1145.jpg,0,496x512
val,NORMAL,/media/miglab/DATA_20TB1/OCT/archive/RetinalOCT_Dataset/RetinalOCT_Dataset/val/NORMAL/normal_val_1242.jpg,0,512x512
val,NORMAL,/media/miglab/DATA_20TB1/OCT/archive/RetinalOCT_Dataset/RetinalOCT_Dataset/val/NORMAL/normal_val_1115.jpg,0,496x768
val,NORMAL,/media/miglab/DATA_20TB1/OCT/archive/RetinalOCT_Dataset/RetinalOCT_Dataset/val/NORMAL/normal_val_1180.jpg,0,496x768
val,NORMAL,/media/miglab/DATA_20TB1/OCT/archive/RetinalOCT_Dataset/RetinalOCT_Dataset/val/NORMAL/normal_val_1176.jpg,0,496x512
val,NORMAL,/media/miglab/DATA_20TB1/OCT/archive/RetinalOCT_Dataset/RetinalOCT_Dataset/val/NORMAL/normal_val_1143.jpg,0,496x512
val,NORMAL,/media/miglab/DATA_20TB1/OCT/archive/RetinalOCT_Dataset/RetinalOCT_Dataset/val/NORMAL/normal_val_1177.jpg,0,496x512
val,NORMAL,/media/miglab/DATA_20TB1/OCT/archive/RetinalOCT_Dataset/RetinalOCT_Dataset/val/NORMAL/normal_val_1083.jpg,0,496x512
val,NORMAL,/media/miglab/DATA_20TB1/OCT/archive/RetinalOCT_Dataset/RetinalOCT_Dataset/val/NORMAL/normal_val_1252.jpg,0,512x512
val,NORMAL,/media/miglab/DATA_20TB1/OCT/archive/RetinalOCT_Dataset/RetinalOCT_Dataset/val/NORMAL/normal_val_1316.jpg,0,512x512
val,NORMAL,/media/miglab/DATA_20TB1/OCT/archive/RetinalOCT_Dataset/RetinalOCT_Dataset/val/NORMAL/normal_val_1026.jpg,0,512x512
val,NORMAL,/media/miglab/DATA_20TB1/OCT/archive/RetinalOCT_Dataset/RetinalOCT_Dataset/val/NORMAL/normal_val_1093.jpg,0,496x512
val,NORMAL,/media/miglab/DATA_20TB1/OCT/archive/RetinalOCT_Dataset/RetinalOCT_Dataset/val/NORMAL/normal_val_1278.jpg,0,496x512
val,NORMAL,/media/miglab/DATA_20TB1/OCT/archive/RetinalOCT_Dataset/RetinalOCT_Dataset/val/NORMAL/normal_val_1013.jpg,0,496x768
val,NORMAL,/media/miglab/DATA_20TB1/OCT/archive/RetinalOCT_Dataset/RetinalOCT_Dataset/val/NORMAL/normal_val_1045.jpg,0,496x512
val,NORMAL,/media/miglab/DATA_20TB1/OCT/archive/RetinalOCT_Dataset/RetinalOCT_Dataset/val/NORMAL/normal_val_1296.jpg,0,496x768
val,NORMAL,/media/miglab/DATA_20TB1/OCT/archive/RetinalOCT_Dataset/RetinalOCT_Dataset/val/NORMAL/normal_val_1283.jpg,0,496x768
val,NORMAL,/media/miglab/DATA_20TB1/OCT/archive/RetinalOCT_Dataset/RetinalOCT_Dataset/val/NORMAL/normal_val_1046.jpg,0,496x512
val,NORMAL,/media/miglab/DATA_20TB1/OCT/archive/RetinalOCT_Dataset/RetinalOCT_Dataset/val/NORMAL/normal_val_1348.jpg,0,496x768
val,NORMAL,/media/miglab/DATA_20TB1/OCT/archive/RetinalOCT_Dataset/RetinalOCT_Dataset/val/NORMAL/normal_val_1050.jpg,0,496x768
val,NORMAL,/media/miglab/DATA_20TB1/OCT/archive/RetinalOCT_Dataset/RetinalOCT_Dataset/val/NORMAL/normal_val_1154.jpg,0,512x512
val,NORMAL,/media/miglab/DATA_20TB1/OCT/archive/RetinalOCT_Dataset/RetinalOCT_Dataset/val/NORMAL/normal_val_1188.jpg,0,496x512
val,NORMAL,/media/miglab/DATA_20TB1/OCT/archive/RetinalOCT_Dataset/RetinalOCT_Dataset/val/NORMAL/normal_val_1317.jpg,0,496x512
val,NORMAL,/media/miglab/DATA_20TB1/OCT/archive/RetinalOCT_Dataset/RetinalOCT_Dataset/val/NORMAL/normal_val_1274.jpg,0,496x768
val,NORMAL,/media/miglab/DATA_20TB1/OCT/archive/RetinalOCT_Dataset/RetinalOCT_Dataset/val/NORMAL/normal_val_1107.jpg,0,496x768
val,NORMAL,/media/miglab/DATA_20TB1/OCT/archive/RetinalOCT_Dataset/RetinalOCT_Dataset/val/NORMAL/normal_val_1203.jpg,0,496x512
val,NORMAL,/media/miglab/DATA_20TB1/OCT/archive/RetinalOCT_Dataset/RetinalOCT_Dataset/val/NORMAL/normal_val_1101.jpg,0,496x768
val,NORMAL,/media/miglab/DATA_20TB1/OCT/archive/RetinalOCT_Dataset/RetinalOCT_Dataset/val/NORMAL/normal_val_1014.jpg,0,496x512
val,NORMAL,/media/miglab/DATA_20TB1/OCT/archive/RetinalOCT_Dataset/RetinalOCT_Dataset/val/NORMAL/normal_val_1222.jpg,0,496x512
val,NORMAL,/media/miglab/DATA_20TB1/OCT/archive/RetinalOCT_Dataset/RetinalOCT_Dataset/val/NORMAL/normal_val_1208.jpg,0,496x512
val,NORMAL,/media/miglab/DATA_20TB1/OCT/archive/RetinalOCT_Dataset/RetinalOCT_Dataset/val/NORMAL/normal_val_1148.jpg,0,496x768
val,NORMAL,/media/miglab/DATA_20TB1/OCT/archive/RetinalOCT_Dataset/RetinalOCT_Dataset/val/NORMAL/normal_val_1339.jpg,0,496x512
val,NORMAL,/media/miglab/DATA_20TB1/OCT/archive/RetinalOCT_Dataset/RetinalOCT_Dataset/val/NORMAL/normal_val_1006.jpg,0,496x512
val,NORMAL,/media/miglab/DATA_20TB1/OCT/archive/RetinalOCT_Dataset/RetinalOCT_Dataset/val/NORMAL/normal_val_1350.jpg,0,512x512
val,NORMAL,/media/miglab/DATA_20TB1/OCT/archive/RetinalOCT_Dataset/RetinalOCT_Dataset/val/NORMAL/normal_val_1139.jpg,0,496x512
val,NORMAL,/media/miglab/DATA_20TB1/OCT/archive/RetinalOCT_Dataset/RetinalOCT_Dataset/val/NORMAL/normal_val_1023.jpg,0,512x512
val,NORMAL,/media/miglab/DATA_20TB1/OCT/archive/RetinalOCT_Dataset/RetinalOCT_Dataset/val/NORMAL/normal_val_1328.jpg,0,496x512
val,NORMAL,/media/miglab/DATA_20TB1/OCT/archive/RetinalOCT_Dataset/RetinalOCT_Dataset/val/NORMAL/normal_val_1263.jpg,0,512x512
val,NORMAL,/media/miglab/DATA_20TB1/OCT/archive/RetinalOCT_Dataset/RetinalOCT_Dataset/val/NORMAL/normal_val_1021.jpg,0,512x512
val,NORMAL,/media/miglab/DATA_20TB1/OCT/archive/RetinalOCT_Dataset/RetinalOCT_Dataset/val/NORMAL/normal_val_1236.jpg,0,496x512
val,NORMAL,/media/miglab/DATA_20TB1/OCT/archive/RetinalOCT_Dataset/RetinalOCT_Dataset/val/NORMAL/normal_val_1257.jpg,0,496x768
val,NORMAL,/media/miglab/DATA_20TB1/OCT/archive/RetinalOCT_Dataset/RetinalOCT_Dataset/val/NORMAL/normal_val_1308.jpg,0,512x512
val,NORMAL,/media/miglab/DATA_20TB1/OCT/archive/RetinalOCT_Dataset/RetinalOCT_Dataset/val/NORMAL/normal_val_1304.jpg,0,496x512
val,NORMAL,/media/miglab/DATA_20TB1/OCT/archive/RetinalOCT_Dataset/RetinalOCT_Dataset/val/NORMAL/normal_val_1162.jpg,0,496x768
val,NORMAL,/media/miglab/DATA_20TB1/OCT/archive/RetinalOCT_Dataset/RetinalOCT_Dataset/val/NORMAL/normal_val_1213.jpg,0,496x512
val,NORMAL,/media/miglab/DATA_20TB1/OCT/archive/RetinalOCT_Dataset/RetinalOCT_Dataset/val/NORMAL/normal_val_1336.jpg,0,496x512
val,NORMAL,/media/miglab/DATA_20TB1/OCT/archive/RetinalOCT_Dataset/RetinalOCT_Dataset/val/NORMAL/normal_val_1224.jpg,0,496x512
val,NORMAL,/media/miglab/DATA_20TB1/OCT/archive/RetinalOCT_Dataset/RetinalOCT_Dataset/val/NORMAL/normal_val_1019.jpg,0,512x512
val,NORMAL,/media/miglab/DATA_20TB1/OCT/archive/RetinalOCT_Dataset/RetinalOCT_Dataset/val/NORMAL/normal_val_1133.jpg,0,496x512
val,NORMAL,/media/miglab/DATA_20TB1/OCT/archive/RetinalOCT_Dataset/RetinalOCT_Dataset/val/NORMAL/normal_val_1344.jpg,0,496x512
val,NORMAL,/media/miglab/DATA_20TB1/OCT/archive/RetinalOCT_Dataset/RetinalOCT_Dataset/val/NORMAL/normal_val_1164.jpg,0,512x512
val,NORMAL,/media/miglab/DATA_20TB1/OCT/archive/RetinalOCT_Dataset/RetinalOCT_Dataset/val/NORMAL/normal_val_1121.jpg,0,496x768
val,NORMAL,/media/miglab/DATA_20TB1/OCT/archive/RetinalOCT_Dataset/RetinalOCT_Dataset/val/NORMAL/normal_val_1129.jpg,0,496x512
val,NORMAL,/media/miglab/DATA_20TB1/OCT/archive/RetinalOCT_Dataset/RetinalOCT_Dataset/val/NORMAL/normal_val_1217.jpg,0,496x512
val,NORMAL,/media/miglab/DATA_20TB1/OCT/archive/RetinalOCT_Dataset/RetinalOCT_Dataset/val/NORMAL/normal_val_1097.jpg,0,496x768
val,NORMAL,/media/miglab/DATA_20TB1/OCT/archive/RetinalOCT_Dataset/RetinalOCT_Dataset/val/NORMAL/normal_val_1090.jpg,0,496x512
val,NORMAL,/media/miglab/DATA_20TB1/OCT/archive/RetinalOCT_Dataset/RetinalOCT_Dataset/val/NORMAL/normal_val_1088.jpg,0,496x512
val,NORMAL,/media/miglab/DATA_20TB1/OCT/archive/RetinalOCT_Dataset/RetinalOCT_Dataset/val/NORMAL/normal_val_1185.jpg,0,512x512
val,NORMAL,/media/miglab/DATA_20TB1/OCT/archive/RetinalOCT_Dataset/RetinalOCT_Dataset/val/NORMAL/normal_val_1015.jpg,0,496x768
val,NORMAL,/media/miglab/DATA_20TB1/OCT/archive/RetinalOCT_Dataset/RetinalOCT_Dataset/val/NORMAL/normal_val_1122.jpg,0,496x768
val,NORMAL,/media/miglab/DATA_20TB1/OCT/archive/RetinalOCT_Dataset/RetinalOCT_Dataset/val/NORMAL/normal_val_1054.jpg,0,496x768
val,NORMAL,/media/miglab/DATA_20TB1/OCT/archive/RetinalOCT_Dataset/RetinalOCT_Dataset/val/NORMAL/normal_val_1342.jpg,0,496x512
val,NORMAL,/media/miglab/DATA_20TB1/OCT/archive/RetinalOCT_Dataset/RetinalOCT_Dataset/val/NORMAL/normal_val_1058.jpg,0,512x512
val,NORMAL,/media/miglab/DATA_20TB1/OCT/archive/RetinalOCT_Dataset/RetinalOCT_Dataset/val/NORMAL/normal_val_1068.jpg,0,496x512
val,NORMAL,/media/miglab/DATA_20TB1/OCT/archive/RetinalOCT_Dataset/RetinalOCT_Dataset/val/NORMAL/normal_val_1082.jpg,0,496x768
val,NORMAL,/media/miglab/DATA_20TB1/OCT/archive/RetinalOCT_Dataset/RetinalOCT_Dataset/val/NORMAL/normal_val_1218.jpg,0,496x768
val,NORMAL,/media/miglab/DATA_20TB1/OCT/archive/RetinalOCT_Dataset/RetinalOCT_Dataset/val/NORMAL/normal_val_1260.jpg,0,496x512
val,NORMAL,/media/miglab/DATA_20TB1/OCT/archive/RetinalOCT_Dataset/RetinalOCT_Dataset/val/NORMAL/normal_val_1229.jpg,0,496x512
val,NORMAL,/media/miglab/DATA_20TB1/OCT/archive/RetinalOCT_Dataset/RetinalOCT_Dataset/val/NORMAL/normal_val_1049.jpg,0,496x768
val,NORMAL,/media/miglab/DATA_20TB1/OCT/archive/RetinalOCT_Dataset/RetinalOCT_Dataset/val/NORMAL/normal_val_1182.jpg,0,496x512
val,NORMAL,/media/miglab/DATA_20TB1/OCT/archive/RetinalOCT_Dataset/RetinalOCT_Dataset/val/NORMAL/normal_val_1081.jpg,0,496x512
val,NORMAL,/media/miglab/DATA_20TB1/OCT/archive/RetinalOCT_Dataset/RetinalOCT_Dataset/val/NORMAL/normal_val_1036.jpg,0,496x512
val,NORMAL,/media/miglab/DATA_20TB1/OCT/archive/RetinalOCT_Dataset/RetinalOCT_Dataset/val/NORMAL/normal_val_1061.jpg,0,496x512
val,NORMAL,/media/miglab/DATA_20TB1/OCT/archive/RetinalOCT_Dataset/RetinalOCT_Dataset/val/NORMAL/normal_val_1294.jpg,0,496x768
val,NORMAL,/media/miglab/DATA_20TB1/OCT/archive/RetinalOCT_Dataset/RetinalOCT_Dataset/val/NORMAL/normal_val_1030.jpg,0,512x512
val,NORMAL,/media/miglab/DATA_20TB1/OCT/archive/RetinalOCT_Dataset/RetinalOCT_Dataset/val/NORMAL/normal_val_1324.jpg,0,512x512
val,NORMAL,/media/miglab/DATA_20TB1/OCT/archive/RetinalOCT_Dataset/RetinalOCT_Dataset/val/NORMAL/normal_val_1273.jpg,0,496x512
val,NORMAL,/media/miglab/DATA_20TB1/OCT/archive/RetinalOCT_Dataset/RetinalOCT_Dataset/val/NORMAL/normal_val_1066.jpg,0,496x512
val,NORMAL,/media/miglab/DATA_20TB1/OCT/archive/RetinalOCT_Dataset/RetinalOCT_Dataset/val/NORMAL/normal_val_1207.jpg,0,496x512
val,NORMAL,/media/miglab/DATA_20TB1/OCT/archive/RetinalOCT_Dataset/RetinalOCT_Dataset/val/NORMAL/normal_val_1095.jpg,0,496x512
val,NORMAL,/media/miglab/DATA_20TB1/OCT/archive/RetinalOCT_Dataset/RetinalOCT_Dataset/val/NORMAL/normal_val_1306.jpg,0,512x512
val,NORMAL,/media/miglab/DATA_20TB1/OCT/archive/RetinalOCT_Dataset/RetinalOCT_Dataset/val/NORMAL/normal_val_1076.jpg,0,496x512
val,NORMAL,/media/miglab/DATA_20TB1/OCT/archive/RetinalOCT_Dataset/RetinalOCT_Dataset/val/NORMAL/normal_val_1069.jpg,0,512x512
val,NORMAL,/media/miglab/DATA_20TB1/OCT/archive/RetinalOCT_Dataset/RetinalOCT_Dataset/val/NORMAL/normal_val_1075.jpg,0,512x512
val,NORMAL,/media/miglab/DATA_20TB1/OCT/archive/RetinalOCT_Dataset/RetinalOCT_Dataset/val/NORMAL/normal_val_1060.jpg,0,496x768
val,NORMAL,/media/miglab/DATA_20TB1/OCT/archive/RetinalOCT_Dataset/RetinalOCT_Dataset/val/NORMAL/normal_val_1267.jpg,0,512x512
val,NORMAL,/media/miglab/DATA_20TB1/OCT/archive/RetinalOCT_Dataset/RetinalOCT_Dataset/val/NORMAL/normal_val_1347.jpg,0,496x512
val,NORMAL,/media/miglab/DATA_20TB1/OCT/archive/RetinalOCT_Dataset/RetinalOCT_Dataset/val/NORMAL/normal_val_1022.jpg,0,512x512
val,NORMAL,/media/miglab/DATA_20TB1/OCT/archive/RetinalOCT_Dataset/RetinalOCT_Dataset/val/NORMAL/normal_val_1070.jpg,0,512x512
val,NORMAL,/media/miglab/DATA_20TB1/OCT/archive/RetinalOCT_Dataset/RetinalOCT_Dataset/val/NORMAL/normal_val_1277.jpg,0,496x768
val,NORMAL,/media/miglab/DATA_20TB1/OCT/archive/RetinalOCT_Dataset/RetinalOCT_Dataset/val/NORMAL/normal_val_1112.jpg,0,496x512
val,NORMAL,/media/miglab/DATA_20TB1/OCT/archive/RetinalOCT_Dataset/RetinalOCT_Dataset/val/NORMAL/normal_val_1247.jpg,0,496x512
val,NORMAL,/media/miglab/DATA_20TB1/OCT/archive/RetinalOCT_Dataset/RetinalOCT_Dataset/val/NORMAL/normal_val_1071.jpg,0,512x512
val,NORMAL,/media/miglab/DATA_20TB1/OCT/archive/RetinalOCT_Dataset/RetinalOCT_Dataset/val/NORMAL/normal_val_1214.jpg,0,496x512
val,NORMAL,/media/miglab/DATA_20TB1/OCT/archive/RetinalOCT_Dataset/RetinalOCT_Dataset/val/NORMAL/normal_val_1028.jpg,0,512x512
val,NORMAL,/media/miglab/DATA_20TB1/OCT/archive/RetinalOCT_Dataset/RetinalOCT_Dataset/val/NORMAL/normal_val_1011.jpg,0,496x512
val,NORMAL,/media/miglab/DATA_20TB1/OCT/archive/RetinalOCT_Dataset/RetinalOCT_Dataset/val/NORMAL/normal_val_1271.jpg,0,496x512
val,NORMAL,/media/miglab/DATA_20TB1/OCT/archive/RetinalOCT_Dataset/RetinalOCT_Dataset/val/NORMAL/normal_val_1029.jpg,0,512x512
val,NORMAL,/media/miglab/DATA_20TB1/OCT/archive/RetinalOCT_Dataset/RetinalOCT_Dataset/val/NORMAL/normal_val_1016.jpg,0,496x512
val,NORMAL,/media/miglab/DATA_20TB1/OCT/archive/RetinalOCT_Dataset/RetinalOCT_Dataset/val/NORMAL/normal_val_1170.jpg,0,496x512
val,NORMAL,/media/miglab/DATA_20TB1/OCT/archive/RetinalOCT_Dataset/RetinalOCT_Dataset/val/NORMAL/normal_val_1111.jpg,0,496x768
val,NORMAL,/media/miglab/DATA_20TB1/OCT/archive/RetinalOCT_Dataset/RetinalOCT_Dataset/val/NORMAL/normal_val_1233.jpg,0,496x512
val,NORMAL,/media/miglab/DATA_20TB1/OCT/archive/RetinalOCT_Dataset/RetinalOCT_Dataset/val/NORMAL/normal_val_1184.jpg,0,512x512
val,NORMAL,/media/miglab/DATA_20TB1/OCT/archive/RetinalOCT_Dataset/RetinalOCT_Dataset/val/NORMAL/normal_val_1073.jpg,0,512x512
val,NORMAL,/media/miglab/DATA_20TB1/OCT/archive/RetinalOCT_Dataset/RetinalOCT_Dataset/val/NORMAL/normal_val_1098.jpg,0,496x512
val,NORMAL,/media/miglab/DATA_20TB1/OCT/archive/RetinalOCT_Dataset/RetinalOCT_Dataset/val/NORMAL/normal_val_1172.jpg,0,496x512
val,NORMAL,/media/miglab/DATA_20TB1/OCT/archive/RetinalOCT_Dataset/RetinalOCT_Dataset/val/NORMAL/normal_val_1319.jpg,0,496x768
val,NORMAL,/media/miglab/DATA_20TB1/OCT/archive/RetinalOCT_Dataset/RetinalOCT_Dataset/val/NORMAL/normal_val_1155.jpg,0,512x512
val,NORMAL,/media/miglab/DATA_20TB1/OCT/archive/RetinalOCT_Dataset/RetinalOCT_Dataset/val/NORMAL/normal_val_1123.jpg,0,496x768
val,NORMAL,/media/miglab/DATA_20TB1/OCT/archive/RetinalOCT_Dataset/RetinalOCT_Dataset/val/NORMAL/normal_val_1079.jpg,0,496x512
val,NORMAL,/media/miglab/DATA_20TB1/OCT/archive/RetinalOCT_Dataset/RetinalOCT_Dataset/val/NORMAL/normal_val_1105.jpg,0,496x768
val,NORMAL,/media/miglab/DATA_20TB1/OCT/archive/RetinalOCT_Dataset/RetinalOCT_Dataset/val/NORMAL/normal_val_1301.jpg,0,496x512
val,NORMAL,/media/miglab/DATA_20TB1/OCT/archive/RetinalOCT_Dataset/RetinalOCT_Dataset/val/NORMAL/normal_val_1284.jpg,0,496x512
val,NORMAL,/media/miglab/DATA_20TB1/OCT/archive/RetinalOCT_Dataset/RetinalOCT_Dataset/val/NORMAL/normal_val_1031.jpg,0,512x512
val,NORMAL,/media/miglab/DATA_20TB1/OCT/archive/RetinalOCT_Dataset/RetinalOCT_Dataset/val/NORMAL/normal_val_1251.jpg,0,496x512
val,NORMAL,/media/miglab/DATA_20TB1/OCT/archive/RetinalOCT_Dataset/RetinalOCT_Dataset/val/NORMAL/normal_val_1110.jpg,0,496x512
val,NORMAL,/media/miglab/DATA_20TB1/OCT/archive/RetinalOCT_Dataset/RetinalOCT_Dataset/val/NORMAL/normal_val_1044.jpg,0,512x512
val,NORMAL,/media/miglab/DATA_20TB1/OCT/archive/RetinalOCT_Dataset/RetinalOCT_Dataset/val/NORMAL/normal_val_1266.jpg,0,512x512
val,NORMAL,/media/miglab/DATA_20TB1/OCT/archive/RetinalOCT_Dataset/RetinalOCT_Dataset/val/NORMAL/normal_val_1286.jpg,0,496x768
val,NORMAL,/media/miglab/DATA_20TB1/OCT/archive/RetinalOCT_Dataset/RetinalOCT_Dataset/val/NORMAL/normal_val_1325.jpg,0,496x512
val,NORMAL,/media/miglab/DATA_20TB1/OCT/archive/RetinalOCT_Dataset/RetinalOCT_Dataset/val/NORMAL/normal_val_1038.jpg,0,496x512
val,NORMAL,/media/miglab/DATA_20TB1/OCT/archive/RetinalOCT_Dataset/RetinalOCT_Dataset/val/NORMAL/normal_val_1085.jpg,0,496x512
val,NORMAL,/media/miglab/DATA_20TB1/OCT/archive/RetinalOCT_Dataset/RetinalOCT_Dataset/val/NORMAL/normal_val_1056.jpg,0,496x512
val,NORMAL,/media/miglab/DATA_20TB1/OCT/archive/RetinalOCT_Dataset/RetinalOCT_Dataset/val/NORMAL/normal_val_1008.jpg,0,496x768
val,NORMAL,/media/miglab/DATA_20TB1/OCT/archive/RetinalOCT_Dataset/RetinalOCT_Dataset/val/NORMAL/normal_val_1345.jpg,0,496x512
val,NORMAL,/media/miglab/DATA_20TB1/OCT/archive/RetinalOCT_Dataset/RetinalOCT_Dataset/val/NORMAL/normal_val_1037.jpg,0,496x512
val,NORMAL,/media/miglab/DATA_20TB1/OCT/archive/RetinalOCT_Dataset/RetinalOCT_Dataset/val/NORMAL/normal_val_1235.jpg,0,496x512
val,NORMAL,/media/miglab/DATA_20TB1/OCT/archive/RetinalOCT_Dataset/RetinalOCT_Dataset/val/NORMAL/normal_val_1091.jpg,0,496x512
val,NORMAL,/media/miglab/DATA_20TB1/OCT/archive/RetinalOCT_Dataset/RetinalOCT_Dataset/val/NORMAL/normal_val_1268.jpg,0,512x512
val,NORMAL,/media/miglab/DATA_20TB1/OCT/archive/RetinalOCT_Dataset/RetinalOCT_Dataset/val/NORMAL/normal_val_1109.jpg,0,496x768
val,NORMAL,/media/miglab/DATA_20TB1/OCT/archive/RetinalOCT_Dataset/RetinalOCT_Dataset/val/NORMAL/normal_val_1202.jpg,0,496x512
val,NORMAL,/media/miglab/DATA_20TB1/OCT/archive/RetinalOCT_Dataset/RetinalOCT_Dataset/val/NORMAL/normal_val_1064.jpg,0,496x768
val,NORMAL,/media/miglab/DATA_20TB1/OCT/archive/RetinalOCT_Dataset/RetinalOCT_Dataset/val/NORMAL/normal_val_1234.jpg,0,496x512
val,NORMAL,/media/miglab/DATA_20TB1/OCT/archive/RetinalOCT_Dataset/RetinalOCT_Dataset/val/NORMAL/normal_val_1103.jpg,0,496x512
val,NORMAL,/media/miglab/DATA_20TB1/OCT/archive/RetinalOCT_Dataset/RetinalOCT_Dataset/val/NORMAL/normal_val_1118.jpg,0,496x512
val,NORMAL,/media/miglab/DATA_20TB1/OCT/archive/RetinalOCT_Dataset/RetinalOCT_Dataset/val/NORMAL/normal_val_1243.jpg,0,512x512
val,NORMAL,/media/miglab/DATA_20TB1/OCT/archive/RetinalOCT_Dataset/RetinalOCT_Dataset/val/NORMAL/normal_val_1310.jpg,0,512x512
val,NORMAL,/media/miglab/DATA_20TB1/OCT/archive/RetinalOCT_Dataset/RetinalOCT_Dataset/val/NORMAL/normal_val_1120.jpg,0,496x768
val,NORMAL,/media/miglab/DATA_20TB1/OCT/archive/RetinalOCT_Dataset/RetinalOCT_Dataset/val/NORMAL/normal_val_1092.jpg,0,496x768
val,NORMAL,/media/miglab/DATA_20TB1/OCT/archive/RetinalOCT_Dataset/RetinalOCT_Dataset/val/NORMAL/normal_val_1297.jpg,0,496x768
val,NORMAL,/media/miglab/DATA_20TB1/OCT/archive/RetinalOCT_Dataset/RetinalOCT_Dataset/val/NORMAL/normal_val_1020.jpg,0,512x512
val,NORMAL,/media/miglab/DATA_20TB1/OCT/archive/RetinalOCT_Dataset/RetinalOCT_Dataset/val/NORMAL/normal_val_1072.jpg,0,512x512
val,NORMAL,/media/miglab/DATA_20TB1/OCT/archive/RetinalOCT_Dataset/RetinalOCT_Dataset/val/NORMAL/normal_val_1125.jpg,0,496x512
val,NORMAL,/media/miglab/DATA_20TB1/OCT/archive/RetinalOCT_Dataset/RetinalOCT_Dataset/val/NORMAL/normal_val_1201.jpg,0,496x512
val,NORMAL,/media/miglab/DATA_20TB1/OCT/archive/RetinalOCT_Dataset/RetinalOCT_Dataset/val/NORMAL/normal_val_1063.jpg,0,496x512
val,NORMAL,/media/miglab/DATA_20TB1/OCT/archive/RetinalOCT_Dataset/RetinalOCT_Dataset/val/NORMAL/normal_val_1343.jpg,0,496x512
val,NORMAL,/media/miglab/DATA_20TB1/OCT/archive/RetinalOCT_Dataset/RetinalOCT_Dataset/val/NORMAL/normal_val_1062.jpg,0,496x512
val,NORMAL,/media/miglab/DATA_20TB1/OCT/archive/RetinalOCT_Dataset/RetinalOCT_Dataset/val/NORMAL/normal_val_1326.jpg,0,496x768
val,NORMAL,/media/miglab/DATA_20TB1/OCT/archive/RetinalOCT_Dataset/RetinalOCT_Dataset/val/NORMAL/normal_val_1150.jpg,0,496x768
val,NORMAL,/media/miglab/DATA_20TB1/OCT/archive/RetinalOCT_Dataset/RetinalOCT_Dataset/val/NORMAL/normal_val_1052.jpg,0,496x512
val,NORMAL,/media/miglab/DATA_20TB1/OCT/archive/RetinalOCT_Dataset/RetinalOCT_Dataset/val/NORMAL/normal_val_1312.jpg,0,512x512
val,NORMAL,/media/miglab/DATA_20TB1/OCT/archive/RetinalOCT_Dataset/RetinalOCT_Dataset/val/NORMAL/normal_val_1158.jpg,0,512x512
val,NORMAL,/media/miglab/DATA_20TB1/OCT/archive/RetinalOCT_Dataset/RetinalOCT_Dataset/val/NORMAL/normal_val_1333.jpg,0,496x512
val,NORMAL,/media/miglab/DATA_20TB1/OCT/archive/RetinalOCT_Dataset/RetinalOCT_Dataset/val/NORMAL/normal_val_1116.jpg,0,496x512
val,NORMAL,/media/miglab/DATA_20TB1/OCT/archive/RetinalOCT_Dataset/RetinalOCT_Dataset/val/NORMAL/normal_val_1009.jpg,0,496x512
val,NORMAL,/media/miglab/DATA_20TB1/OCT/archive/RetinalOCT_Dataset/RetinalOCT_Dataset/val/NORMAL/normal_val_1253.jpg,0,512x512
val,NORMAL,/media/miglab/DATA_20TB1/OCT/archive/RetinalOCT_Dataset/RetinalOCT_Dataset/val/NORMAL/normal_val_1309.jpg,0,496x512
val,NORMAL,/media/miglab/DATA_20TB1/OCT/archive/RetinalOCT_Dataset/RetinalOCT_Dataset/val/NORMAL/normal_val_1281.jpg,0,512x512
val,NORMAL,/media/miglab/DATA_20TB1/OCT/archive/RetinalOCT_Dataset/RetinalOCT_Dataset/val/NORMAL/normal_val_1167.jpg,0,496x768
val,NORMAL,/media/miglab/DATA_20TB1/OCT/archive/RetinalOCT_Dataset/RetinalOCT_Dataset/val/NORMAL/normal_val_1039.jpg,0,512x512
val,NORMAL,/media/miglab/DATA_20TB1/OCT/archive/RetinalOCT_Dataset/RetinalOCT_Dataset/val/NORMAL/normal_val_1137.jpg,0,512x512
val,NORMAL,/media/miglab/DATA_20TB1/OCT/archive/RetinalOCT_Dataset/RetinalOCT_Dataset/val/NORMAL/normal_val_1173.jpg,0,496x512
val,NORMAL,/media/miglab/DATA_20TB1/OCT/archive/RetinalOCT_Dataset/RetinalOCT_Dataset/val/NORMAL/normal_val_1239.jpg,0,496x768
val,NORMAL,/media/miglab/DATA_20TB1/OCT/archive/RetinalOCT_Dataset/RetinalOCT_Dataset/val/NORMAL/normal_val_1337.jpg,0,496x512
val,NORMAL,/media/miglab/DATA_20TB1/OCT/archive/RetinalOCT_Dataset/RetinalOCT_Dataset/val/NORMAL/normal_val_1241.jpg,0,512x512
val,NORMAL,/media/miglab/DATA_20TB1/OCT/archive/RetinalOCT_Dataset/RetinalOCT_Dataset/val/NORMAL/normal_val_1231.jpg,0,512x512
val,NORMAL,/media/miglab/DATA_20TB1/OCT/archive/RetinalOCT_Dataset/RetinalOCT_Dataset/val/NORMAL/normal_val_1275.jpg,0,496x512
val,NORMAL,/media/miglab/DATA_20TB1/OCT/archive/RetinalOCT_Dataset/RetinalOCT_Dataset/val/NORMAL/normal_val_1232.jpg,0,512x512
val,NORMAL,/media/miglab/DATA_20TB1/OCT/archive/RetinalOCT_Dataset/RetinalOCT_Dataset/val/NORMAL/normal_val_1163.jpg,0,512x512
val,NORMAL,/media/miglab/DATA_20TB1/OCT/archive/RetinalOCT_Dataset/RetinalOCT_Dataset/val/NORMAL/normal_val_1186.jpg,0,496x512
val,NORMAL,/media/miglab/DATA_20TB1/OCT/archive/RetinalOCT_Dataset/RetinalOCT_Dataset/val/NORMAL/normal_val_1250.jpg,0,496x512
val,NORMAL,/media/miglab/DATA_20TB1/OCT/archive/RetinalOCT_Dataset/RetinalOCT_Dataset/val/NORMAL/normal_val_1078.jpg,0,496x768
val,NORMAL,/media/miglab/DATA_20TB1/OCT/archive/RetinalOCT_Dataset/RetinalOCT_Dataset/val/NORMAL/normal_val_1127.jpg,0,496x768
val,NORMAL,/media/miglab/DATA_20TB1/OCT/archive/RetinalOCT_Dataset/RetinalOCT_Dataset/val/NORMAL/normal_val_1051.jpg,0,496x512
val,NORMAL,/media/miglab/DATA_20TB1/OCT/archive/RetinalOCT_Dataset/RetinalOCT_Dataset/val/NORMAL/normal_val_1240.jpg,0,512x512
val,NORMAL,/media/miglab/DATA_20TB1/OCT/archive/RetinalOCT_Dataset/RetinalOCT_Dataset/val/NORMAL/normal_val_1191.jpg,0,512x512
val,NORMAL,/media/miglab/DATA_20TB1/OCT/archive/RetinalOCT_Dataset/RetinalOCT_Dataset/val/NORMAL/normal_val_1248.jpg,0,496x768
val,NORMAL,/media/miglab/DATA_20TB1/OCT/archive/RetinalOCT_Dataset/RetinalOCT_Dataset/val/NORMAL/normal_val_1223.jpg,0,496x768
val,NORMAL,/media/miglab/DATA_20TB1/OCT/archive/RetinalOCT_Dataset/RetinalOCT_Dataset/val/NORMAL/normal_val_1032.jpg,0,512x512
val,NORMAL,/media/miglab/DATA_20TB1/OCT/archive/RetinalOCT_Dataset/RetinalOCT_Dataset/val/NORMAL/normal_val_1084.jpg,0,496x512
val,NORMAL,/media/miglab/DATA_20TB1/OCT/archive/RetinalOCT_Dataset/RetinalOCT_Dataset/val/NORMAL/normal_val_1299.jpg,0,496x512
val,NORMAL,/media/miglab/DATA_20TB1/OCT/archive/RetinalOCT_Dataset/RetinalOCT_Dataset/val/NORMAL/normal_val_1305.jpg,0,496x512
val,NORMAL,/media/miglab/DATA_20TB1/OCT/archive/RetinalOCT_Dataset/RetinalOCT_Dataset/val/NORMAL/normal_val_1327.jpg,0,496x768
val,NORMAL,/media/miglab/DATA_20TB1/OCT/archive/RetinalOCT_Dataset/RetinalOCT_Dataset/val/NORMAL/normal_val_1165.jpg,0,512x512
val,NORMAL,/media/miglab/DATA_20TB1/OCT/archive/RetinalOCT_Dataset/RetinalOCT_Dataset/val/NORMAL/normal_val_1001.jpg,0,496x512
val,NORMAL,/media/miglab/DATA_20TB1/OCT/archive/RetinalOCT_Dataset/RetinalOCT_Dataset/val/NORMAL/normal_val_1290.jpg,0,496x768
val,NORMAL,/media/miglab/DATA_20TB1/OCT/archive/RetinalOCT_Dataset/RetinalOCT_Dataset/val/NORMAL/normal_val_1227.jpg,0,496x512
val,NORMAL,/media/miglab/DATA_20TB1/OCT/archive/RetinalOCT_Dataset/RetinalOCT_Dataset/val/NORMAL/normal_val_1226.jpg,0,496x512
val,NORMAL,/media/miglab/DATA_20TB1/OCT/archive/RetinalOCT_Dataset/RetinalOCT_Dataset/val/NORMAL/normal_val_1159.jpg,0,512x512
val,NORMAL,/media/miglab/DATA_20TB1/OCT/archive/RetinalOCT_Dataset/RetinalOCT_Dataset/val/NORMAL/normal_val_1199.jpg,0,496x768
val,NORMAL,/media/miglab/DATA_20TB1/OCT/archive/RetinalOCT_Dataset/RetinalOCT_Dataset/val/NORMAL/normal_val_1119.jpg,0,496x512
val,NORMAL,/media/miglab/DATA_20TB1/OCT/archive/RetinalOCT_Dataset/RetinalOCT_Dataset/val/NORMAL/normal_val_1187.jpg,0,496x512
val,NORMAL,/media/miglab/DATA_20TB1/OCT/archive/RetinalOCT_Dataset/RetinalOCT_Dataset/val/NORMAL/normal_val_1264.jpg,0,512x512
val,NORMAL,/media/miglab/DATA_20TB1/OCT/archive/RetinalOCT_Dataset/RetinalOCT_Dataset/val/NORMAL/normal_val_1004.jpg,0,496x768
val,NORMAL,/media/miglab/DATA_20TB1/OCT/archive/RetinalOCT_Dataset/RetinalOCT_Dataset/val/NORMAL/normal_val_1280.jpg,0,496x512
val,NORMAL,/media/miglab/DATA_20TB1/OCT/archive/RetinalOCT_Dataset/RetinalOCT_Dataset/val/NORMAL/normal_val_1174.jpg,0,496x512
val,NORMAL,/media/miglab/DATA_20TB1/OCT/archive/RetinalOCT_Dataset/RetinalOCT_Dataset/val/NORMAL/normal_val_1151.jpg,0,496x768
val,NORMAL,/media/miglab/DATA_20TB1/OCT/archive/RetinalOCT_Dataset/RetinalOCT_Dataset/val/NORMAL/normal_val_1100.jpg,0,496x768
val,NORMAL,/media/miglab/DATA_20TB1/OCT/archive/RetinalOCT_Dataset/RetinalOCT_Dataset/val/NORMAL/normal_val_1134.jpg,0,496x768
val,NORMAL,/media/miglab/DATA_20TB1/OCT/archive/RetinalOCT_Dataset/RetinalOCT_Dataset/val/NORMAL/normal_val_1318.jpg,0,496x768
val,NORMAL,/media/miglab/DATA_20TB1/OCT/archive/RetinalOCT_Dataset/RetinalOCT_Dataset/val/NORMAL/normal_val_1221.jpg,0,496x768
val,NORMAL,/media/miglab/DATA_20TB1/OCT/archive/RetinalOCT_Dataset/RetinalOCT_Dataset/val/NORMAL/normal_val_1192.jpg,0,512x512
val,NORMAL,/media/miglab/DATA_20TB1/OCT/archive/RetinalOCT_Dataset/RetinalOCT_Dataset/val/NORMAL/normal_val_1147.jpg,0,496x512
val,NORMAL,/media/miglab/DATA_20TB1/OCT/archive/RetinalOCT_Dataset/RetinalOCT_Dataset/val/NORMAL/normal_val_1175.jpg,0,496x768
val,NORMAL,/media/miglab/DATA_20TB1/OCT/archive/RetinalOCT_Dataset/RetinalOCT_Dataset/val/NORMAL/normal_val_1212.jpg,0,496x768
val,NORMAL,/media/miglab/DATA_20TB1/OCT/archive/RetinalOCT_Dataset/RetinalOCT_Dataset/val/NORMAL/normal_val_1057.jpg,0,496x512
val,NORMAL,/media/miglab/DATA_20TB1/OCT/archive/RetinalOCT_Dataset/RetinalOCT_Dataset/val/NORMAL/normal_val_1249.jpg,0,512x512
val,NORMAL,/media/miglab/DATA_20TB1/OCT/archive/RetinalOCT_Dataset/RetinalOCT_Dataset/val/NORMAL/normal_val_1178.jpg,0,496x768
val,NORMAL,/media/miglab/DATA_20TB1/OCT/archive/RetinalOCT_Dataset/RetinalOCT_Dataset/val/NORMAL/normal_val_1126.jpg,0,496x768
val,NORMAL,/media/miglab/DATA_20TB1/OCT/archive/RetinalOCT_Dataset/RetinalOCT_Dataset/val/NORMAL/normal_val_1349.jpg,0,512x512
val,NORMAL,/media/miglab/DATA_20TB1/OCT/archive/RetinalOCT_Dataset/RetinalOCT_Dataset/val/NORMAL/normal_val_1142.jpg,0,496x512
val,NORMAL,/media/miglab/DATA_20TB1/OCT/archive/RetinalOCT_Dataset/RetinalOCT_Dataset/val/NORMAL/normal_val_1074.jpg,0,512x512
val,NORMAL,/media/miglab/DATA_20TB1/OCT/archive/RetinalOCT_Dataset/RetinalOCT_Dataset/val/NORMAL/normal_val_1315.jpg,0,512x512
val,NORMAL,/media/miglab/DATA_20TB1/OCT/archive/RetinalOCT_Dataset/RetinalOCT_Dataset/val/NORMAL/normal_val_1269.jpg,0,512x512
val,NORMAL,/media/miglab/DATA_20TB1/OCT/archive/RetinalOCT_Dataset/RetinalOCT_Dataset/val/NORMAL/normal_val_1287.jpg,0,496x768
val,NORMAL,/media/miglab/DATA_20TB1/OCT/archive/RetinalOCT_Dataset/RetinalOCT_Dataset/val/NORMAL/normal_val_1160.jpg,0,512x512
val,NORMAL,/media/miglab/DATA_20TB1/OCT/archive/RetinalOCT_Dataset/RetinalOCT_Dataset/val/NORMAL/normal_val_1323.jpg,0,512x512
val,NORMAL,/media/miglab/DATA_20TB1/OCT/archive/RetinalOCT_Dataset/RetinalOCT_Dataset/val/NORMAL/normal_val_1132.jpg,0,496x768
val,NORMAL,/media/miglab/DATA_20TB1/OCT/archive/RetinalOCT_Dataset/RetinalOCT_Dataset/val/NORMAL/normal_val_1198.jpg,0,512x512
val,NORMAL,/media/miglab/DATA_20TB1/OCT/archive/RetinalOCT_Dataset/RetinalOCT_Dataset/val/NORMAL/normal_val_1288.jpg,0,496x512
val,NORMAL,/media/miglab/DATA_20TB1/OCT/archive/RetinalOCT_Dataset/RetinalOCT_Dataset/val/NORMAL/normal_val_1136.jpg,0,512x512
val,NORMAL,/media/miglab/DATA_20TB1/OCT/archive/RetinalOCT_Dataset/RetinalOCT_Dataset/val/NORMAL/normal_val_1087.jpg,0,496x512
val,NORMAL,/media/miglab/DATA_20TB1/OCT/archive/RetinalOCT_Dataset/RetinalOCT_Dataset/val/NORMAL/normal_val_1141.jpg,0,496x512
val,NORMAL,/media/miglab/DATA_20TB1/OCT/archive/RetinalOCT_Dataset/RetinalOCT_Dataset/val/NORMAL/normal_val_1138.jpg,0,496x512
val,NORMAL,/media/miglab/DATA_20TB1/OCT/archive/RetinalOCT_Dataset/RetinalOCT_Dataset/val/NORMAL/normal_val_1089.jpg,0,496x512
val,NORMAL,/media/miglab/DATA_20TB1/OCT/archive/RetinalOCT_Dataset/RetinalOCT_Dataset/val/NORMAL/normal_val_1131.jpg,0,496x512
val,NORMAL,/media/miglab/DATA_20TB1/OCT/archive/RetinalOCT_Dataset/RetinalOCT_Dataset/val/NORMAL/normal_val_1169.jpg,0,496x512
val,NORMAL,/media/miglab/DATA_20TB1/OCT/archive/RetinalOCT_Dataset/RetinalOCT_Dataset/val/NORMAL/normal_val_1059.jpg,0,496x768
val,NORMAL,/media/miglab/DATA_20TB1/OCT/archive/RetinalOCT_Dataset/RetinalOCT_Dataset/val/NORMAL/normal_val_1220.jpg,0,496x768
val,NORMAL,/media/miglab/DATA_20TB1/OCT/archive/RetinalOCT_Dataset/RetinalOCT_Dataset/val/NORMAL/normal_val_1200.jpg,0,496x512
val,NORMAL,/media/miglab/DATA_20TB1/OCT/archive/RetinalOCT_Dataset/RetinalOCT_Dataset/val/NORMAL/normal_val_1077.jpg,0,496x512
val,NORMAL,/media/miglab/DATA_20TB1/OCT/archive/RetinalOCT_Dataset/RetinalOCT_Dataset/val/NORMAL/normal_val_1313.jpg,0,496x768
val,NORMAL,/media/miglab/DATA_20TB1/OCT/archive/RetinalOCT_Dataset/RetinalOCT_Dataset/val/NORMAL/normal_val_1244.jpg,0,496x768
val,NORMAL,/media/miglab/DATA_20TB1/OCT/archive/RetinalOCT_Dataset/RetinalOCT_Dataset/val/NORMAL/normal_val_1005.jpg,0,496x512
val,NORMAL,/media/miglab/DATA_20TB1/OCT/archive/RetinalOCT_Dataset/RetinalOCT_Dataset/val/NORMAL/normal_val_1321.jpg,0,496x512
val,NORMAL,/media/miglab/DATA_20TB1/OCT/archive/RetinalOCT_Dataset/RetinalOCT_Dataset/val/NORMAL/normal_val_1190.jpg,0,496x512
val,NORMAL,/media/miglab/DATA_20TB1/OCT/archive/RetinalOCT_Dataset/RetinalOCT_Dataset/val/NORMAL/normal_val_1040.jpg,0,512x512
val,NORMAL,/media/miglab/DATA_20TB1/OCT/archive/RetinalOCT_Dataset/RetinalOCT_Dataset/val/NORMAL/normal_val_1171.jpg,0,496x768
val,NORMAL,/media/miglab/DATA_20TB1/OCT/archive/RetinalOCT_Dataset/RetinalOCT_Dataset/val/NORMAL/normal_val_1245.jpg,0,512x512
val,NORMAL,/media/miglab/DATA_20TB1/OCT/archive/RetinalOCT_Dataset/RetinalOCT_Dataset/val/NORMAL/normal_val_1080.jpg,0,496x768
val,NORMAL,/media/miglab/DATA_20TB1/OCT/archive/RetinalOCT_Dataset/RetinalOCT_Dataset/val/NORMAL/normal_val_1065.jpg,0,496x768
val,NORMAL,/media/miglab/DATA_20TB1/OCT/archive/RetinalOCT_Dataset/RetinalOCT_Dataset/val/NORMAL/normal_val_1042.jpg,0,496x768
val,NORMAL,/media/miglab/DATA_20TB1/OCT/archive/RetinalOCT_Dataset/RetinalOCT_Dataset/val/NORMAL/normal_val_1204.jpg,0,496x768
val,NORMAL,/media/miglab/DATA_20TB1/OCT/archive/RetinalOCT_Dataset/RetinalOCT_Dataset/val/NORMAL/normal_val_1254.jpg,0,496x768
val,NORMAL,/media/miglab/DATA_20TB1/OCT/archive/RetinalOCT_Dataset/RetinalOCT_Dataset/val/NORMAL/normal_val_1156.jpg,0,512x512
val,NORMAL,/media/miglab/DATA_20TB1/OCT/archive/RetinalOCT_Dataset/RetinalOCT_Dataset/val/NORMAL/normal_val_1303.jpg,0,496x512
val,NORMAL,/media/miglab/DATA_20TB1/OCT/archive/RetinalOCT_Dataset/RetinalOCT_Dataset/val/NORMAL/normal_val_1270.jpg,0,496x512
val,NORMAL,/media/miglab/DATA_20TB1/OCT/archive/RetinalOCT_Dataset/RetinalOCT_Dataset/val/NORMAL/normal_val_1205.jpg,0,496x512
val,NORMAL,/media/miglab/DATA_20TB1/OCT/archive/RetinalOCT_Dataset/RetinalOCT_Dataset/val/NORMAL/normal_val_1041.jpg,0,496x512
val,NORMAL,/media/miglab/DATA_20TB1/OCT/archive/RetinalOCT_Dataset/RetinalOCT_Dataset/val/NORMAL/normal_val_1298.jpg,0,496x768
val,NORMAL,/media/miglab/DATA_20TB1/OCT/archive/RetinalOCT_Dataset/RetinalOCT_Dataset/val/NORMAL/normal_val_1018.jpg,0,512x512
val,NORMAL,/media/miglab/DATA_20TB1/OCT/archive/RetinalOCT_Dataset/RetinalOCT_Dataset/val/NORMAL/normal_val_1124.jpg,0,496x768
val,NORMAL,/media/miglab/DATA_20TB1/OCT/archive/RetinalOCT_Dataset/RetinalOCT_Dataset/val/NORMAL/normal_val_1329.jpg,0,512x512
val,NORMAL,/media/miglab/DATA_20TB1/OCT/archive/RetinalOCT_Dataset/RetinalOCT_Dataset/val/NORMAL/normal_val_1128.jpg,0,496x512
val,NORMAL,/media/miglab/DATA_20TB1/OCT/archive/RetinalOCT_Dataset/RetinalOCT_Dataset/val/NORMAL/normal_val_1043.jpg,0,512x512
val,NORMAL,/media/miglab/DATA_20TB1/OCT/archive/RetinalOCT_Dataset/RetinalOCT_Dataset/val/NORMAL/normal_val_1259.jpg,0,496x512
val,NORMAL,/media/miglab/DATA_20TB1/OCT/archive/RetinalOCT_Dataset/RetinalOCT_Dataset/val/NORMAL/normal_val_1012.jpg,0,496x512
val,NORMAL,/media/miglab/DATA_20TB1/OCT/archive/RetinalOCT_Dataset/RetinalOCT_Dataset/val/NORMAL/normal_val_1055.jpg,0,496x512
val,NORMAL,/media/miglab/DATA_20TB1/OCT/archive/RetinalOCT_Dataset/RetinalOCT_Dataset/val/NORMAL/normal_val_1010.jpg,0,496x768
val,NORMAL,/media/miglab/DATA_20TB1/OCT/archive/RetinalOCT_Dataset/RetinalOCT_Dataset/val/NORMAL/normal_val_1322.jpg,0,496x512
val,NORMAL,/media/miglab/DATA_20TB1/OCT/archive/RetinalOCT_Dataset/RetinalOCT_Dataset/val/NORMAL/normal_val_1206.jpg,0,496x512
val,NORMAL,/media/miglab/DATA_20TB1/OCT/archive/RetinalOCT_Dataset/RetinalOCT_Dataset/val/NORMAL/normal_val_1209.jpg,0,512x512
val,NORMAL,/media/miglab/DATA_20TB1/OCT/archive/RetinalOCT_Dataset/RetinalOCT_Dataset/val/NORMAL/normal_val_1237.jpg,0,496x512
val,NORMAL,/media/miglab/DATA_20TB1/OCT/archive/RetinalOCT_Dataset/RetinalOCT_Dataset/val/NORMAL/normal_val_1102.jpg,0,496x768
val,NORMAL,/media/miglab/DATA_20TB1/OCT/archive/RetinalOCT_Dataset/RetinalOCT_Dataset/val/NORMAL/normal_val_1219.jpg,0,496x512
val,NORMAL,/media/miglab/DATA_20TB1/OCT/archive/RetinalOCT_Dataset/RetinalOCT_Dataset/val/NORMAL/normal_val_1289.jpg,0,496x768
val,NORMAL,/media/miglab/DATA_20TB1/OCT/archive/RetinalOCT_Dataset/RetinalOCT_Dataset/val/NORMAL/normal_val_1181.jpg,0,496x512
val,NORMAL,/media/miglab/DATA_20TB1/OCT/archive/RetinalOCT_Dataset/RetinalOCT_Dataset/val/NORMAL/normal_val_1302.jpg,0,496x768
val,NORMAL,/media/miglab/DATA_20TB1/OCT/archive/RetinalOCT_Dataset/RetinalOCT_Dataset/val/NORMAL/normal_val_1027.jpg,0,512x512
val,NORMAL,/media/miglab/DATA_20TB1/OCT/archive/RetinalOCT_Dataset/RetinalOCT_Dataset/val/NORMAL/normal_val_1168.jpg,0,496x512
val,NORMAL,/media/miglab/DATA_20TB1/OCT/archive/RetinalOCT_Dataset/RetinalOCT_Dataset/val/NORMAL/normal_val_1255.jpg,0,512x512
val,NORMAL,/media/miglab/DATA_20TB1/OCT/archive/RetinalOCT_Dataset/RetinalOCT_Dataset/val/NORMAL/normal_val_1149.jpg,0,496x512
val,NORMAL,/media/miglab/DATA_20TB1/OCT/archive/RetinalOCT_Dataset/RetinalOCT_Dataset/val/NORMAL/normal_val_1211.jpg,0,496x768
val,NORMAL,/media/miglab/DATA_20TB1/OCT/archive/RetinalOCT_Dataset/RetinalOCT_Dataset/val/NORMAL/normal_val_1340.jpg,0,496x768
val,NORMAL,/media/miglab/DATA_20TB1/OCT/archive/RetinalOCT_Dataset/RetinalOCT_Dataset/val/NORMAL/normal_val_1130.jpg,0,496x768
val,NORMAL,/media/miglab/DATA_20TB1/OCT/archive/RetinalOCT_Dataset/RetinalOCT_Dataset/val/NORMAL/normal_val_1228.jpg,0,496x768
val,NORMAL,/media/miglab/DATA_20TB1/OCT/archive/RetinalOCT_Dataset/RetinalOCT_Dataset/val/NORMAL/normal_val_1307.jpg,0,496x512
val,NORMAL,/media/miglab/DATA_20TB1/OCT/archive/RetinalOCT_Dataset/RetinalOCT_Dataset/val/NORMAL/normal_val_1210.jpg,0,512x512
val,NORMAL,/media/miglab/DATA_20TB1/OCT/archive/RetinalOCT_Dataset/RetinalOCT_Dataset/val/NORMAL/normal_val_1279.jpg,0,496x768
val,NORMAL,/media/miglab/DATA_20TB1/OCT/archive/RetinalOCT_Dataset/RetinalOCT_Dataset/val/NORMAL/normal_val_1047.jpg,0,496x512
val,NORMAL,/media/miglab/DATA_20TB1/OCT/archive/RetinalOCT_Dataset/RetinalOCT_Dataset/val/NORMAL/normal_val_1292.jpg,0,496x512
val,NORMAL,/media/miglab/DATA_20TB1/OCT/archive/RetinalOCT_Dataset/RetinalOCT_Dataset/val/NORMAL/normal_val_1179.jpg,0,496x512
val,NORMAL,/media/miglab/DATA_20TB1/OCT/archive/RetinalOCT_Dataset/RetinalOCT_Dataset/val/NORMAL/normal_val_1291.jpg,0,512x512
val,NORMAL,/media/miglab/DATA_20TB1/OCT/archive/RetinalOCT_Dataset/RetinalOCT_Dataset/val/NORMAL/normal_val_1053.jpg,0,512x512
val,NORMAL,/media/miglab/DATA_20TB1/OCT/archive/RetinalOCT_Dataset/RetinalOCT_Dataset/val/NORMAL/normal_val_1272.jpg,0,496x512
val,NORMAL,/media/miglab/DATA_20TB1/OCT/archive/RetinalOCT_Dataset/RetinalOCT_Dataset/val/NORMAL/normal_val_1335.jpg,0,512x512
val,NORMAL,/media/miglab/DATA_20TB1/OCT/archive/RetinalOCT_Dataset/RetinalOCT_Dataset/val/NORMAL/normal_val_1225.jpg,0,496x768
val,NORMAL,/media/miglab/DATA_20TB1/OCT/archive/RetinalOCT_Dataset/RetinalOCT_Dataset/val/NORMAL/normal_val_1195.jpg,0,496x768
val,NORMAL,/media/miglab/DATA_20TB1/OCT/archive/RetinalOCT_Dataset/RetinalOCT_Dataset/val/NORMAL/normal_val_1007.jpg,0,496x768
val,NORMAL,/media/miglab/DATA_20TB1/OCT/archive/RetinalOCT_Dataset/RetinalOCT_Dataset/val/NORMAL/normal_val_1094.jpg,0,496x512
val,NORMAL,/media/miglab/DATA_20TB1/OCT/archive/RetinalOCT_Dataset/RetinalOCT_Dataset/val/NORMAL/normal_val_1311.jpg,0,496x768
val,NORMAL,/media/miglab/DATA_20TB1/OCT/archive/RetinalOCT_Dataset/RetinalOCT_Dataset/val/NORMAL/normal_val_1025.jpg,0,512x512
val,NORMAL,/media/miglab/DATA_20TB1/OCT/archive/RetinalOCT_Dataset/RetinalOCT_Dataset/val/NORMAL/normal_val_1300.jpg,0,496x512
val,NORMAL,/media/miglab/DATA_20TB1/OCT/archive/RetinalOCT_Dataset/RetinalOCT_Dataset/val/NORMAL/normal_val_1146.jpg,0,496x768
val,NORMAL,/media/miglab/DATA_20TB1/OCT/archive/RetinalOCT_Dataset/RetinalOCT_Dataset/val/NORMAL/normal_val_1196.jpg,0,496x512
val,NORMAL,/media/miglab/DATA_20TB1/OCT/archive/RetinalOCT_Dataset/RetinalOCT_Dataset/val/NORMAL/normal_val_1002.jpg,0,496x512
val,NORMAL,/media/miglab/DATA_20TB1/OCT/archive/RetinalOCT_Dataset/RetinalOCT_Dataset/val/NORMAL/normal_val_1330.jpg,0,512x512
val,NORMAL,/media/miglab/DATA_20TB1/OCT/archive/RetinalOCT_Dataset/RetinalOCT_Dataset/val/NORMAL/normal_val_1285.jpg,0,496x512
val,NORMAL,/media/miglab/DATA_20TB1/OCT/archive/RetinalOCT_Dataset/RetinalOCT_Dataset/val/NORMAL/normal_val_1314.jpg,0,496x768
val,NORMAL,/media/miglab/DATA_20TB1/OCT/archive/RetinalOCT_Dataset/RetinalOCT_Dataset/val/NORMAL/normal_val_1157.jpg,0,512x512
val,NORMAL,/media/miglab/DATA_20TB1/OCT/archive/RetinalOCT_Dataset/RetinalOCT_Dataset/val/NORMAL/normal_val_1035.jpg,0,496x768
val,NORMAL,/media/miglab/DATA_20TB1/OCT/archive/RetinalOCT_Dataset/RetinalOCT_Dataset/val/NORMAL/normal_val_1113.jpg,0,496x512
val,NORMAL,/media/miglab/DATA_20TB1/OCT/archive/RetinalOCT_Dataset/RetinalOCT_Dataset/val/NORMAL/normal_val_1346.jpg,0,512x512
val,NORMAL,/media/miglab/DATA_20TB1/OCT/archive/RetinalOCT_Dataset/RetinalOCT_Dataset/val/NORMAL/normal_val_1341.jpg,0,496x512
val,NORMAL,/media/miglab/DATA_20TB1/OCT/archive/RetinalOCT_Dataset/RetinalOCT_Dataset/val/NORMAL/normal_val_1189.jpg,0,496x512
val,NORMAL,/media/miglab/DATA_20TB1/OCT/archive/RetinalOCT_Dataset/RetinalOCT_Dataset/val/NORMAL/normal_val_1216.jpg,0,496x512
val,NORMAL,/media/miglab/DATA_20TB1/OCT/archive/RetinalOCT_Dataset/RetinalOCT_Dataset/val/NORMAL/normal_val_1003.jpg,0,496x512
val,NORMAL,/media/miglab/DATA_20TB1/OCT/archive/RetinalOCT_Dataset/RetinalOCT_Dataset/val/NORMAL/normal_val_1293.jpg,0,496x512
val,NORMAL,/media/miglab/DATA_20TB1/OCT/archive/RetinalOCT_Dataset/RetinalOCT_Dataset/val/NORMAL/normal_val_1276.jpg,0,496x512
test,NORMAL,/media/miglab/DATA_20TB1/OCT/archive/RetinalOCT_Dataset/RetinalOCT_Dataset/test/NORMAL/normal_test_1177.jpg,0,496x768
test,NORMAL,/media/miglab/DATA_20TB1/OCT/archive/RetinalOCT_Dataset/RetinalOCT_Dataset/test/NORMAL/normal_test_1048.jpg,0,496x512
test,NORMAL,/media/miglab/DATA_20TB1/OCT/archive/RetinalOCT_Dataset/RetinalOCT_Dataset/test/NORMAL/normal_test_1300.jpg,0,496x512
test,NORMAL,/media/miglab/DATA_20TB1/OCT/archive/RetinalOCT_Dataset/RetinalOCT_Dataset/test/NORMAL/normal_test_1192.jpg,0,496x512
test,NORMAL,/media/miglab/DATA_20TB1/OCT/archive/RetinalOCT_Dataset/RetinalOCT_Dataset/test/NORMAL/normal_test_1050.jpg,0,496x512
test,NORMAL,/media/miglab/DATA_20TB1/OCT/archive/RetinalOCT_Dataset/RetinalOCT_Dataset/test/NORMAL/normal_test_1267.jpg,0,496x768
test,NORMAL,/media/miglab/DATA_20TB1/OCT/archive/RetinalOCT_Dataset/RetinalOCT_Dataset/test/NORMAL/normal_test_1176.jpg,0,496x768
test,NORMAL,/media/miglab/DATA_20TB1/OCT/archive/RetinalOCT_Dataset/RetinalOCT_Dataset/test/NORMAL/normal_test_1271.jpg,0,496x512
test,NORMAL,/media/miglab/DATA_20TB1/OCT/archive/RetinalOCT_Dataset/RetinalOCT_Dataset/test/NORMAL/normal_test_1272.jpg,0,496x512
test,NORMAL,/media/miglab/DATA_20TB1/OCT/archive/RetinalOCT_Dataset/RetinalOCT_Dataset/test/NORMAL/normal_test_1198.jpg,0,496x512
test,NORMAL,/media/miglab/DATA_20TB1/OCT/archive/RetinalOCT_Dataset/RetinalOCT_Dataset/test/NORMAL/normal_test_1159.jpg,0,512x512
test,NORMAL,/media/miglab/DATA_20TB1/OCT/archive/RetinalOCT_Dataset/RetinalOCT_Dataset/test/NORMAL/normal_test_1342.jpg,0,512x512
test,NORMAL,/media/miglab/DATA_20TB1/OCT/archive/RetinalOCT_Dataset/RetinalOCT_Dataset/test/NORMAL/normal_test_1085.jpg,0,496x512
test,NORMAL,/media/miglab/DATA_20TB1/OCT/archive/RetinalOCT_Dataset/RetinalOCT_Dataset/test/NORMAL/normal_test_1330.jpg,0,496x512
test,NORMAL,/media/miglab/DATA_20TB1/OCT/archive/RetinalOCT_Dataset/RetinalOCT_Dataset/test/NORMAL/normal_test_1152.jpg,0,496x512
test,NORMAL,/media/miglab/DATA_20TB1/OCT/archive/RetinalOCT_Dataset/RetinalOCT_Dataset/test/NORMAL/normal_test_1260.jpg,0,512x512
test,NORMAL,/media/miglab/DATA_20TB1/OCT/archive/RetinalOCT_Dataset/RetinalOCT_Dataset/test/NORMAL/normal_test_1038.jpg,0,496x512
test,NORMAL,/media/miglab/DATA_20TB1/OCT/archive/RetinalOCT_Dataset/RetinalOCT_Dataset/test/NORMAL/normal_test_1206.jpg,0,496x512
test,NORMAL,/media/miglab/DATA_20TB1/OCT/archive/RetinalOCT_Dataset/RetinalOCT_Dataset/test/NORMAL/normal_test_1043.jpg,0,496x512
test,NORMAL,/media/miglab/DATA_20TB1/OCT/archive/RetinalOCT_Dataset/RetinalOCT_Dataset/test/NORMAL/normal_test_1010.jpg,0,496x512
test,NORMAL,/media/miglab/DATA_20TB1/OCT/archive/RetinalOCT_Dataset/RetinalOCT_Dataset/test/NORMAL/normal_test_1100.jpg,0,496x512
test,NORMAL,/media/miglab/DATA_20TB1/OCT/archive/RetinalOCT_Dataset/RetinalOCT_Dataset/test/NORMAL/normal_test_1228.jpg,0,496x512
test,NORMAL,/media/miglab/DATA_20TB1/OCT/archive/RetinalOCT_Dataset/RetinalOCT_Dataset/test/NORMAL/normal_test_1311.jpg,0,512x512
test,NORMAL,/media/miglab/DATA_20TB1/OCT/archive/RetinalOCT_Dataset/RetinalOCT_Dataset/test/NORMAL/normal_test_1331.jpg,0,496x512
test,NORMAL,/media/miglab/DATA_20TB1/OCT/archive/RetinalOCT_Dataset/RetinalOCT_Dataset/test/NORMAL/normal_test_1214.jpg,0,496x512
test,NORMAL,/media/miglab/DATA_20TB1/OCT/archive/RetinalOCT_Dataset/RetinalOCT_Dataset/test/NORMAL/normal_test_1074.jpg,0,512x512
test,NORMAL,/media/miglab/DATA_20TB1/OCT/archive/RetinalOCT_Dataset/RetinalOCT_Dataset/test/NORMAL/normal_test_1247.jpg,0,512x512
test,NORMAL,/media/miglab/DATA_20TB1/OCT/archive/RetinalOCT_Dataset/RetinalOCT_Dataset/test/NORMAL/normal_test_1170.jpg,0,496x512
test,NORMAL,/media/miglab/DATA_20TB1/OCT/archive/RetinalOCT_Dataset/RetinalOCT_Dataset/test/NORMAL/normal_test_1238.jpg,0,496x512
test,NORMAL,/media/miglab/DATA_20TB1/OCT/archive/RetinalOCT_Dataset/RetinalOCT_Dataset/test/NORMAL/normal_test_1004.jpg,0,512x512
test,NORMAL,/media/miglab/DATA_20TB1/OCT/archive/RetinalOCT_Dataset/RetinalOCT_Dataset/test/NORMAL/normal_test_1026.jpg,0,512x512
test,NORMAL,/media/miglab/DATA_20TB1/OCT/archive/RetinalOCT_Dataset/RetinalOCT_Dataset/test/NORMAL/normal_test_1169.jpg,0,496x768
test,NORMAL,/media/miglab/DATA_20TB1/OCT/archive/RetinalOCT_Dataset/RetinalOCT_Dataset/test/NORMAL/normal_test_1083.jpg,0,512x512
test,NORMAL,/media/miglab/DATA_20TB1/OCT/archive/RetinalOCT_Dataset/RetinalOCT_Dataset/test/NORMAL/normal_test_1022.jpg,0,512x512
test,NORMAL,/media/miglab/DATA_20TB1/OCT/archive/RetinalOCT_Dataset/RetinalOCT_Dataset/test/NORMAL/normal_test_1200.jpg,0,512x512
test,NORMAL,/media/miglab/DATA_20TB1/OCT/archive/RetinalOCT_Dataset/RetinalOCT_Dataset/test/NORMAL/normal_test_1001.jpg,0,496x512
test,NORMAL,/media/miglab/DATA_20TB1/OCT/archive/RetinalOCT_Dataset/RetinalOCT_Dataset/test/NORMAL/normal_test_1125.jpg,0,496x512
test,NORMAL,/media/miglab/DATA_20TB1/OCT/archive/RetinalOCT_Dataset/RetinalOCT_Dataset/test/NORMAL/normal_test_1347.jpg,0,496x768
test,NORMAL,/media/miglab/DATA_20TB1/OCT/archive/RetinalOCT_Dataset/RetinalOCT_Dataset/test/NORMAL/normal_test_1013.jpg,0,496x512
test,NORMAL,/media/miglab/DATA_20TB1/OCT/archive/RetinalOCT_Dataset/RetinalOCT_Dataset/test/NORMAL/normal_test_1286.jpg,0,496x512
test,NORMAL,/media/miglab/DATA_20TB1/OCT/archive/RetinalOCT_Dataset/RetinalOCT_Dataset/test/NORMAL/normal_test_1009.jpg,0,496x512
test,NORMAL,/media/miglab/DATA_20TB1/OCT/archive/RetinalOCT_Dataset/RetinalOCT_Dataset/test/NORMAL/normal_test_1012.jpg,0,496x512
test,NORMAL,/media/miglab/DATA_20TB1/OCT/archive/RetinalOCT_Dataset/RetinalOCT_Dataset/test/NORMAL/normal_test_1349.jpg,0,496x768
test,NORMAL,/media/miglab/DATA_20TB1/OCT/archive/RetinalOCT_Dataset/RetinalOCT_Dataset/test/NORMAL/normal_test_1268.jpg,0,512x512
test,NORMAL,/media/miglab/DATA_20TB1/OCT/archive/RetinalOCT_Dataset/RetinalOCT_Dataset/test/NORMAL/normal_test_1289.jpg,0,496x512
test,NORMAL,/media/miglab/DATA_20TB1/OCT/archive/RetinalOCT_Dataset/RetinalOCT_Dataset/test/NORMAL/normal_test_1166.jpg,0,512x512
test,NORMAL,/media/miglab/DATA_20TB1/OCT/archive/RetinalOCT_Dataset/RetinalOCT_Dataset/test/NORMAL/normal_test_1093.jpg,0,496x512
test,NORMAL,/media/miglab/DATA_20TB1/OCT/archive/RetinalOCT_Dataset/RetinalOCT_Dataset/test/NORMAL/normal_test_1324.jpg,0,496x768
test,NORMAL,/media/miglab/DATA_20TB1/OCT/archive/RetinalOCT_Dataset/RetinalOCT_Dataset/test/NORMAL/normal_test_1094.jpg,0,496x768
test,NORMAL,/media/miglab/DATA_20TB1/OCT/archive/RetinalOCT_Dataset/RetinalOCT_Dataset/test/NORMAL/normal_test_1308.jpg,0,496x512
test,NORMAL,/media/miglab/DATA_20TB1/OCT/archive/RetinalOCT_Dataset/RetinalOCT_Dataset/test/NORMAL/normal_test_1002.jpg,0,496x512
test,NORMAL,/media/miglab/DATA_20TB1/OCT/archive/RetinalOCT_Dataset/RetinalOCT_Dataset/test/NORMAL/normal_test_1084.jpg,0,496x768
test,NORMAL,/media/miglab/DATA_20TB1/OCT/archive/RetinalOCT_Dataset/RetinalOCT_Dataset/test/NORMAL/normal_test_1150.jpg,0,512x512
test,NORMAL,/media/miglab/DATA_20TB1/OCT/archive/RetinalOCT_Dataset/RetinalOCT_Dataset/test/NORMAL/normal_test_1145.jpg,0,496x512
test,NORMAL,/media/miglab/DATA_20TB1/OCT/archive/RetinalOCT_Dataset/RetinalOCT_Dataset/test/NORMAL/normal_test_1256.jpg,0,512x512
test,NORMAL,/media/miglab/DATA_20TB1/OCT/archive/RetinalOCT_Dataset/RetinalOCT_Dataset/test/NORMAL/normal_test_1065.jpg,0,512x512
test,NORMAL,/media/miglab/DATA_20TB1/OCT/archive/RetinalOCT_Dataset/RetinalOCT_Dataset/test/NORMAL/normal_test_1304.jpg,0,496x512
test,NORMAL,/media/miglab/DATA_20TB1/OCT/archive/RetinalOCT_Dataset/RetinalOCT_Dataset/test/NORMAL/normal_test_1173.jpg,0,496x512
test,NORMAL,/media/miglab/DATA_20TB1/OCT/archive/RetinalOCT_Dataset/RetinalOCT_Dataset/test/NORMAL/normal_test_1092.jpg,0,496x768
test,NORMAL,/media/miglab/DATA_20TB1/OCT/archive/RetinalOCT_Dataset/RetinalOCT_Dataset/test/NORMAL/normal_test_1273.jpg,0,496x768
test,NORMAL,/media/miglab/DATA_20TB1/OCT/archive/RetinalOCT_Dataset/RetinalOCT_Dataset/test/NORMAL/normal_test_1222.jpg,0,496x512
test,NORMAL,/media/miglab/DATA_20TB1/OCT/archive/RetinalOCT_Dataset/RetinalOCT_Dataset/test/NORMAL/normal_test_1253.jpg,0,496x512
test,NORMAL,/media/miglab/DATA_20TB1/OCT/archive/RetinalOCT_Dataset/RetinalOCT_Dataset/test/NORMAL/normal_test_1058.jpg,0,512x512
test,NORMAL,/media/miglab/DATA_20TB1/OCT/archive/RetinalOCT_Dataset/RetinalOCT_Dataset/test/NORMAL/normal_test_1202.jpg,0,496x512
test,NORMAL,/media/miglab/DATA_20TB1/OCT/archive/RetinalOCT_Dataset/RetinalOCT_Dataset/test/NORMAL/normal_test_1179.jpg,0,496x512
test,NORMAL,/media/miglab/DATA_20TB1/OCT/archive/RetinalOCT_Dataset/RetinalOCT_Dataset/test/NORMAL/normal_test_1298.jpg,0,496x768
test,NORMAL,/media/miglab/DATA_20TB1/OCT/archive/RetinalOCT_Dataset/RetinalOCT_Dataset/test/NORMAL/normal_test_1325.jpg,0,496x768
test,NORMAL,/media/miglab/DATA_20TB1/OCT/archive/RetinalOCT_Dataset/RetinalOCT_Dataset/test/NORMAL/normal_test_1066.jpg,0,512x512
test,NORMAL,/media/miglab/DATA_20TB1/OCT/archive/RetinalOCT_Dataset/RetinalOCT_Dataset/test/NORMAL/normal_test_1313.jpg,0,496x768
test,NORMAL,/media/miglab/DATA_20TB1/OCT/archive/RetinalOCT_Dataset/RetinalOCT_Dataset/test/NORMAL/normal_test_1292.jpg,0,496x512
test,NORMAL,/media/miglab/DATA_20TB1/OCT/archive/RetinalOCT_Dataset/RetinalOCT_Dataset/test/NORMAL/normal_test_1095.jpg,0,496x512
test,NORMAL,/media/miglab/DATA_20TB1/OCT/archive/RetinalOCT_Dataset/RetinalOCT_Dataset/test/NORMAL/normal_test_1030.jpg,0,512x512
test,NORMAL,/media/miglab/DATA_20TB1/OCT/archive/RetinalOCT_Dataset/RetinalOCT_Dataset/test/NORMAL/normal_test_1008.jpg,0,496x768
test,NORMAL,/media/miglab/DATA_20TB1/OCT/archive/RetinalOCT_Dataset/RetinalOCT_Dataset/test/NORMAL/normal_test_1181.jpg,0,496x768
test,NORMAL,/media/miglab/DATA_20TB1/OCT/archive/RetinalOCT_Dataset/RetinalOCT_Dataset/test/NORMAL/normal_test_1088.jpg,0,496x512
test,NORMAL,/media/miglab/DATA_20TB1/OCT/archive/RetinalOCT_Dataset/RetinalOCT_Dataset/test/NORMAL/normal_test_1343.jpg,0,496x512
test,NORMAL,/media/miglab/DATA_20TB1/OCT/archive/RetinalOCT_Dataset/RetinalOCT_Dataset/test/NORMAL/normal_test_1019.jpg,0,512x512
test,NORMAL,/media/miglab/DATA_20TB1/OCT/archive/RetinalOCT_Dataset/RetinalOCT_Dataset/test/NORMAL/normal_test_1140.jpg,0,496x512
test,NORMAL,/media/miglab/DATA_20TB1/OCT/archive/RetinalOCT_Dataset/RetinalOCT_Dataset/test/NORMAL/normal_test_1229.jpg,0,496x768
test,NORMAL,/media/miglab/DATA_20TB1/OCT/archive/RetinalOCT_Dataset/RetinalOCT_Dataset/test/NORMAL/normal_test_1302.jpg,0,496x512
test,NORMAL,/media/miglab/DATA_20TB1/OCT/archive/RetinalOCT_Dataset/RetinalOCT_Dataset/test/NORMAL/normal_test_1269.jpg,0,496x512
test,NORMAL,/media/miglab/DATA_20TB1/OCT/archive/RetinalOCT_Dataset/RetinalOCT_Dataset/test/NORMAL/normal_test_1073.jpg,0,512x512
test,NORMAL,/media/miglab/DATA_20TB1/OCT/archive/RetinalOCT_Dataset/RetinalOCT_Dataset/test/NORMAL/normal_test_1132.jpg,0,496x512
test,NORMAL,/media/miglab/DATA_20TB1/OCT/archive/RetinalOCT_Dataset/RetinalOCT_Dataset/test/NORMAL/normal_test_1147.jpg,0,496x768
test,NORMAL,/media/miglab/DATA_20TB1/OCT/archive/RetinalOCT_Dataset/RetinalOCT_Dataset/test/NORMAL/normal_test_1180.jpg,0,496x512
test,NORMAL,/media/miglab/DATA_20TB1/OCT/archive/RetinalOCT_Dataset/RetinalOCT_Dataset/test/NORMAL/normal_test_1035.jpg,0,512x512
test,NORMAL,/media/miglab/DATA_20TB1/OCT/archive/RetinalOCT_Dataset/RetinalOCT_Dataset/test/NORMAL/normal_test_1067.jpg,0,512x512
test,NORMAL,/media/miglab/DATA_20TB1/OCT/archive/RetinalOCT_Dataset/RetinalOCT_Dataset/test/NORMAL/normal_test_1123.jpg,0,496x768
test,NORMAL,/media/miglab/DATA_20TB1/OCT/archive/RetinalOCT_Dataset/RetinalOCT_Dataset/test/NORMAL/normal_test_1301.jpg,0,496x512
test,NORMAL,/media/miglab/DATA_20TB1/OCT/archive/RetinalOCT_Dataset/RetinalOCT_Dataset/test/NORMAL/normal_test_1069.jpg,0,512x512
test,NORMAL,/media/miglab/DATA_20TB1/OCT/archive/RetinalOCT_Dataset/RetinalOCT_Dataset/test/NORMAL/normal_test_1232.jpg,0,512x512
test,NORMAL,/media/miglab/DATA_20TB1/OCT/archive/RetinalOCT_Dataset/RetinalOCT_Dataset/test/NORMAL/normal_test_1144.jpg,0,496x768
test,NORMAL,/media/miglab/DATA_20TB1/OCT/archive/RetinalOCT_Dataset/RetinalOCT_Dataset/test/NORMAL/normal_test_1151.jpg,0,496x512
test,NORMAL,/media/miglab/DATA_20TB1/OCT/archive/RetinalOCT_Dataset/RetinalOCT_Dataset/test/NORMAL/normal_test_1168.jpg,0,512x512
test,NORMAL,/media/miglab/DATA_20TB1/OCT/archive/RetinalOCT_Dataset/RetinalOCT_Dataset/test/NORMAL/normal_test_1061.jpg,0,496x512
test,NORMAL,/media/miglab/DATA_20TB1/OCT/archive/RetinalOCT_Dataset/RetinalOCT_Dataset/test/NORMAL/normal_test_1205.jpg,0,496x512
test,NORMAL,/media/miglab/DATA_20TB1/OCT/archive/RetinalOCT_Dataset/RetinalOCT_Dataset/test/NORMAL/normal_test_1321.jpg,0,496x512
test,NORMAL,/media/miglab/DATA_20TB1/OCT/archive/RetinalOCT_Dataset/RetinalOCT_Dataset/test/NORMAL/normal_test_1219.jpg,0,512x512
test,NORMAL,/media/miglab/DATA_20TB1/OCT/archive/RetinalOCT_Dataset/RetinalOCT_Dataset/test/NORMAL/normal_test_1059.jpg,0,512x512
test,NORMAL,/media/miglab/DATA_20TB1/OCT/archive/RetinalOCT_Dataset/RetinalOCT_Dataset/test/NORMAL/normal_test_1244.jpg,0,512x512
test,NORMAL,/media/miglab/DATA_20TB1/OCT/archive/RetinalOCT_Dataset/RetinalOCT_Dataset/test/NORMAL/normal_test_1239.jpg,0,496x768
test,NORMAL,/media/miglab/DATA_20TB1/OCT/archive/RetinalOCT_Dataset/RetinalOCT_Dataset/test/NORMAL/normal_test_1295.jpg,0,512x512
test,NORMAL,/media/miglab/DATA_20TB1/OCT/archive/RetinalOCT_Dataset/RetinalOCT_Dataset/test/NORMAL/normal_test_1339.jpg,0,496x768
test,NORMAL,/media/miglab/DATA_20TB1/OCT/archive/RetinalOCT_Dataset/RetinalOCT_Dataset/test/NORMAL/normal_test_1345.jpg,0,512x512
test,NORMAL,/media/miglab/DATA_20TB1/OCT/archive/RetinalOCT_Dataset/RetinalOCT_Dataset/test/NORMAL/normal_test_1194.jpg,0,496x768
test,NORMAL,/media/miglab/DATA_20TB1/OCT/archive/RetinalOCT_Dataset/RetinalOCT_Dataset/test/NORMAL/normal_test_1328.jpg,0,512x512
test,NORMAL,/media/miglab/DATA_20TB1/OCT/archive/RetinalOCT_Dataset/RetinalOCT_Dataset/test/NORMAL/normal_test_1076.jpg,0,512x512
test,NORMAL,/media/miglab/DATA_20TB1/OCT/archive/RetinalOCT_Dataset/RetinalOCT_Dataset/test/NORMAL/normal_test_1281.jpg,0,496x512
test,NORMAL,/media/miglab/DATA_20TB1/OCT/archive/RetinalOCT_Dataset/RetinalOCT_Dataset/test/NORMAL/normal_test_1028.jpg,0,512x512
test,NORMAL,/media/miglab/DATA_20TB1/OCT/archive/RetinalOCT_Dataset/RetinalOCT_Dataset/test/NORMAL/normal_test_1163.jpg,0,512x512
test,NORMAL,/media/miglab/DATA_20TB1/OCT/archive/RetinalOCT_Dataset/RetinalOCT_Dataset/test/NORMAL/normal_test_1116.jpg,0,496x512
test,NORMAL,/media/miglab/DATA_20TB1/OCT/archive/RetinalOCT_Dataset/RetinalOCT_Dataset/test/NORMAL/normal_test_1211.jpg,0,496x768
test,NORMAL,/media/miglab/DATA_20TB1/OCT/archive/RetinalOCT_Dataset/RetinalOCT_Dataset/test/NORMAL/normal_test_1141.jpg,0,496x512
test,NORMAL,/media/miglab/DATA_20TB1/OCT/archive/RetinalOCT_Dataset/RetinalOCT_Dataset/test/NORMAL/normal_test_1153.jpg,0,512x512
test,NORMAL,/media/miglab/DATA_20TB1/OCT/archive/RetinalOCT_Dataset/RetinalOCT_Dataset/test/NORMAL/normal_test_1280.jpg,0,496x512
test,NORMAL,/media/miglab/DATA_20TB1/OCT/archive/RetinalOCT_Dataset/RetinalOCT_Dataset/test/NORMAL/normal_test_1346.jpg,0,496x512
test,NORMAL,/media/miglab/DATA_20TB1/OCT/archive/RetinalOCT_Dataset/RetinalOCT_Dataset/test/NORMAL/normal_test_1203.jpg,0,496x512
test,NORMAL,/media/miglab/DATA_20TB1/OCT/archive/RetinalOCT_Dataset/RetinalOCT_Dataset/test/NORMAL/normal_test_1079.jpg,0,512x512
test,NORMAL,/media/miglab/DATA_20TB1/OCT/archive/RetinalOCT_Dataset/RetinalOCT_Dataset/test/NORMAL/normal_test_1210.jpg,0,496x512
test,NORMAL,/media/miglab/DATA_20TB1/OCT/archive/RetinalOCT_Dataset/RetinalOCT_Dataset/test/NORMAL/normal_test_1208.jpg,0,496x768
test,NORMAL,/media/miglab/DATA_20TB1/OCT/archive/RetinalOCT_Dataset/RetinalOCT_Dataset/test/NORMAL/normal_test_1207.jpg,0,512x512
test,NORMAL,/media/miglab/DATA_20TB1/OCT/archive/RetinalOCT_Dataset/RetinalOCT_Dataset/test/NORMAL/normal_test_1146.jpg,0,496x768
test,NORMAL,/media/miglab/DATA_20TB1/OCT/archive/RetinalOCT_Dataset/RetinalOCT_Dataset/test/NORMAL/normal_test_1154.jpg,0,512x512
test,NORMAL,/media/miglab/DATA_20TB1/OCT/archive/RetinalOCT_Dataset/RetinalOCT_Dataset/test/NORMAL/normal_test_1184.jpg,0,512x512
test,NORMAL,/media/miglab/DATA_20TB1/OCT/archive/RetinalOCT_Dataset/RetinalOCT_Dataset/test/NORMAL/normal_test_1340.jpg,0,496x512
test,NORMAL,/media/miglab/DATA_20TB1/OCT/archive/RetinalOCT_Dataset/RetinalOCT_Dataset/test/NORMAL/normal_test_1270.jpg,0,496x512
test,NORMAL,/media/miglab/DATA_20TB1/OCT/archive/RetinalOCT_Dataset/RetinalOCT_Dataset/test/NORMAL/normal_test_1251.jpg,0,512x512
test,NORMAL,/media/miglab/DATA_20TB1/OCT/archive/RetinalOCT_Dataset/RetinalOCT_Dataset/test/NORMAL/normal_test_1294.jpg,0,512x512
test,NORMAL,/media/miglab/DATA_20TB1/OCT/archive/RetinalOCT_Dataset/RetinalOCT_Dataset/test/NORMAL/normal_test_1236.jpg,0,496x768
test,NORMAL,/media/miglab/DATA_20TB1/OCT/archive/RetinalOCT_Dataset/RetinalOCT_Dataset/test/NORMAL/normal_test_1336.jpg,0,496x512
test,NORMAL,/media/miglab/DATA_20TB1/OCT/archive/RetinalOCT_Dataset/RetinalOCT_Dataset/test/NORMAL/normal_test_1332.jpg,0,496x512
test,NORMAL,/media/miglab/DATA_20TB1/OCT/archive/RetinalOCT_Dataset/RetinalOCT_Dataset/test/NORMAL/normal_test_1133.jpg,0,496x512
test,NORMAL,/media/miglab/DATA_20TB1/OCT/archive/RetinalOCT_Dataset/RetinalOCT_Dataset/test/NORMAL/normal_test_1041.jpg,0,496x512
test,NORMAL,/media/miglab/DATA_20TB1/OCT/archive/RetinalOCT_Dataset/RetinalOCT_Dataset/test/NORMAL/normal_test_1126.jpg,0,496x512
test,NORMAL,/media/miglab/DATA_20TB1/OCT/archive/RetinalOCT_Dataset/RetinalOCT_Dataset/test/NORMAL/normal_test_1249.jpg,0,496x768
test,NORMAL,/media/miglab/DATA_20TB1/OCT/archive/RetinalOCT_Dataset/RetinalOCT_Dataset/test/NORMAL/normal_test_1011.jpg,0,496x768
test,NORMAL,/media/miglab/DATA_20TB1/OCT/archive/RetinalOCT_Dataset/RetinalOCT_Dataset/test/NORMAL/normal_test_1230.jpg,0,496x512
test,NORMAL,/media/miglab/DATA_20TB1/OCT/archive/RetinalOCT_Dataset/RetinalOCT_Dataset/test/NORMAL/normal_test_1319.jpg,0,496x512
test,NORMAL,/media/miglab/DATA_20TB1/OCT/archive/RetinalOCT_Dataset/RetinalOCT_Dataset/test/NORMAL/normal_test_1089.jpg,0,496x768
test,NORMAL,/media/miglab/DATA_20TB1/OCT/archive/RetinalOCT_Dataset/RetinalOCT_Dataset/test/NORMAL/normal_test_1044.jpg,0,496x512
test,NORMAL,/media/miglab/DATA_20TB1/OCT/archive/RetinalOCT_Dataset/RetinalOCT_Dataset/test/NORMAL/normal_test_1165.jpg,0,512x512
test,NORMAL,/media/miglab/DATA_20TB1/OCT/archive/RetinalOCT_Dataset/RetinalOCT_Dataset/test/NORMAL/normal_test_1016.jpg,0,512x512
test,NORMAL,/media/miglab/DATA_20TB1/OCT/archive/RetinalOCT_Dataset/RetinalOCT_Dataset/test/NORMAL/normal_test_1097.jpg,0,496x512
test,NORMAL,/media/miglab/DATA_20TB1/OCT/archive/RetinalOCT_Dataset/RetinalOCT_Dataset/test/NORMAL/normal_test_1064.jpg,0,512x512
test,NORMAL,/media/miglab/DATA_20TB1/OCT/archive/RetinalOCT_Dataset/RetinalOCT_Dataset/test/NORMAL/normal_test_1283.jpg,0,496x512
test,NORMAL,/media/miglab/DATA_20TB1/OCT/archive/RetinalOCT_Dataset/RetinalOCT_Dataset/test/NORMAL/normal_test_1220.jpg,0,512x512
test,NORMAL,/media/miglab/DATA_20TB1/OCT/archive/RetinalOCT_Dataset/RetinalOCT_Dataset/test/NORMAL/normal_test_1255.jpg,0,496x768
test,NORMAL,/media/miglab/DATA_20TB1/OCT/archive/RetinalOCT_Dataset/RetinalOCT_Dataset/test/NORMAL/normal_test_1263.jpg,0,496x512
test,NORMAL,/media/miglab/DATA_20TB1/OCT/archive/RetinalOCT_Dataset/RetinalOCT_Dataset/test/NORMAL/normal_test_1195.jpg,0,496x768
test,NORMAL,/media/miglab/DATA_20TB1/OCT/archive/RetinalOCT_Dataset/RetinalOCT_Dataset/test/NORMAL/normal_test_1099.jpg,0,496x768
test,NORMAL,/media/miglab/DATA_20TB1/OCT/archive/RetinalOCT_Dataset/RetinalOCT_Dataset/test/NORMAL/normal_test_1037.jpg,0,496x512
test,NORMAL,/media/miglab/DATA_20TB1/OCT/archive/RetinalOCT_Dataset/RetinalOCT_Dataset/test/NORMAL/normal_test_1036.jpg,0,512x512
test,NORMAL,/media/miglab/DATA_20TB1/OCT/archive/RetinalOCT_Dataset/RetinalOCT_Dataset/test/NORMAL/normal_test_1323.jpg,0,496x512
test,NORMAL,/media/miglab/DATA_20TB1/OCT/archive/RetinalOCT_Dataset/RetinalOCT_Dataset/test/NORMAL/normal_test_1279.jpg,0,496x768
test,NORMAL,/media/miglab/DATA_20TB1/OCT/archive/RetinalOCT_Dataset/RetinalOCT_Dataset/test/NORMAL/normal_test_1081.jpg,0,512x512
test,NORMAL,/media/miglab/DATA_20TB1/OCT/archive/RetinalOCT_Dataset/RetinalOCT_Dataset/test/NORMAL/normal_test_1233.jpg,0,496x768
test,NORMAL,/media/miglab/DATA_20TB1/OCT/archive/RetinalOCT_Dataset/RetinalOCT_Dataset/test/NORMAL/normal_test_1174.jpg,0,496x768
test,NORMAL,/media/miglab/DATA_20TB1/OCT/archive/RetinalOCT_Dataset/RetinalOCT_Dataset/test/NORMAL/normal_test_1314.jpg,0,496x768
test,NORMAL,/media/miglab/DATA_20TB1/OCT/archive/RetinalOCT_Dataset/RetinalOCT_Dataset/test/NORMAL/normal_test_1047.jpg,0,512x512
test,NORMAL,/media/miglab/DATA_20TB1/OCT/archive/RetinalOCT_Dataset/RetinalOCT_Dataset/test/NORMAL/normal_test_1241.jpg,0,496x768
test,NORMAL,/media/miglab/DATA_20TB1/OCT/archive/RetinalOCT_Dataset/RetinalOCT_Dataset/test/NORMAL/normal_test_1130.jpg,0,496x768
test,NORMAL,/media/miglab/DATA_20TB1/OCT/archive/RetinalOCT_Dataset/RetinalOCT_Dataset/test/NORMAL/normal_test_1341.jpg,0,496x768
test,NORMAL,/media/miglab/DATA_20TB1/OCT/archive/RetinalOCT_Dataset/RetinalOCT_Dataset/test/NORMAL/normal_test_1216.jpg,0,496x512
test,NORMAL,/media/miglab/DATA_20TB1/OCT/archive/RetinalOCT_Dataset/RetinalOCT_Dataset/test/NORMAL/normal_test_1296.jpg,0,512x512
test,NORMAL,/media/miglab/DATA_20TB1/OCT/archive/RetinalOCT_Dataset/RetinalOCT_Dataset/test/NORMAL/normal_test_1185.jpg,0,512x512
test,NORMAL,/media/miglab/DATA_20TB1/OCT/archive/RetinalOCT_Dataset/RetinalOCT_Dataset/test/NORMAL/normal_test_1134.jpg,0,496x768
test,NORMAL,/media/miglab/DATA_20TB1/OCT/archive/RetinalOCT_Dataset/RetinalOCT_Dataset/test/NORMAL/normal_test_1183.jpg,0,496x512
test,NORMAL,/media/miglab/DATA_20TB1/OCT/archive/RetinalOCT_Dataset/RetinalOCT_Dataset/test/NORMAL/normal_test_1032.jpg,0,512x512
test,NORMAL,/media/miglab/DATA_20TB1/OCT/archive/RetinalOCT_Dataset/RetinalOCT_Dataset/test/NORMAL/normal_test_1248.jpg,0,512x512
test,NORMAL,/media/miglab/DATA_20TB1/OCT/archive/RetinalOCT_Dataset/RetinalOCT_Dataset/test/NORMAL/normal_test_1234.jpg,0,496x512
test,NORMAL,/media/miglab/DATA_20TB1/OCT/archive/RetinalOCT_Dataset/RetinalOCT_Dataset/test/NORMAL/normal_test_1259.jpg,0,496x512
test,NORMAL,/media/miglab/DATA_20TB1/OCT/archive/RetinalOCT_Dataset/RetinalOCT_Dataset/test/NORMAL/normal_test_1191.jpg,0,496x768
test,NORMAL,/media/miglab/DATA_20TB1/OCT/archive/RetinalOCT_Dataset/RetinalOCT_Dataset/test/NORMAL/normal_test_1007.jpg,0,496x512
test,NORMAL,/media/miglab/DATA_20TB1/OCT/archive/RetinalOCT_Dataset/RetinalOCT_Dataset/test/NORMAL/normal_test_1186.jpg,0,496x768
test,NORMAL,/media/miglab/DATA_20TB1/OCT/archive/RetinalOCT_Dataset/RetinalOCT_Dataset/test/NORMAL/normal_test_1227.jpg,0,496x768
test,NORMAL,/media/miglab/DATA_20TB1/OCT/archive/RetinalOCT_Dataset/RetinalOCT_Dataset/test/NORMAL/normal_test_1213.jpg,0,496x512
test,NORMAL,/media/miglab/DATA_20TB1/OCT/archive/RetinalOCT_Dataset/RetinalOCT_Dataset/test/NORMAL/normal_test_1062.jpg,0,512x512
test,NORMAL,/media/miglab/DATA_20TB1/OCT/archive/RetinalOCT_Dataset/RetinalOCT_Dataset/test/NORMAL/normal_test_1040.jpg,0,512x512
test,NORMAL,/media/miglab/DATA_20TB1/OCT/archive/RetinalOCT_Dataset/RetinalOCT_Dataset/test/NORMAL/normal_test_1305.jpg,0,496x512
test,NORMAL,/media/miglab/DATA_20TB1/OCT/archive/RetinalOCT_Dataset/RetinalOCT_Dataset/test/NORMAL/normal_test_1034.jpg,0,512x512
test,NORMAL,/media/miglab/DATA_20TB1/OCT/archive/RetinalOCT_Dataset/RetinalOCT_Dataset/test/NORMAL/normal_test_1160.jpg,0,512x512
test,NORMAL,/media/miglab/DATA_20TB1/OCT/archive/RetinalOCT_Dataset/RetinalOCT_Dataset/test/NORMAL/normal_test_1143.jpg,0,496x512
test,NORMAL,/media/miglab/DATA_20TB1/OCT/archive/RetinalOCT_Dataset/RetinalOCT_Dataset/test/NORMAL/normal_test_1090.jpg,0,496x768
test,NORMAL,/media/miglab/DATA_20TB1/OCT/archive/RetinalOCT_Dataset/RetinalOCT_Dataset/test/NORMAL/normal_test_1291.jpg,0,496x768
test,NORMAL,/media/miglab/DATA_20TB1/OCT/archive/RetinalOCT_Dataset/RetinalOCT_Dataset/test/NORMAL/normal_test_1057.jpg,0,496x512
test,NORMAL,/media/miglab/DATA_20TB1/OCT/archive/RetinalOCT_Dataset/RetinalOCT_Dataset/test/NORMAL/normal_test_1282.jpg,0,496x512
test,NORMAL,/media/miglab/DATA_20TB1/OCT/archive/RetinalOCT_Dataset/RetinalOCT_Dataset/test/NORMAL/normal_test_1254.jpg,0,496x512
test,NORMAL,/media/miglab/DATA_20TB1/OCT/archive/RetinalOCT_Dataset/RetinalOCT_Dataset/test/NORMAL/normal_test_1117.jpg,0,496x512
test,NORMAL,/media/miglab/DATA_20TB1/OCT/archive/RetinalOCT_Dataset/RetinalOCT_Dataset/test/NORMAL/normal_test_1334.jpg,0,496x512
test,NORMAL,/media/miglab/DATA_20TB1/OCT/archive/RetinalOCT_Dataset/RetinalOCT_Dataset/test/NORMAL/normal_test_1015.jpg,0,496x512
test,NORMAL,/media/miglab/DATA_20TB1/OCT/archive/RetinalOCT_Dataset/RetinalOCT_Dataset/test/NORMAL/normal_test_1246.jpg,0,512x512
test,NORMAL,/media/miglab/DATA_20TB1/OCT/archive/RetinalOCT_Dataset/RetinalOCT_Dataset/test/NORMAL/normal_test_1290.jpg,0,512x512
test,NORMAL,/media/miglab/DATA_20TB1/OCT/archive/RetinalOCT_Dataset/RetinalOCT_Dataset/test/NORMAL/normal_test_1218.jpg,0,496x768
test,NORMAL,/media/miglab/DATA_20TB1/OCT/archive/RetinalOCT_Dataset/RetinalOCT_Dataset/test/NORMAL/normal_test_1201.jpg,0,496x768
test,NORMAL,/media/miglab/DATA_20TB1/OCT/archive/RetinalOCT_Dataset/RetinalOCT_Dataset/test/NORMAL/normal_test_1078.jpg,0,496x512
test,NORMAL,/media/miglab/DATA_20TB1/OCT/archive/RetinalOCT_Dataset/RetinalOCT_Dataset/test/NORMAL/normal_test_1024.jpg,0,512x512
test,NORMAL,/media/miglab/DATA_20TB1/OCT/archive/RetinalOCT_Dataset/RetinalOCT_Dataset/test/NORMAL/normal_test_1226.jpg,0,496x768
test,NORMAL,/media/miglab/DATA_20TB1/OCT/archive/RetinalOCT_Dataset/RetinalOCT_Dataset/test/NORMAL/normal_test_1162.jpg,0,512x512
test,NORMAL,/media/miglab/DATA_20TB1/OCT/archive/RetinalOCT_Dataset/RetinalOCT_Dataset/test/NORMAL/normal_test_1287.jpg,0,496x512
test,NORMAL,/media/miglab/DATA_20TB1/OCT/archive/RetinalOCT_Dataset/RetinalOCT_Dataset/test/NORMAL/normal_test_1101.jpg,0,496x512
test,NORMAL,/media/miglab/DATA_20TB1/OCT/archive/RetinalOCT_Dataset/RetinalOCT_Dataset/test/NORMAL/normal_test_1113.jpg,0,496x512
test,NORMAL,/media/miglab/DATA_20TB1/OCT/archive/RetinalOCT_Dataset/RetinalOCT_Dataset/test/NORMAL/normal_test_1221.jpg,0,496x512
test,NORMAL,/media/miglab/DATA_20TB1/OCT/archive/RetinalOCT_Dataset/RetinalOCT_Dataset/test/NORMAL/normal_test_1131.jpg,0,496x512
test,NORMAL,/media/miglab/DATA_20TB1/OCT/archive/RetinalOCT_Dataset/RetinalOCT_Dataset/test/NORMAL/normal_test_1182.jpg,0,496x768
test,NORMAL,/media/miglab/DATA_20TB1/OCT/archive/RetinalOCT_Dataset/RetinalOCT_Dataset/test/NORMAL/normal_test_1306.jpg,0,496x512
test,NORMAL,/media/miglab/DATA_20TB1/OCT/archive/RetinalOCT_Dataset/RetinalOCT_Dataset/test/NORMAL/normal_test_1303.jpg,0,496x768
test,NORMAL,/media/miglab/DATA_20TB1/OCT/archive/RetinalOCT_Dataset/RetinalOCT_Dataset/test/NORMAL/normal_test_1039.jpg,0,496x768
test,NORMAL,/media/miglab/DATA_20TB1/OCT/archive/RetinalOCT_Dataset/RetinalOCT_Dataset/test/NORMAL/normal_test_1111.jpg,0,496x512
test,NORMAL,/media/miglab/DATA_20TB1/OCT/archive/RetinalOCT_Dataset/RetinalOCT_Dataset/test/NORMAL/normal_test_1082.jpg,0,496x768
test,NORMAL,/media/miglab/DATA_20TB1/OCT/archive/RetinalOCT_Dataset/RetinalOCT_Dataset/test/NORMAL/normal_test_1172.jpg,0,496x512
test,NORMAL,/media/miglab/DATA_20TB1/OCT/archive/RetinalOCT_Dataset/RetinalOCT_Dataset/test/NORMAL/normal_test_1006.jpg,0,496x512
test,NORMAL,/media/miglab/DATA_20TB1/OCT/archive/RetinalOCT_Dataset/RetinalOCT_Dataset/test/NORMAL/normal_test_1148.jpg,0,496x768
test,NORMAL,/media/miglab/DATA_20TB1/OCT/archive/RetinalOCT_Dataset/RetinalOCT_Dataset/test/NORMAL/normal_test_1017.jpg,0,512x512
test,NORMAL,/media/miglab/DATA_20TB1/OCT/archive/RetinalOCT_Dataset/RetinalOCT_Dataset/test/NORMAL/normal_test_1068.jpg,0,512x512
test,NORMAL,/media/miglab/DATA_20TB1/OCT/archive/RetinalOCT_Dataset/RetinalOCT_Dataset/test/NORMAL/normal_test_1199.jpg,0,496x512
test,NORMAL,/media/miglab/DATA_20TB1/OCT/archive/RetinalOCT_Dataset/RetinalOCT_Dataset/test/NORMAL/normal_test_1054.jpg,0,496x768
test,NORMAL,/media/miglab/DATA_20TB1/OCT/archive/RetinalOCT_Dataset/RetinalOCT_Dataset/test/NORMAL/normal_test_1337.jpg,0,496x512
test,NORMAL,/media/miglab/DATA_20TB1/OCT/archive/RetinalOCT_Dataset/RetinalOCT_Dataset/test/NORMAL/normal_test_1277.jpg,0,496x768
test,NORMAL,/media/miglab/DATA_20TB1/OCT/archive/RetinalOCT_Dataset/RetinalOCT_Dataset/test/NORMAL/normal_test_1316.jpg,0,496x512
test,NORMAL,/media/miglab/DATA_20TB1/OCT/archive/RetinalOCT_Dataset/RetinalOCT_Dataset/test/NORMAL/normal_test_1167.jpg,0,512x512
test,NORMAL,/media/miglab/DATA_20TB1/OCT/archive/RetinalOCT_Dataset/RetinalOCT_Dataset/test/NORMAL/normal_test_1265.jpg,0,496x512
test,NORMAL,/media/miglab/DATA_20TB1/OCT/archive/RetinalOCT_Dataset/RetinalOCT_Dataset/test/NORMAL/normal_test_1338.jpg,0,496x768
test,NORMAL,/media/miglab/DATA_20TB1/OCT/archive/RetinalOCT_Dataset/RetinalOCT_Dataset/test/NORMAL/normal_test_1072.jpg,0,512x512
test,NORMAL,/media/miglab/DATA_20TB1/OCT/archive/RetinalOCT_Dataset/RetinalOCT_Dataset/test/NORMAL/normal_test_1171.jpg,0,496x512
test,NORMAL,/media/miglab/DATA_20TB1/OCT/archive/RetinalOCT_Dataset/RetinalOCT_Dataset/test/NORMAL/normal_test_1276.jpg,0,496x768
test,NORMAL,/media/miglab/DATA_20TB1/OCT/archive/RetinalOCT_Dataset/RetinalOCT_Dataset/test/NORMAL/normal_test_1178.jpg,0,496x512
test,NORMAL,/media/miglab/DATA_20TB1/OCT/archive/RetinalOCT_Dataset/RetinalOCT_Dataset/test/NORMAL/normal_test_1196.jpg,0,496x512
test,NORMAL,/media/miglab/DATA_20TB1/OCT/archive/RetinalOCT_Dataset/RetinalOCT_Dataset/test/NORMAL/normal_test_1318.jpg,0,496x768
test,NORMAL,/media/miglab/DATA_20TB1/OCT/archive/RetinalOCT_Dataset/RetinalOCT_Dataset/test/NORMAL/normal_test_1293.jpg,0,512x512
test,NORMAL,/media/miglab/DATA_20TB1/OCT/archive/RetinalOCT_Dataset/RetinalOCT_Dataset/test/NORMAL/normal_test_1033.jpg,0,512x512
test,NORMAL,/media/miglab/DATA_20TB1/OCT/archive/RetinalOCT_Dataset/RetinalOCT_Dataset/test/NORMAL/normal_test_1245.jpg,0,512x512
test,NORMAL,/media/miglab/DATA_20TB1/OCT/archive/RetinalOCT_Dataset/RetinalOCT_Dataset/test/NORMAL/normal_test_1156.jpg,0,512x512
test,NORMAL,/media/miglab/DATA_20TB1/OCT/archive/RetinalOCT_Dataset/RetinalOCT_Dataset/test/NORMAL/normal_test_1190.jpg,0,496x512
test,NORMAL,/media/miglab/DATA_20TB1/OCT/archive/RetinalOCT_Dataset/RetinalOCT_Dataset/test/NORMAL/normal_test_1023.jpg,0,496x512
test,NORMAL,/media/miglab/DATA_20TB1/OCT/archive/RetinalOCT_Dataset/RetinalOCT_Dataset/test/NORMAL/normal_test_1158.jpg,0,512x512
test,NORMAL,/media/miglab/DATA_20TB1/OCT/archive/RetinalOCT_Dataset/RetinalOCT_Dataset/test/NORMAL/normal_test_1142.jpg,0,496x512
test,NORMAL,/media/miglab/DATA_20TB1/OCT/archive/RetinalOCT_Dataset/RetinalOCT_Dataset/test/NORMAL/normal_test_1231.jpg,0,512x512
test,NORMAL,/media/miglab/DATA_20TB1/OCT/archive/RetinalOCT_Dataset/RetinalOCT_Dataset/test/NORMAL/normal_test_1175.jpg,0,496x512
test,NORMAL,/media/miglab/DATA_20TB1/OCT/archive/RetinalOCT_Dataset/RetinalOCT_Dataset/test/NORMAL/normal_test_1284.jpg,0,496x512
test,NORMAL,/media/miglab/DATA_20TB1/OCT/archive/RetinalOCT_Dataset/RetinalOCT_Dataset/test/NORMAL/normal_test_1098.jpg,0,496x512
test,NORMAL,/media/miglab/DATA_20TB1/OCT/archive/RetinalOCT_Dataset/RetinalOCT_Dataset/test/NORMAL/normal_test_1261.jpg,0,512x512
test,NORMAL,/media/miglab/DATA_20TB1/OCT/archive/RetinalOCT_Dataset/RetinalOCT_Dataset/test/NORMAL/normal_test_1187.jpg,0,496x768
test,NORMAL,/media/miglab/DATA_20TB1/OCT/archive/RetinalOCT_Dataset/RetinalOCT_Dataset/test/NORMAL/normal_test_1335.jpg,0,496x512
test,NORMAL,/media/miglab/DATA_20TB1/OCT/archive/RetinalOCT_Dataset/RetinalOCT_Dataset/test/NORMAL/normal_test_1252.jpg,0,512x512
test,NORMAL,/media/miglab/DATA_20TB1/OCT/archive/RetinalOCT_Dataset/RetinalOCT_Dataset/test/NORMAL/normal_test_1046.jpg,0,496x768
test,NORMAL,/media/miglab/DATA_20TB1/OCT/archive/RetinalOCT_Dataset/RetinalOCT_Dataset/test/NORMAL/normal_test_1129.jpg,0,496x512
test,NORMAL,/media/miglab/DATA_20TB1/OCT/archive/RetinalOCT_Dataset/RetinalOCT_Dataset/test/NORMAL/normal_test_1091.jpg,0,496x512
test,NORMAL,/media/miglab/DATA_20TB1/OCT/archive/RetinalOCT_Dataset/RetinalOCT_Dataset/test/NORMAL/normal_test_1350.jpg,0,496x768
test,NORMAL,/media/miglab/DATA_20TB1/OCT/archive/RetinalOCT_Dataset/RetinalOCT_Dataset/test/NORMAL/normal_test_1149.jpg,0,496x512
test,NORMAL,/media/miglab/DATA_20TB1/OCT/archive/RetinalOCT_Dataset/RetinalOCT_Dataset/test/NORMAL/normal_test_1278.jpg,0,496x512
test,NORMAL,/media/miglab/DATA_20TB1/OCT/archive/RetinalOCT_Dataset/RetinalOCT_Dataset/test/NORMAL/normal_test_1224.jpg,0,496x512
test,NORMAL,/media/miglab/DATA_20TB1/OCT/archive/RetinalOCT_Dataset/RetinalOCT_Dataset/test/NORMAL/normal_test_1307.jpg,0,496x512
test,NORMAL,/media/miglab/DATA_20TB1/OCT/archive/RetinalOCT_Dataset/RetinalOCT_Dataset/test/NORMAL/normal_test_1258.jpg,0,496x512
test,NORMAL,/media/miglab/DATA_20TB1/OCT/archive/RetinalOCT_Dataset/RetinalOCT_Dataset/test/NORMAL/normal_test_1049.jpg,0,496x768
test,NORMAL,/media/miglab/DATA_20TB1/OCT/archive/RetinalOCT_Dataset/RetinalOCT_Dataset/test/NORMAL/normal_test_1266.jpg,0,496x512
test,NORMAL,/media/miglab/DATA_20TB1/OCT/archive/RetinalOCT_Dataset/RetinalOCT_Dataset/test/NORMAL/normal_test_1223.jpg,0,496x512
test,NORMAL,/media/miglab/DATA_20TB1/OCT/archive/RetinalOCT_Dataset/RetinalOCT_Dataset/test/NORMAL/normal_test_1096.jpg,0,512x512
test,NORMAL,/media/miglab/DATA_20TB1/OCT/archive/RetinalOCT_Dataset/RetinalOCT_Dataset/test/NORMAL/normal_test_1106.jpg,0,496x512
test,NORMAL,/media/miglab/DATA_20TB1/OCT/archive/RetinalOCT_Dataset/RetinalOCT_Dataset/test/NORMAL/normal_test_1071.jpg,0,512x512
test,NORMAL,/media/miglab/DATA_20TB1/OCT/archive/RetinalOCT_Dataset/RetinalOCT_Dataset/test/NORMAL/normal_test_1014.jpg,0,496x768
test,NORMAL,/media/miglab/DATA_20TB1/OCT/archive/RetinalOCT_Dataset/RetinalOCT_Dataset/test/NORMAL/normal_test_1161.jpg,0,512x512
test,NORMAL,/media/miglab/DATA_20TB1/OCT/archive/RetinalOCT_Dataset/RetinalOCT_Dataset/test/NORMAL/normal_test_1329.jpg,0,496x512
test,NORMAL,/media/miglab/DATA_20TB1/OCT/archive/RetinalOCT_Dataset/RetinalOCT_Dataset/test/NORMAL/normal_test_1021.jpg,0,496x768
test,NORMAL,/media/miglab/DATA_20TB1/OCT/archive/RetinalOCT_Dataset/RetinalOCT_Dataset/test/NORMAL/normal_test_1128.jpg,0,496x512
test,NORMAL,/media/miglab/DATA_20TB1/OCT/archive/RetinalOCT_Dataset/RetinalOCT_Dataset/test/NORMAL/normal_test_1139.jpg,0,496x512
test,NORMAL,/media/miglab/DATA_20TB1/OCT/archive/RetinalOCT_Dataset/RetinalOCT_Dataset/test/NORMAL/normal_test_1060.jpg,0,512x512
test,NORMAL,/media/miglab/DATA_20TB1/OCT/archive/RetinalOCT_Dataset/RetinalOCT_Dataset/test/NORMAL/normal_test_1164.jpg,0,512x512
test,NORMAL,/media/miglab/DATA_20TB1/OCT/archive/RetinalOCT_Dataset/RetinalOCT_Dataset/test/NORMAL/normal_test_1122.jpg,0,496x512
test,NORMAL,/media/miglab/DATA_20TB1/OCT/archive/RetinalOCT_Dataset/RetinalOCT_Dataset/test/NORMAL/normal_test_1243.jpg,0,512x512
test,NORMAL,/media/miglab/DATA_20TB1/OCT/archive/RetinalOCT_Dataset/RetinalOCT_Dataset/test/NORMAL/normal_test_1005.jpg,0,496x768
test,NORMAL,/media/miglab/DATA_20TB1/OCT/archive/RetinalOCT_Dataset/RetinalOCT_Dataset/test/NORMAL/normal_test_1217.jpg,0,496x768
test,NORMAL,/media/miglab/DATA_20TB1/OCT/archive/RetinalOCT_Dataset/RetinalOCT_Dataset/test/NORMAL/normal_test_1080.jpg,0,496x512
test,NORMAL,/media/miglab/DATA_20TB1/OCT/archive/RetinalOCT_Dataset/RetinalOCT_Dataset/test/NORMAL/normal_test_1315.jpg,0,496x768
test,NORMAL,/media/miglab/DATA_20TB1/OCT/archive/RetinalOCT_Dataset/RetinalOCT_Dataset/test/NORMAL/normal_test_1215.jpg,0,496x512
test,NORMAL,/media/miglab/DATA_20TB1/OCT/archive/RetinalOCT_Dataset/RetinalOCT_Dataset/test/NORMAL/normal_test_1086.jpg,0,496x512
test,NORMAL,/media/miglab/DATA_20TB1/OCT/archive/RetinalOCT_Dataset/RetinalOCT_Dataset/test/NORMAL/normal_test_1326.jpg,0,496x768
test,NORMAL,/media/miglab/DATA_20TB1/OCT/archive/RetinalOCT_Dataset/RetinalOCT_Dataset/test/NORMAL/normal_test_1197.jpg,0,496x512
test,NORMAL,/media/miglab/DATA_20TB1/OCT/archive/RetinalOCT_Dataset/RetinalOCT_Dataset/test/NORMAL/normal_test_1127.jpg,0,496x768
test,NORMAL,/media/miglab/DATA_20TB1/OCT/archive/RetinalOCT_Dataset/RetinalOCT_Dataset/test/NORMAL/normal_test_1020.jpg,0,512x512
test,NORMAL,/media/miglab/DATA_20TB1/OCT/archive/RetinalOCT_Dataset/RetinalOCT_Dataset/test/NORMAL/normal_test_1045.jpg,0,496x512
test,NORMAL,/media/miglab/DATA_20TB1/OCT/archive/RetinalOCT_Dataset/RetinalOCT_Dataset/test/NORMAL/normal_test_1136.jpg,0,496x512
test,NORMAL,/media/miglab/DATA_20TB1/OCT/archive/RetinalOCT_Dataset/RetinalOCT_Dataset/test/NORMAL/normal_test_1250.jpg,0,496x512
test,NORMAL,/media/miglab/DATA_20TB1/OCT/archive/RetinalOCT_Dataset/RetinalOCT_Dataset/test/NORMAL/normal_test_1138.jpg,0,496x512
test,NORMAL,/media/miglab/DATA_20TB1/OCT/archive/RetinalOCT_Dataset/RetinalOCT_Dataset/test/NORMAL/normal_test_1018.jpg,0,496x512
test,NORMAL,/media/miglab/DATA_20TB1/OCT/archive/RetinalOCT_Dataset/RetinalOCT_Dataset/test/NORMAL/normal_test_1235.jpg,0,496x768
test,NORMAL,/media/miglab/DATA_20TB1/OCT/archive/RetinalOCT_Dataset/RetinalOCT_Dataset/test/NORMAL/normal_test_1189.jpg,0,496x768
test,NORMAL,/media/miglab/DATA_20TB1/OCT/archive/RetinalOCT_Dataset/RetinalOCT_Dataset/test/NORMAL/normal_test_1155.jpg,0,512x512
test,NORMAL,/media/miglab/DATA_20TB1/OCT/archive/RetinalOCT_Dataset/RetinalOCT_Dataset/test/NORMAL/normal_test_1025.jpg,0,512x512
test,NORMAL,/media/miglab/DATA_20TB1/OCT/archive/RetinalOCT_Dataset/RetinalOCT_Dataset/test/NORMAL/normal_test_1309.jpg,0,496x512
test,NORMAL,/media/miglab/DATA_20TB1/OCT/archive/RetinalOCT_Dataset/RetinalOCT_Dataset/test/NORMAL/normal_test_1344.jpg,0,496x768
test,NORMAL,/media/miglab/DATA_20TB1/OCT/archive/RetinalOCT_Dataset/RetinalOCT_Dataset/test/NORMAL/normal_test_1115.jpg,0,496x512
test,NORMAL,/media/miglab/DATA_20TB1/OCT/archive/RetinalOCT_Dataset/RetinalOCT_Dataset/test/NORMAL/normal_test_1042.jpg,0,496x768
test,NORMAL,/media/miglab/DATA_20TB1/OCT/archive/RetinalOCT_Dataset/RetinalOCT_Dataset/test/NORMAL/normal_test_1070.jpg,0,512x512
test,NORMAL,/media/miglab/DATA_20TB1/OCT/archive/RetinalOCT_Dataset/RetinalOCT_Dataset/test/NORMAL/normal_test_1109.jpg,0,496x768
test,NORMAL,/media/miglab/DATA_20TB1/OCT/archive/RetinalOCT_Dataset/RetinalOCT_Dataset/test/NORMAL/normal_test_1320.jpg,0,496x512
test,NORMAL,/media/miglab/DATA_20TB1/OCT/archive/RetinalOCT_Dataset/RetinalOCT_Dataset/test/NORMAL/normal_test_1055.jpg,0,496x768
test,NORMAL,/media/miglab/DATA_20TB1/OCT/archive/RetinalOCT_Dataset/RetinalOCT_Dataset/test/NORMAL/normal_test_1103.jpg,0,496x512
test,NORMAL,/media/miglab/DATA_20TB1/OCT/archive/RetinalOCT_Dataset/RetinalOCT_Dataset/test/NORMAL/normal_test_1053.jpg,0,496x512
test,NORMAL,/media/miglab/DATA_20TB1/OCT/archive/RetinalOCT_Dataset/RetinalOCT_Dataset/test/NORMAL/normal_test_1031.jpg,0,512x512
test,NORMAL,/media/miglab/DATA_20TB1/OCT/archive/RetinalOCT_Dataset/RetinalOCT_Dataset/test/NORMAL/normal_test_1317.jpg,0,496x512
test,NORMAL,/media/miglab/DATA_20TB1/OCT/archive/RetinalOCT_Dataset/RetinalOCT_Dataset/test/NORMAL/normal_test_1077.jpg,0,512x512
test,NORMAL,/media/miglab/DATA_20TB1/OCT/archive/RetinalOCT_Dataset/RetinalOCT_Dataset/test/NORMAL/normal_test_1310.jpg,0,496x768
test,NORMAL,/media/miglab/DATA_20TB1/OCT/archive/RetinalOCT_Dataset/RetinalOCT_Dataset/test/NORMAL/normal_test_1333.jpg,0,496x512
test,NORMAL,/media/miglab/DATA_20TB1/OCT/archive/RetinalOCT_Dataset/RetinalOCT_Dataset/test/NORMAL/normal_test_1225.jpg,0,496x768
test,NORMAL,/media/miglab/DATA_20TB1/OCT/archive/RetinalOCT_Dataset/RetinalOCT_Dataset/test/NORMAL/normal_test_1108.jpg,0,496x768
test,NORMAL,/media/miglab/DATA_20TB1/OCT/archive/RetinalOCT_Dataset/RetinalOCT_Dataset/test/NORMAL/normal_test_1052.jpg,0,496x768
test,NORMAL,/media/miglab/DATA_20TB1/OCT/archive/RetinalOCT_Dataset/RetinalOCT_Dataset/test/NORMAL/normal_test_1112.jpg,0,496x512
test,NORMAL,/media/miglab/DATA_20TB1/OCT/archive/RetinalOCT_Dataset/RetinalOCT_Dataset/test/NORMAL/normal_test_1063.jpg,0,512x512
test,NORMAL,/media/miglab/DATA_20TB1/OCT/archive/RetinalOCT_Dataset/RetinalOCT_Dataset/test/NORMAL/normal_test_1312.jpg,0,496x512
test,NORMAL,/media/miglab/DATA_20TB1/OCT/archive/RetinalOCT_Dataset/RetinalOCT_Dataset/test/NORMAL/normal_test_1327.jpg,0,496x512
test,NORMAL,/media/miglab/DATA_20TB1/OCT/archive/RetinalOCT_Dataset/RetinalOCT_Dataset/test/NORMAL/normal_test_1240.jpg,0,496x768
test,NORMAL,/media/miglab/DATA_20TB1/OCT/archive/RetinalOCT_Dataset/RetinalOCT_Dataset/test/NORMAL/normal_test_1075.jpg,0,512x512
test,NORMAL,/media/miglab/DATA_20TB1/OCT/archive/RetinalOCT_Dataset/RetinalOCT_Dataset/test/NORMAL/normal_test_1056.jpg,0,496x768
test,NORMAL,/media/miglab/DATA_20TB1/OCT/archive/RetinalOCT_Dataset/RetinalOCT_Dataset/test/NORMAL/normal_test_1193.jpg,0,496x512
test,NORMAL,/media/miglab/DATA_20TB1/OCT/archive/RetinalOCT_Dataset/RetinalOCT_Dataset/test/NORMAL/normal_test_1051.jpg,0,496x768
test,NORMAL,/media/miglab/DATA_20TB1/OCT/archive/RetinalOCT_Dataset/RetinalOCT_Dataset/test/NORMAL/normal_test_1288.jpg,0,496x512
test,NORMAL,/media/miglab/DATA_20TB1/OCT/archive/RetinalOCT_Dataset/RetinalOCT_Dataset/test/NORMAL/normal_test_1029.jpg,0,512x512
test,NORMAL,/media/miglab/DATA_20TB1/OCT/archive/RetinalOCT_Dataset/RetinalOCT_Dataset/test/NORMAL/normal_test_1119.jpg,0,496x768
test,NORMAL,/media/miglab/DATA_20TB1/OCT/archive/RetinalOCT_Dataset/RetinalOCT_Dataset/test/NORMAL/normal_test_1027.jpg,0,512x512
test,NORMAL,/media/miglab/DATA_20TB1/OCT/archive/RetinalOCT_Dataset/RetinalOCT_Dataset/test/NORMAL/normal_test_1297.jpg,0,496x768
test,NORMAL,/media/miglab/DATA_20TB1/OCT/archive/RetinalOCT_Dataset/RetinalOCT_Dataset/test/NORMAL/normal_test_1157.jpg,0,512x512
